name;version OLD;version NEW;URL к репозиторию;alternative;dependency;комментарий;Версия ПО (опросник);Статус
@angular-architects/module-federation;22.0.0;22.0.0;https://www.npmjs.com/package/%40angular-architects%2Fmodule-federation;npm install @angular-architects/module-federation@22.0.0;direct;;;не найден в опроснике
@angular-architects/native-federation;22.1.2;22.1.2;https://www.npmjs.com/package/%40angular-architects%2Fnative-federation;npm install @angular-architects/native-federation@22.1.2;direct;;;не найден в опроснике
@angular-builders/jest;22.0.1;22.0.1;https://www.npmjs.com/package/%40angular-builders%2Fjest;npm install @angular-builders/jest@22.0.1;direct;;;не найден в опроснике
@angular/animations;22.1.6;22.1.6;https://www.npmjs.com/package/%40angular%2Fanimations;npm install @angular/animations@22.1.6;direct;;22.1.4;версия не совпадает
@angular/build;22.1.8;22.1.8;https://www.npmjs.com/package/%40angular%2Fbuild;npm install @angular/build@22.1.8;direct;;;не найден в опроснике
@angular/cdk;22.1.6;22.1.6;https://www.npmjs.com/package/%40angular%2Fcdk;npm install @angular/cdk@22.1.6;direct;;22.1.4;версия не совпадает
@angular/cli;22.1.8;22.1.8;https://www.npmjs.com/package/%40angular%2Fcli;npm install @angular/cli@22.1.8;direct;;22.1.6;версия не совпадает
@angular/common;22.1.6;22.1.6;https://www.npmjs.com/package/%40angular%2Fcommon;npm install @angular/common@22.1.6;direct;;22.1.4;версия не совпадает
@angular/compiler;22.1.6;22.1.6;https://www.npmjs.com/package/%40angular%2Fcompiler;npm install @angular/compiler@22.1.6;direct;;22.1.4;версия не совпадает
@angular/compiler-cli;22.1.6;22.1.6;https://www.npmjs.com/package/%40angular%2Fcompiler-cli;npm install @angular/compiler-cli@22.1.6;direct;;22.1.4;версия не совпадает
@angular/core;22.1.6;22.1.6;https://www.npmjs.com/package/%40angular%2Fcore;npm install @angular/core@22.1.6;direct;;22.1.4;версия не совпадает
@angular/forms;22.1.6;22.1.6;https://www.npmjs.com/package/%40angular%2Fforms;npm install @angular/forms@22.1.6;direct;;22.1.4;версия не совпадает
@angular/localize;22.1.6;22.1.6;https://www.npmjs.com/package/%40angular%2Flocalize;npm install @angular/localize@22.1.6;direct;;22.1.4;версия не совпадает
@angular/material;22.1.6;22.1.6;https://www.npmjs.com/package/%40angular%2Fmaterial;npm install @angular/material@22.1.6;direct;;22.1.4;версия не совпадает
@angular/platform-browser;22.1.6;22.1.6;https://www.npmjs.com/package/%40angular%2Fplatform-browser;npm install @angular/platform-browser@22.1.6;direct;;22.1.4;версия не совпадает
@angular/platform-browser-dynamic;22.1.6;22.1.6;https://www.npmjs.com/package/%40angular%2Fplatform-browser-dynamic;npm install @angular/platform-browser-dynamic@22.1.6;direct;;22.1.4;версия не совпадает
@angular/router;22.1.6;22.1.6;https://www.npmjs.com/package/%40angular%2Frouter;npm install @angular/router@22.1.6;direct;;22.1.4;версия не совпадает
@softarc/native-federation-node;3.5.6;3.5.6;https://www.npmjs.com/package/%40softarc%2Fnative-federation-node;npm install @softarc/native-federation-node@3.5.6;direct;;;не найден в опроснике
angular-eslint;22.5.0;22.5.0;https://www.npmjs.com/package/angular-eslint;npm install angular-eslint@22.5.0;direct;;;не найден в опроснике
es-module-shims;2.8.4;2.8.4;https://www.npmjs.com/package/es-module-shims;npm install es-module-shims@2.8.4;direct;;;не найден в опроснике
eslint;10.10.0;10.10.0;https://www.npmjs.com/package/eslint;npm install eslint@10.10.0;direct;;10.9.1;версия не совпадает
typescript;6.0.3;6.0.3;https://www.npmjs.com/package/typescript;npm install typescript@6.0.3;direct;;7.0.2;версия не совпадает
typescript-eslint;8.70.0;8.70.0;https://www.npmjs.com/package/typescript-eslint;npm install typescript-eslint@8.70.0;direct;;;не найден в опроснике
zone.js;0.16.3;0.16.3;https://www.npmjs.com/package/zone.js;npm install zone.js@0.16.3;direct;;0.16.2;версия не совпадает
@angular-architects/module-federation-runtime;22.0.0;22.0.0;https://www.npmjs.com/package/%40angular-architects%2Fmodule-federation-runtime;npm install @angular-architects/module-federation-runtime@22.0.0;@angular-architects/module-federation;Транзитивная зависимость. Версию менять только через npm update / пересборку lockfile; самостоятельный апгрейд может нарушить peer-зависимости родителя.;;не найден в опроснике
@angular-builders/common;6.0.1;6.0.1;https://www.npmjs.com/package/%40angular-builders%2Fcommon;npm install @angular-builders/common@6.0.1;@angular-builders/jest;Транзитивная зависимость. Версию менять только через npm update / пересборку lockfile; самостоятельный апгрейд может нарушить peer-зависимости родителя.;;не найден в опроснике
@angular-devkit/architect;0.2201.8;0.2201.8;https://www.npmjs.com/package/%40angular-devkit%2Farchitect;npm install @angular-devkit/architect@0.2201.8;@angular-architects/native-federation, @angular-builders/jest, @angular-devkit/build-angular, @angular-devkit/build-webpack, @angular-eslint/builder, @angular/build, @angular/cli;Транзитивная зависимость. Версию менять только через npm update / пересборку lockfile; самостоятельный апгрейд может нарушить peer-зависимости родителя.;0.2201.6;версия не совпадает
@angular-devkit/build-angular;22.1.8;22.1.8;https://www.npmjs.com/package/%40angular-devkit%2Fbuild-angular;npm install @angular-devkit/build-angular@22.1.8;transitive (не определено по lockfile);Транзитивная зависимость. Версию менять только через npm update / пересборку lockfile; самостоятельный апгрейд может нарушить peer-зависимости родителя.;22.1.6;версия не совпадает
@angular-devkit/build-webpack;0.2201.8;0.2201.8;https://www.npmjs.com/package/%40angular-devkit%2Fbuild-webpack;npm install @angular-devkit/build-webpack@0.2201.8;@angular-devkit/build-angular;Транзитивная зависимость. Версию менять только через npm update / пересборку lockfile; самостоятельный апгрейд может нарушить peer-зависимости родителя.;0.2201.6;версия не совпадает
@angular-devkit/core;22.1.8;22.1.8;https://www.npmjs.com/package/%40angular-devkit%2Fcore;npm install @angular-devkit/core@22.1.8;@angular-architects/native-federation, @angular-builders/common, @angular-builders/jest, @angular-devkit/architect, @angular-devkit/build-angular, @angular-devkit/schematics, @angular-eslint/builder, @angular-eslint/schematics, @angular/cli, @schematics/angular, angular-eslint;Транзитивная зависимость. Версию менять только через npm update / пересборку lockfile; самостоятельный апгрейд может нарушить peer-зависимости родителя.;22.1.6;версия не совпадает
@angular-devkit/schematics;22.1.8;22.1.8;https://www.npmjs.com/package/%40angular-devkit%2Fschematics;npm install @angular-devkit/schematics@22.1.8;@angular-architects/native-federation, @angular-builders/common, @angular-builders/jest, @angular-eslint/schematics, @angular/cli, @schematics/angular, angular-eslint;Транзитивная зависимость. Версию менять только через npm update / пересборку lockfile; самостоятельный апгрейд может нарушить peer-зависимости родителя.;22.1.6;версия не совпадает
@angular-eslint/builder;22.5.0;22.5.0;https://www.npmjs.com/package/%40angular-eslint%2Fbuilder;npm install @angular-eslint/builder@22.5.0;angular-eslint;Транзитивная зависимость. Версию менять только через npm update / пересборку lockfile; самостоятельный апгрейд может нарушить peer-зависимости родителя.;22.2.0;версия не совпадает
@angular-eslint/bundled-angular-compiler;22.5.0;22.5.0;https://www.npmjs.com/package/%40angular-eslint%2Fbundled-angular-compiler;npm install @angular-eslint/bundled-angular-compiler@22.5.0;@angular-eslint/eslint-plugin, @angular-eslint/eslint-plugin-template, @angular-eslint/template-parser, @angular-eslint/utils;Транзитивная зависимость. Версию менять только через npm update / пересборку lockfile; самостоятельный апгрейд может нарушить peer-зависимости родителя.;22.2.0;версия не совпадает
@angular-eslint/eslint-plugin;22.5.0;22.5.0;https://www.npmjs.com/package/%40angular-eslint%2Feslint-plugin;npm install @angular-eslint/eslint-plugin@22.5.0;@angular-eslint/schematics, angular-eslint;Транзитивная зависимость. Версию менять только через npm update / пересборку lockfile; самостоятельный апгрейд может нарушить peer-зависимости родителя.;22.2.0;версия не совпадает
@angular-eslint/eslint-plugin-template;22.5.0;22.5.0;https://www.npmjs.com/package/%40angular-eslint%2Feslint-plugin-template;npm install @angular-eslint/eslint-plugin-template@22.5.0;@angular-eslint/schematics, angular-eslint;Транзитивная зависимость. Версию менять только через npm update / пересборку lockfile; самостоятельный апгрейд может нарушить peer-зависимости родителя.;22.2.0;версия не совпадает
@angular-eslint/schematics;22.5.0;22.5.0;https://www.npmjs.com/package/%40angular-eslint%2Fschematics;npm install @angular-eslint/schematics@22.5.0;angular-eslint;Транзитивная зависимость. Версию менять только через npm update / пересборку lockfile; самостоятельный апгрейд может нарушить peer-зависимости родителя.;22.2.0;версия не совпадает
@angular-eslint/template-parser;22.5.0;22.5.0;https://www.npmjs.com/package/%40angular-eslint%2Ftemplate-parser;npm install @angular-eslint/template-parser@22.5.0;angular-eslint;Транзитивная зависимость. Версию менять только через npm update / пересборку lockfile; самостоятельный апгрейд может нарушить peer-зависимости родителя.;22.2.0;версия не совпадает
@angular-eslint/utils;22.5.0;22.5.0;https://www.npmjs.com/package/%40angular-eslint%2Futils;npm install @angular-eslint/utils@22.5.0;@angular-eslint/eslint-plugin, @angular-eslint/eslint-plugin-template;Транзитивная зависимость. Версию менять только через npm update / пересборку lockfile; самостоятельный апгрейд может нарушить peer-зависимости родителя.;22.2.0;версия не совпадает
@asamuzakjp/css-color;6.0.7;6.0.7;https://www.npmjs.com/package/%40asamuzakjp%2Fcss-color;npm install @asamuzakjp/css-color@6.0.7;cssstyle, jsdom;Транзитивная зависимость. Версию менять только через npm update / пересборку lockfile; самостоятельный апгрейд может нарушить peer-зависимости родителя.;;не найден в опроснике
@asamuzakjp/dom-selector;8.3.2;8.3.2;https://www.npmjs.com/package/%40asamuzakjp%2Fdom-selector;npm install @asamuzakjp/dom-selector@8.3.2;jsdom;Транзитивная зависимость. Версию менять только через npm update / пересборку lockfile; самостоятельный апгрейд может нарушить peer-зависимости родителя.;;не найден в опроснике
@babel/compat-data;8.0.5;8.0.5;https://www.npmjs.com/package/%40babel%2Fcompat-data;npm install @babel/compat-data@8.0.5;@babel/helper-compilation-targets, @babel/preset-env;Транзитивная зависимость. Версию менять только через npm update / пересборку lockfile; самостоятельный апгрейд может нарушить peer-зависимости родителя.;8.0.0;версия не совпадает
@babel/helper-compilation-targets;8.0.5;8.0.5;https://www.npmjs.com/package/%40babel%2Fhelper-compilation-targets;npm install @babel/helper-compilation-targets@8.0.5;@babel/core, @babel/helper-define-polyfill-provider, @babel/plugin-transform-classes, @babel/plugin-transform-function-name, @babel/plugin-transform-object-rest-spread, @babel/preset-env;Транзитивная зависимость. Версию менять только через npm update / пересборку lockfile; самостоятельный апгрейд может нарушить peer-зависимости родителя.;8.0.0;версия не совпадает
@babel/helper-create-class-features-plugin;8.0.5;8.0.5;https://www.npmjs.com/package/%40babel%2Fhelper-create-class-features-plugin;npm install @babel/helper-create-class-features-plugin@8.0.5;@babel/plugin-transform-class-properties, @babel/plugin-transform-class-static-block, @babel/plugin-transform-private-methods, @babel/plugin-transform-private-property-in-object;Транзитивная зависимость. Версию менять только через npm update / пересборку lockfile; самостоятельный апгрейд может нарушить peer-зависимости родителя.;8.0.1;версия не совпадает
@babel/helper-create-regexp-features-plugin;8.0.5;8.0.5;https://www.npmjs.com/package/%40babel%2Fhelper-create-regexp-features-plugin;npm install @babel/helper-create-regexp-features-plugin@8.0.5;@babel/plugin-transform-dotall-regex, @babel/plugin-transform-duplicate-named-capturing-groups-regex, @babel/plugin-transform-named-capturing-groups-regex, @babel/plugin-transform-regexp-modifiers, @babel/plugin-transform-unicode-property-regex, @babel/plugin-transform-unicode-regex, @babel/plugin-transform-unicode-sets-regex;Транзитивная зависимость. Версию менять только через npm update / пересборку lockfile; самостоятельный апгрейд может нарушить peer-зависимости родителя.;8.0.1;версия не совпадает
@babel/helper-member-expression-to-functions;8.0.5;8.0.5;https://www.npmjs.com/package/%40babel%2Fhelper-member-expression-to-functions;npm install @babel/helper-member-expression-to-functions@8.0.5;@babel/helper-create-class-features-plugin, @babel/helper-replace-supers;Транзитивная зависимость. Версию менять только через npm update / пересборку lockfile; самостоятельный апгрейд может нарушить peer-зависимости родителя.;8.0.0;версия не совпадает
@babel/helper-module-transforms;8.0.5;8.0.5;https://www.npmjs.com/package/%40babel%2Fhelper-module-transforms;npm install @babel/helper-module-transforms@8.0.5;@babel/core, @babel/plugin-transform-modules-amd, @babel/plugin-transform-modules-commonjs, @babel/plugin-transform-modules-systemjs, @babel/plugin-transform-modules-umd;Транзитивная зависимость. Версию менять только через npm update / пересборку lockfile; самостоятельный апгрейд может нарушить peer-зависимости родителя.;8.0.1;версия не совпадает
@babel/helpers;8.0.5;8.0.5;https://www.npmjs.com/package/%40babel%2Fhelpers;npm install @babel/helpers@8.0.5;@babel/core;Транзитивная зависимость. Версию менять только через npm update / пересборку lockfile; самостоятельный апгрейд может нарушить peer-зависимости родителя.;8.0.0;версия не совпадает
@babel/parser;8.0.5;8.0.5;https://www.npmjs.com/package/%40babel%2Fparser;npm install @babel/parser@8.0.5;@babel/core, @babel/generator, @babel/template, @babel/traverse, @types/babel__core, @types/babel__template, istanbul-lib-instrument;Транзитивная зависимость. Версию менять только через npm update / пересборку lockfile; самостоятельный апгрейд может нарушить peer-зависимости родителя.;8.0.4;версия не совпадает
@babel/plugin-bugfix-safari-rest-destructuring-rhs-array;8.0.5;8.0.5;https://www.npmjs.com/package/%40babel%2Fplugin-bugfix-safari-rest-destructuring-rhs-array;npm install @babel/plugin-bugfix-safari-rest-destructuring-rhs-array@8.0.5;@babel/preset-env;Транзитивная зависимость. Версию менять только через npm update / пересборку lockfile; самостоятельный апгрейд может нарушить peer-зависимости родителя.;8.0.1;версия не совпадает
@babel/plugin-syntax-jsx;7.29.7;7.29.7;https://www.npmjs.com/package/%40babel%2Fplugin-syntax-jsx;npm install @babel/plugin-syntax-jsx@7.29.7;jest-snapshot;Транзитивная зависимость. Версию менять только через npm update / пересборку lockfile; самостоятельный апгрейд может нарушить peer-зависимости родителя.;8.0.1;версия не совпадает
@babel/plugin-syntax-typescript;7.29.7;7.29.7;https://www.npmjs.com/package/%40babel%2Fplugin-syntax-typescript;npm install @babel/plugin-syntax-typescript@7.29.7;jest-snapshot;Транзитивная зависимость. Версию менять только через npm update / пересборку lockfile; самостоятельный апгрейд может нарушить peer-зависимости родителя.;8.0.3;версия не совпадает
@babel/plugin-transform-block-scoping;8.0.5;8.0.5;https://www.npmjs.com/package/%40babel%2Fplugin-transform-block-scoping;npm install @babel/plugin-transform-block-scoping@8.0.5;@babel/preset-env;Транзитивная зависимость. Версию менять только через npm update / пересборку lockfile; самостоятельный апгрейд может нарушить peer-зависимости родителя.;8.0.1;версия не совпадает
@babel/plugin-transform-class-static-block;8.0.5;8.0.5;https://www.npmjs.com/package/%40babel%2Fplugin-transform-class-static-block;npm install @babel/plugin-transform-class-static-block@8.0.5;@babel/preset-env;Транзитивная зависимость. Версию менять только через npm update / пересборку lockfile; самостоятельный апгрейд может нарушить peer-зависимости родителя.;8.0.1;версия не совпадает
@babel/plugin-transform-classes;8.0.5;8.0.5;https://www.npmjs.com/package/%40babel%2Fplugin-transform-classes;npm install @babel/plugin-transform-classes@8.0.5;@babel/preset-env;Транзитивная зависимость. Версию менять только через npm update / пересборку lockfile; самостоятельный апгрейд может нарушить peer-зависимости родителя.;8.0.1;версия не совпадает
@babel/plugin-transform-destructuring;8.0.5;8.0.5;https://www.npmjs.com/package/%40babel%2Fplugin-transform-destructuring;npm install @babel/plugin-transform-destructuring@8.0.5;@babel/plugin-transform-explicit-resource-management, @babel/plugin-transform-object-rest-spread, @babel/preset-env;Транзитивная зависимость. Версию менять только через npm update / пересборку lockfile; самостоятельный апгрейд может нарушить peer-зависимости родителя.;8.0.1;версия не совпадает
@babel/plugin-transform-explicit-resource-management;8.0.5;8.0.5;https://www.npmjs.com/package/%40babel%2Fplugin-transform-explicit-resource-management;npm install @babel/plugin-transform-explicit-resource-management@8.0.5;@babel/preset-env;Транзитивная зависимость. Версию менять только через npm update / пересборку lockfile; самостоятельный апгрейд может нарушить peer-зависимости родителя.;8.0.1;версия не совпадает
@babel/plugin-transform-optional-chaining;8.0.5;8.0.5;https://www.npmjs.com/package/%40babel%2Fplugin-transform-optional-chaining;npm install @babel/plugin-transform-optional-chaining@8.0.5;@babel/plugin-bugfix-v8-spread-parameters-in-optional-chaining, @babel/preset-env;Транзитивная зависимость. Версию менять только через npm update / пересборку lockfile; самостоятельный апгрейд может нарушить peer-зависимости родителя.;8.0.1;версия не совпадает
@babel/plugin-transform-parameters;8.0.5;8.0.5;https://www.npmjs.com/package/%40babel%2Fplugin-transform-parameters;npm install @babel/plugin-transform-parameters@8.0.5;@babel/plugin-transform-object-rest-spread, @babel/preset-env;Транзитивная зависимость. Версию менять только через npm update / пересборку lockfile; самостоятельный апгрейд может нарушить peer-зависимости родителя.;8.0.1;версия не совпадает
@babel/plugin-transform-private-property-in-object;8.0.5;8.0.5;https://www.npmjs.com/package/%40babel%2Fplugin-transform-private-property-in-object;npm install @babel/plugin-transform-private-property-in-object@8.0.5;@babel/preset-env;Транзитивная зависимость. Версию менять только через npm update / пересборку lockfile; самостоятельный апгрейд может нарушить peer-зависимости родителя.;8.0.1;версия не совпадает
@babel/plugin-transform-regenerator;8.0.5;8.0.5;https://www.npmjs.com/package/%40babel%2Fplugin-transform-regenerator;npm install @babel/plugin-transform-regenerator@8.0.5;@babel/preset-env;Транзитивная зависимость. Версию менять только через npm update / пересборку lockfile; самостоятельный апгрейд может нарушить peer-зависимости родителя.;8.0.2;версия не совпадает
@babel/plugin-transform-spread;8.0.5;8.0.5;https://www.npmjs.com/package/%40babel%2Fplugin-transform-spread;npm install @babel/plugin-transform-spread@8.0.5;@babel/preset-env;Транзитивная зависимость. Версию менять только через npm update / пересборку lockfile; самостоятельный апгрейд может нарушить peer-зависимости родителя.;8.0.1;версия не совпадает
@babel/traverse;8.0.5;8.0.5;https://www.npmjs.com/package/%40babel%2Ftraverse;npm install @babel/traverse@8.0.5;@babel/core, @babel/helper-create-class-features-plugin, @babel/helper-member-expression-to-functions, @babel/helper-module-imports, @babel/helper-module-transforms, @babel/helper-remap-async-to-generator, @babel/helper-replace-supers, @babel/helper-skip-transparent-expression-wrappers, @babel/helper-wrap-function, @babel/plugin-transform-async-generator-functions, @babel/plugin-transform-classes;Транзитивная зависимость. Версию менять только через npm update / пересборку lockfile; самостоятельный апгрейд может нарушить peer-зависимости родителя.;8.0.4;версия не совпадает
@babel/types;8.0.5;8.0.5;https://www.npmjs.com/package/%40babel%2Ftypes;npm install @babel/types@8.0.5;@babel/core, @babel/generator, @babel/helper-annotate-as-pure, @babel/helper-member-expression-to-functions, @babel/helper-module-imports, @babel/helper-optimise-call-expression, @babel/helper-skip-transparent-expression-wrappers, @babel/helper-split-export-declaration, @babel/helper-wrap-function, @babel/helpers, @babel/parser, @babel/preset-modules, @babel/template, @babel/traverse, @types/babel__core, @types/babel__generator, @types/babel__template, @types/babel__traverse, jest-snapshot;Транзитивная зависимость. Версию менять только через npm update / пересборку lockfile; самостоятельный апгрейд может нарушить peer-зависимости родителя.;8.0.4;версия не совпадает
@bcoe/v8-coverage;0.2.3;0.2.3;https://www.npmjs.com/package/%40bcoe%2Fv8-coverage;npm install @bcoe/v8-coverage@0.2.3;@jest/reporters;Транзитивная зависимость. Версию менять только через npm update / пересборку lockfile; самостоятельный апгрейд может нарушить peer-зависимости родителя.;1.0.2;версия не совпадает
@bramus/specificity;2.4.2;2.4.2;https://www.npmjs.com/package/%40bramus%2Fspecificity;npm install @bramus/specificity@2.4.2;jsdom;Транзитивная зависимость. Версию менять только через npm update / пересборку lockfile; самостоятельный апгрейд может нарушить peer-зависимости родителя.;;не найден в опроснике
@cacheable/memory;2.2.0;2.2.0;https://www.npmjs.com/package/%40cacheable%2Fmemory;npm install @cacheable/memory@2.2.0;cacheable;Транзитивная зависимость. Версию менять только через npm update / пересборку lockfile; самостоятельный апгрейд может нарушить peer-зависимости родителя.;;не найден в опроснике
@cacheable/utils;2.5.0;2.5.0;https://www.npmjs.com/package/%40cacheable%2Futils;npm install @cacheable/utils@2.5.0;@cacheable/memory, cacheable;Транзитивная зависимость. Версию менять только через npm update / пересборку lockfile; самостоятельный апгрейд может нарушить peer-зависимости родителя.;;не найден в опроснике
@chialab/cjs-to-esm;0.19.2;0.19.2;https://www.npmjs.com/package/%40chialab%2Fcjs-to-esm;npm install @chialab/cjs-to-esm@0.19.2;@chialab/esbuild-plugin-commonjs;Транзитивная зависимость. Версию менять только через npm update / пересборку lockfile; самостоятельный апгрейд может нарушить peer-зависимости родителя.;;не найден в опроснике
@chialab/esbuild-plugin-commonjs;0.19.1;0.19.1;https://www.npmjs.com/package/%40chialab%2Fesbuild-plugin-commonjs;npm install @chialab/esbuild-plugin-commonjs@0.19.1;@angular-architects/native-federation;Транзитивная зависимость. Версию менять только через npm update / пересборку lockfile; самостоятельный апгрейд может нарушить peer-зависимости родителя.;;не найден в опроснике
@chialab/esbuild-rna;0.19.3;0.19.3;https://www.npmjs.com/package/%40chialab%2Fesbuild-rna;npm install @chialab/esbuild-rna@0.19.3;@chialab/esbuild-plugin-commonjs;Транзитивная зависимость. Версию менять только через npm update / пересборку lockfile; самостоятельный апгрейд может нарушить peer-зависимости родителя.;;не найден в опроснике
@chialab/estransform;0.20.1;0.20.1;https://www.npmjs.com/package/%40chialab%2Festransform;npm install @chialab/estransform@0.20.1;@chialab/cjs-to-esm, @chialab/esbuild-rna;Транзитивная зависимость. Версию менять только через npm update / пересборку lockfile; самостоятельный апгрейд может нарушить peer-зависимости родителя.;;не найден в опроснике
@chialab/node-resolve;0.19.1;0.19.1;https://www.npmjs.com/package/%40chialab%2Fnode-resolve;npm install @chialab/node-resolve@0.19.1;@chialab/esbuild-rna;Транзитивная зависимость. Версию менять только через npm update / пересборку lockfile; самостоятельный апгрейд может нарушить peer-зависимости родителя.;;не найден в опроснике
@csstools/color-helpers;6.1.1;6.1.1;https://www.npmjs.com/package/%40csstools%2Fcolor-helpers;npm install @csstools/color-helpers@6.1.1;@csstools/css-color-parser;Транзитивная зависимость. Версию менять только через npm update / пересборку lockfile; самостоятельный апгрейд может нарушить peer-зависимости родителя.;;не найден в опроснике
@csstools/css-calc;3.3.0;3.3.0;https://www.npmjs.com/package/%40csstools%2Fcss-calc;npm install @csstools/css-calc@3.3.0;@asamuzakjp/css-color, @csstools/css-color-parser;Транзитивная зависимость. Версию менять только через npm update / пересборку lockfile; самостоятельный апгрейд может нарушить peer-зависимости родителя.;;не найден в опроснике
@csstools/css-color-parser;4.2.2;4.2.2;https://www.npmjs.com/package/%40csstools%2Fcss-color-parser;npm install @csstools/css-color-parser@4.2.2;@asamuzakjp/css-color;Транзитивная зависимость. Версию менять только через npm update / пересборку lockfile; самостоятельный апгрейд может нарушить peer-зависимости родителя.;;не найден в опроснике
@csstools/css-parser-algorithms;4.0.0;4.0.0;https://www.npmjs.com/package/%40csstools%2Fcss-parser-algorithms;npm install @csstools/css-parser-algorithms@4.0.0;@asamuzakjp/css-color;Транзитивная зависимость. Версию менять только через npm update / пересборку lockfile; самостоятельный апгрейд может нарушить peer-зависимости родителя.;;не найден в опроснике
@csstools/css-syntax-patches-for-csstree;1.1.13;1.1.13;https://www.npmjs.com/package/%40csstools%2Fcss-syntax-patches-for-csstree;npm install @csstools/css-syntax-patches-for-csstree@1.1.13;jsdom;Транзитивная зависимость. Версию менять только через npm update / пересборку lockfile; самостоятельный апгрейд может нарушить peer-зависимости родителя.;;не найден в опроснике
@csstools/css-tokenizer;4.0.0;4.0.0;https://www.npmjs.com/package/%40csstools%2Fcss-tokenizer;npm install @csstools/css-tokenizer@4.0.0;@asamuzakjp/css-color;Транзитивная зависимость. Версию менять только через npm update / пересборку lockfile; самостоятельный апгрейд может нарушить peer-зависимости родителя.;;не найден в опроснике
@emnapi/wasi-threads;1.2.3;1.2.3;https://www.npmjs.com/package/%40emnapi%2Fwasi-threads;npm install @emnapi/wasi-threads@1.2.3;@emnapi/core;Транзитивная зависимость. Версию менять только через npm update / пересборку lockfile; самостоятельный апгрейд может нарушить peer-зависимости родителя.;2.0.1;версия не совпадает
@esbuild/netbsd-arm64;0.28.2;0.28.2;https://www.npmjs.com/package/%40esbuild%2Fnetbsd-arm64;npm install @esbuild/netbsd-arm64@0.28.2;transitive (не определено по lockfile);Транзитивная зависимость. Версию менять только через npm update / пересборку lockfile; самостоятельный апгрейд может нарушить peer-зависимости родителя.;;не найден в опроснике
@esbuild/openbsd-arm64;0.28.2;0.28.2;https://www.npmjs.com/package/%40esbuild%2Fopenbsd-arm64;npm install @esbuild/openbsd-arm64@0.28.2;transitive (не определено по lockfile);Транзитивная зависимость. Версию менять только через npm update / пересборку lockfile; самостоятельный апгрейд может нарушить peer-зависимости родителя.;;не найден в опроснике
@esbuild/openharmony-arm64;0.28.2;0.28.2;https://www.npmjs.com/package/%40esbuild%2Fopenharmony-arm64;npm install @esbuild/openharmony-arm64@0.28.2;transitive (не определено по lockfile);Транзитивная зависимость. Версию менять только через npm update / пересборку lockfile; самостоятельный апгрейд может нарушить peer-зависимости родителя.;;не найден в опроснике
@eslint/plugin-kit;0.7.3;0.7.3;https://www.npmjs.com/package/%40eslint%2Fplugin-kit;npm install @eslint/plugin-kit@0.7.3;eslint;Транзитивная зависимость. Версию менять только через npm update / пересборку lockfile; самостоятельный апгрейд может нарушить peer-зависимости родителя.;0.7.2;версия не совпадает
@exodus/bytes;1.15.1;1.15.1;https://www.npmjs.com/package/%40exodus%2Fbytes;npm install @exodus/bytes@1.15.1;html-encoding-sniffer, jsdom, whatwg-url;Транзитивная зависимость. Версию менять только через npm update / пересборку lockfile; самостоятельный апгрейд может нарушить peer-зависимости родителя.;;не найден в опроснике
@harperfast/extended-iterable;1.0.3;1.0.3;https://www.npmjs.com/package/%40harperfast%2Fextended-iterable;npm install @harperfast/extended-iterable@1.0.3;lmdb;Транзитивная зависимость. Версию менять только через npm update / пересборку lockfile; самостоятельный апгрейд может нарушить peer-зависимости родителя.;;не найден в опроснике
@hono/node-server;2.1.1;2.1.1;https://www.npmjs.com/package/%40hono%2Fnode-server;npm install @hono/node-server@2.1.1;@modelcontextprotocol/sdk;Транзитивная зависимость. Версию менять только через npm update / пересборку lockfile; самостоятельный апгрейд может нарушить peer-зависимости родителя.;;не найден в опроснике
@inquirer/ansi;2.0.8;2.0.8;https://www.npmjs.com/package/%40inquirer%2Fansi;npm install @inquirer/ansi@2.0.8;@inquirer/checkbox, @inquirer/core, @inquirer/password, @inquirer/select;Транзитивная зависимость. Версию менять только через npm update / пересборку lockfile; самостоятельный апгрейд может нарушить peer-зависимости родителя.;;не найден в опроснике
@inquirer/checkbox;5.2.5;5.2.5;https://www.npmjs.com/package/%40inquirer%2Fcheckbox;npm install @inquirer/checkbox@5.2.5;@inquirer/prompts;Транзитивная зависимость. Версию менять только через npm update / пересборку lockfile; самостоятельный апгрейд может нарушить peer-зависимости родителя.;;не найден в опроснике
@inquirer/confirm;6.1.1;6.1.1;https://www.npmjs.com/package/%40inquirer%2Fconfirm;npm install @inquirer/confirm@6.1.1;@angular/build, @inquirer/prompts;Транзитивная зависимость. Версию менять только через npm update / пересборку lockfile; самостоятельный апгрейд может нарушить peer-зависимости родителя.;;не найден в опроснике
@inquirer/core;11.2.1;11.2.1;https://www.npmjs.com/package/%40inquirer%2Fcore;npm install @inquirer/core@11.2.1;@inquirer/checkbox, @inquirer/confirm, @inquirer/editor, @inquirer/expand, @inquirer/input, @inquirer/number, @inquirer/password, @inquirer/rawlist, @inquirer/search, @inquirer/select;Транзитивная зависимость. Версию менять только через npm update / пересборку lockfile; самостоятельный апгрейд может нарушить peer-зависимости родителя.;;не найден в опроснике
@inquirer/editor;5.3.3;5.3.3;https://www.npmjs.com/package/%40inquirer%2Feditor;npm install @inquirer/editor@5.3.3;@inquirer/prompts;Транзитивная зависимость. Версию менять только через npm update / пересборку lockfile; самостоятельный апгрейд может нарушить peer-зависимости родителя.;;не найден в опроснике
@inquirer/expand;5.1.5;5.1.5;https://www.npmjs.com/package/%40inquirer%2Fexpand;npm install @inquirer/expand@5.1.5;@inquirer/prompts;Транзитивная зависимость. Версию менять только через npm update / пересборку lockfile; самостоятельный апгрейд может нарушить peer-зависимости родителя.;;не найден в опроснике
@inquirer/external-editor;3.0.5;3.0.5;https://www.npmjs.com/package/%40inquirer%2Fexternal-editor;npm install @inquirer/external-editor@3.0.5;@inquirer/editor;Транзитивная зависимость. Версию менять только через npm update / пересборку lockfile; самостоятельный апгрейд может нарушить peer-зависимости родителя.;;не найден в опроснике
@inquirer/figures;2.0.9;2.0.9;https://www.npmjs.com/package/%40inquirer%2Ffigures;npm install @inquirer/figures@2.0.9;@inquirer/checkbox, @inquirer/core, @inquirer/search, @inquirer/select;Транзитивная зависимость. Версию менять только через npm update / пересборку lockfile; самостоятельный апгрейд может нарушить peer-зависимости родителя.;;не найден в опроснике
@inquirer/input;5.1.6;5.1.6;https://www.npmjs.com/package/%40inquirer%2Finput;npm install @inquirer/input@5.1.6;@inquirer/prompts;Транзитивная зависимость. Версию менять только через npm update / пересборку lockfile; самостоятельный апгрейд может нарушить peer-зависимости родителя.;;не найден в опроснике
@inquirer/number;4.2.3;4.2.3;https://www.npmjs.com/package/%40inquirer%2Fnumber;npm install @inquirer/number@4.2.3;@inquirer/prompts;Транзитивная зависимость. Версию менять только через npm update / пересборку lockfile; самостоятельный апгрейд может нарушить peer-зависимости родителя.;;не найден в опроснике
@inquirer/password;5.2.2;5.2.2;https://www.npmjs.com/package/%40inquirer%2Fpassword;npm install @inquirer/password@5.2.2;@inquirer/prompts;Транзитивная зависимость. Версию менять только через npm update / пересборку lockfile; самостоятельный апгрейд может нарушить peer-зависимости родителя.;;не найден в опроснике
@inquirer/prompts;8.5.2;8.5.2;https://www.npmjs.com/package/%40inquirer%2Fprompts;npm install @inquirer/prompts@8.5.2;@angular/cli;Транзитивная зависимость. Версию менять только через npm update / пересборку lockfile; самостоятельный апгрейд может нарушить peer-зависимости родителя.;;не найден в опроснике
@inquirer/rawlist;5.3.5;5.3.5;https://www.npmjs.com/package/%40inquirer%2Frawlist;npm install @inquirer/rawlist@5.3.5;@inquirer/prompts;Транзитивная зависимость. Версию менять только через npm update / пересборку lockfile; самостоятельный апгрейд может нарушить peer-зависимости родителя.;;не найден в опроснике
@inquirer/search;4.3.3;4.3.3;https://www.npmjs.com/package/%40inquirer%2Fsearch;npm install @inquirer/search@4.3.3;@inquirer/prompts;Транзитивная зависимость. Версию менять только через npm update / пересборку lockfile; самостоятельный апгрейд может нарушить peer-зависимости родителя.;;не найден в опроснике
@inquirer/select;5.2.5;5.2.5;https://www.npmjs.com/package/%40inquirer%2Fselect;npm install @inquirer/select@5.2.5;@inquirer/prompts;Транзитивная зависимость. Версию менять только через npm update / пересборку lockfile; самостоятельный апгрейд может нарушить peer-зависимости родителя.;;не найден в опроснике
@inquirer/type;4.1.1;4.1.1;https://www.npmjs.com/package/%40inquirer%2Ftype;npm install @inquirer/type@4.1.1;@inquirer/checkbox, @inquirer/confirm, @inquirer/core, @inquirer/editor, @inquirer/expand, @inquirer/input, @inquirer/number, @inquirer/password, @inquirer/rawlist, @inquirer/search, @inquirer/select, @listr2/prompt-adapter-inquirer;Транзитивная зависимость. Версию менять только через npm update / пересборку lockfile; самостоятельный апгрейд может нарушить peer-зависимости родителя.;;не найден в опроснике
@isaacs/cliui;8.0.2;8.0.2;https://www.npmjs.com/package/%40isaacs%2Fcliui;npm install @isaacs/cliui@8.0.2;jackspeak;Транзитивная зависимость. Версию менять только через npm update / пересборку lockfile; самостоятельный апгрейд может нарушить peer-зависимости родителя.;9.0.0;версия не совпадает
@jest/environment-jsdom-abstract;30.5.1;30.5.1;https://www.npmjs.com/package/%40jest%2Fenvironment-jsdom-abstract;npm install @jest/environment-jsdom-abstract@30.5.1;jest-environment-jsdom, jest-preset-angular;Транзитивная зависимость. Версию менять только через npm update / пересборку lockfile; самостоятельный апгрейд может нарушить peer-зависимости родителя.;;не найден в опроснике
@jest/get-type;30.5.0;30.5.0;https://www.npmjs.com/package/%40jest%2Fget-type;npm install @jest/get-type@30.5.0;@jest/expect-utils, expect, jest-config, jest-diff, jest-each, jest-leak-detector, jest-matcher-utils, jest-snapshot, jest-validate;Транзитивная зависимость. Версию менять только через npm update / пересборку lockfile; самостоятельный апгрейд может нарушить peer-зависимости родителя.;;не найден в опроснике
@jest/pattern;30.5.0;30.5.0;https://www.npmjs.com/package/%40jest%2Fpattern;npm install @jest/pattern@30.5.0;@jest/core, @jest/types, jest-config;Транзитивная зависимость. Версию менять только через npm update / пересборку lockfile; самостоятельный апгрейд может нарушить peer-зависимости родителя.;;не найден в опроснике
@jest/react-is-18;18.3.1;18.3.1;https://www.npmjs.com/package/%40jest%2Freact-is-18;npm install @jest/react-is-18@18.3.1;pretty-format;Транзитивная зависимость. Версию менять только через npm update / пересборку lockfile; самостоятельный апгрейд может нарушить peer-зависимости родителя.;;не найден в опроснике
@jest/react-is-19;19.3.0;19.3.0;https://www.npmjs.com/package/%40jest%2Freact-is-19;npm install @jest/react-is-19@19.3.0;pretty-format;Транзитивная зависимость. Версию менять только через npm update / пересборку lockfile; самостоятельный апгрейд может нарушить peer-зависимости родителя.;;не найден в опроснике
@jest/snapshot-utils;30.5.1;30.5.1;https://www.npmjs.com/package/%40jest%2Fsnapshot-utils;npm install @jest/snapshot-utils@30.5.1;jest-snapshot;Транзитивная зависимость. Версию менять только через npm update / пересборку lockfile; самостоятельный апгрейд может нарушить peer-зависимости родителя.;;не найден в опроснике
@jsonjoy.com/base64;1.1.2;1.1.2;https://www.npmjs.com/package/%40jsonjoy.com%2Fbase64;npm install @jsonjoy.com/base64@1.1.2;@jsonjoy.com/json-pack;Транзитивная зависимость. Версию менять только через npm update / пересборку lockfile; самостоятельный апгрейд может нарушить peer-зависимости родителя.;;не найден в опроснике
@jsonjoy.com/buffers;17.67.0;17.67.0;https://www.npmjs.com/package/%40jsonjoy.com%2Fbuffers;npm install @jsonjoy.com/buffers@17.67.0;@jsonjoy.com/fs-snapshot, @jsonjoy.com/json-pack, @jsonjoy.com/util;Транзитивная зависимость. Версию менять только через npm update / пересборку lockfile; самостоятельный апгрейд может нарушить peer-зависимости родителя.;;не найден в опроснике
@jsonjoy.com/codegen;1.0.0;1.0.0;https://www.npmjs.com/package/%40jsonjoy.com%2Fcodegen;npm install @jsonjoy.com/codegen@1.0.0;@jsonjoy.com/json-pack, @jsonjoy.com/json-pointer, @jsonjoy.com/util;Транзитивная зависимость. Версию менять только через npm update / пересборку lockfile; самостоятельный апгрейд может нарушить peer-зависимости родителя.;;не найден в опроснике
@jsonjoy.com/fs-core;4.75.0;4.75.0;https://www.npmjs.com/package/%40jsonjoy.com%2Ffs-core;npm install @jsonjoy.com/fs-core@4.75.0;@jsonjoy.com/fs-fsa, @jsonjoy.com/fs-node, memfs;Транзитивная зависимость. Версию менять только через npm update / пересборку lockfile; самостоятельный апгрейд может нарушить peer-зависимости родителя.;;не найден в опроснике
@jsonjoy.com/fs-fsa;4.75.0;4.75.0;https://www.npmjs.com/package/%40jsonjoy.com%2Ffs-fsa;npm install @jsonjoy.com/fs-fsa@4.75.0;@jsonjoy.com/fs-node-to-fsa, memfs;Транзитивная зависимость. Версию менять только через npm update / пересборку lockfile; самостоятельный апгрейд может нарушить peer-зависимости родителя.;;не найден в опроснике
@jsonjoy.com/fs-node;4.75.0;4.75.0;https://www.npmjs.com/package/%40jsonjoy.com%2Ffs-node;npm install @jsonjoy.com/fs-node@4.75.0;memfs;Транзитивная зависимость. Версию менять только через npm update / пересборку lockfile; самостоятельный апгрейд может нарушить peer-зависимости родителя.;;не найден в опроснике
@jsonjoy.com/fs-node-builtins;4.75.0;4.75.0;https://www.npmjs.com/package/%40jsonjoy.com%2Ffs-node-builtins;npm install @jsonjoy.com/fs-node-builtins@4.75.0;@jsonjoy.com/fs-core, @jsonjoy.com/fs-fsa, @jsonjoy.com/fs-node, @jsonjoy.com/fs-node-to-fsa, @jsonjoy.com/fs-node-utils, memfs;Транзитивная зависимость. Версию менять только через npm update / пересборку lockfile; самостоятельный апгрейд может нарушить peer-зависимости родителя.;;не найден в опроснике
@jsonjoy.com/fs-node-to-fsa;4.75.0;4.75.0;https://www.npmjs.com/package/%40jsonjoy.com%2Ffs-node-to-fsa;npm install @jsonjoy.com/fs-node-to-fsa@4.75.0;memfs;Транзитивная зависимость. Версию менять только через npm update / пересборку lockfile; самостоятельный апгрейд может нарушить peer-зависимости родителя.;;не найден в опроснике
@jsonjoy.com/fs-node-utils;4.75.0;4.75.0;https://www.npmjs.com/package/%40jsonjoy.com%2Ffs-node-utils;npm install @jsonjoy.com/fs-node-utils@4.75.0;@jsonjoy.com/fs-core, @jsonjoy.com/fs-fsa, @jsonjoy.com/fs-node, @jsonjoy.com/fs-node-to-fsa, @jsonjoy.com/fs-print, @jsonjoy.com/fs-snapshot, memfs;Транзитивная зависимость. Версию менять только через npm update / пересборку lockfile; самостоятельный апгрейд может нарушить peer-зависимости родителя.;;не найден в опроснике
@jsonjoy.com/fs-print;4.75.0;4.75.0;https://www.npmjs.com/package/%40jsonjoy.com%2Ffs-print;npm install @jsonjoy.com/fs-print@4.75.0;@jsonjoy.com/fs-node, memfs;Транзитивная зависимость. Версию менять только через npm update / пересборку lockfile; самостоятельный апгрейд может нарушить peer-зависимости родителя.;;не найден в опроснике
@jsonjoy.com/fs-snapshot;4.75.0;4.75.0;https://www.npmjs.com/package/%40jsonjoy.com%2Ffs-snapshot;npm install @jsonjoy.com/fs-snapshot@4.75.0;@jsonjoy.com/fs-node, memfs;Транзитивная зависимость. Версию менять только через npm update / пересборку lockfile; самостоятельный апгрейд может нарушить peer-зависимости родителя.;;не найден в опроснике
@jsonjoy.com/json-pack;1.21.0;1.21.0;https://www.npmjs.com/package/%40jsonjoy.com%2Fjson-pack;npm install @jsonjoy.com/json-pack@1.21.0;@jsonjoy.com/fs-snapshot, memfs;Транзитивная зависимость. Версию менять только через npm update / пересборку lockfile; самостоятельный апгрейд может нарушить peer-зависимости родителя.;;не найден в опроснике
@jsonjoy.com/json-pointer;1.0.2;1.0.2;https://www.npmjs.com/package/%40jsonjoy.com%2Fjson-pointer;npm install @jsonjoy.com/json-pointer@1.0.2;@jsonjoy.com/json-pack;Транзитивная зависимость. Версию менять только через npm update / пересборку lockfile; самостоятельный апгрейд может нарушить peer-зависимости родителя.;;не найден в опроснике
@jsonjoy.com/util;1.9.0;1.9.0;https://www.npmjs.com/package/%40jsonjoy.com%2Futil;npm install @jsonjoy.com/util@1.9.0;@jsonjoy.com/fs-snapshot, @jsonjoy.com/json-pack, @jsonjoy.com/json-pointer, memfs;Транзитивная зависимость. Версию менять только через npm update / пересборку lockfile; самостоятельный апгрейд может нарушить peer-зависимости родителя.;;не найден в опроснике
@keyv/bigmap;1.3.1;1.3.1;https://www.npmjs.com/package/%40keyv%2Fbigmap;npm install @keyv/bigmap@1.3.1;@cacheable/memory;Транзитивная зависимость. Версию менять только через npm update / пересборку lockfile; самостоятельный апгрейд может нарушить peer-зависимости родителя.;;не найден в опроснике
@keyv/serialize;1.1.1;1.1.1;https://www.npmjs.com/package/%40keyv%2Fserialize;npm install @keyv/serialize@1.1.1;keyv;Транзитивная зависимость. Версию менять только через npm update / пересборку lockfile; самостоятельный апгрейд может нарушить peer-зависимости родителя.;;не найден в опроснике
@listr2/prompt-adapter-inquirer;4.2.5;4.2.5;https://www.npmjs.com/package/%40listr2%2Fprompt-adapter-inquirer;npm install @listr2/prompt-adapter-inquirer@4.2.5;@angular/cli;Транзитивная зависимость. Версию менять только через npm update / пересборку lockfile; самостоятельный апгрейд может нарушить peer-зависимости родителя.;;не найден в опроснике
@lmdb/lmdb-darwin-arm64;3.5.6;3.5.6;https://www.npmjs.com/package/%40lmdb%2Flmdb-darwin-arm64;npm install @lmdb/lmdb-darwin-arm64@3.5.6;transitive (не определено по lockfile);Транзитивная зависимость. Версию менять только через npm update / пересборку lockfile; самостоятельный апгрейд может нарушить peer-зависимости родителя.;;не найден в опроснике
@lmdb/lmdb-darwin-x64;3.5.6;3.5.6;https://www.npmjs.com/package/%40lmdb%2Flmdb-darwin-x64;npm install @lmdb/lmdb-darwin-x64@3.5.6;transitive (не определено по lockfile);Транзитивная зависимость. Версию менять только через npm update / пересборку lockfile; самостоятельный апгрейд может нарушить peer-зависимости родителя.;;не найден в опроснике
@lmdb/lmdb-linux-arm;3.5.6;3.5.6;https://www.npmjs.com/package/%40lmdb%2Flmdb-linux-arm;npm install @lmdb/lmdb-linux-arm@3.5.6;transitive (не определено по lockfile);Транзитивная зависимость. Версию менять только через npm update / пересборку lockfile; самостоятельный апгрейд может нарушить peer-зависимости родителя.;;не найден в опроснике
@lmdb/lmdb-linux-arm64;3.5.6;3.5.6;https://www.npmjs.com/package/%40lmdb%2Flmdb-linux-arm64;npm install @lmdb/lmdb-linux-arm64@3.5.6;transitive (не определено по lockfile);Транзитивная зависимость. Версию менять только через npm update / пересборку lockfile; самостоятельный апгрейд может нарушить peer-зависимости родителя.;;не найден в опроснике
@lmdb/lmdb-linux-x64;3.5.6;3.5.6;https://www.npmjs.com/package/%40lmdb%2Flmdb-linux-x64;npm install @lmdb/lmdb-linux-x64@3.5.6;transitive (не определено по lockfile);Транзитивная зависимость. Версию менять только через npm update / пересборку lockfile; самостоятельный апгрейд может нарушить peer-зависимости родителя.;;не найден в опроснике
@lmdb/lmdb-win32-arm64;3.5.6;3.5.6;https://www.npmjs.com/package/%40lmdb%2Flmdb-win32-arm64;npm install @lmdb/lmdb-win32-arm64@3.5.6;transitive (не определено по lockfile);Транзитивная зависимость. Версию менять только через npm update / пересборку lockfile; самостоятельный апгрейд может нарушить peer-зависимости родителя.;;не найден в опроснике
@lmdb/lmdb-win32-x64;3.5.6;3.5.6;https://www.npmjs.com/package/%40lmdb%2Flmdb-win32-x64;npm install @lmdb/lmdb-win32-x64@3.5.6;transitive (не определено по lockfile);Транзитивная зависимость. Версию менять только через npm update / пересборку lockfile; самостоятельный апгрейд может нарушить peer-зависимости родителя.;;не найден в опроснике
@modelcontextprotocol/sdk;1.30.0;1.30.0;https://www.npmjs.com/package/%40modelcontextprotocol%2Fsdk;npm install @modelcontextprotocol/sdk@1.30.0;@angular/cli;Транзитивная зависимость. Версию менять только через npm update / пересборку lockfile; самостоятельный апгрейд может нарушить peer-зависимости родителя.;;не найден в опроснике
@module-federation/bridge-react-webpack-plugin;2.9.0;2.9.0;https://www.npmjs.com/package/%40module-federation%2Fbridge-react-webpack-plugin;npm install @module-federation/bridge-react-webpack-plugin@2.9.0;@module-federation/enhanced, @module-federation/rspack;Транзитивная зависимость. Версию менять только через npm update / пересборку lockfile; самостоятельный апгрейд может нарушить peer-зависимости родителя.;;не найден в опроснике
@module-federation/cli;2.9.0;2.9.0;https://www.npmjs.com/package/%40module-federation%2Fcli;npm install @module-federation/cli@2.9.0;@module-federation/enhanced;Транзитивная зависимость. Версию менять только через npm update / пересборку lockfile; самостоятельный апгрейд может нарушить peer-зависимости родителя.;;не найден в опроснике
@module-federation/dts-plugin;2.9.0;2.9.0;https://www.npmjs.com/package/%40module-federation%2Fdts-plugin;npm install @module-federation/dts-plugin@2.9.0;@module-federation/cli, @module-federation/enhanced, @module-federation/manifest, @module-federation/rspack;Транзитивная зависимость. Версию менять только через npm update / пересборку lockfile; самостоятельный апгрейд может нарушить peer-зависимости родителя.;;не найден в опроснике
@module-federation/enhanced;2.9.0;2.9.0;https://www.npmjs.com/package/%40module-federation%2Fenhanced;npm install @module-federation/enhanced@2.9.0;transitive (не определено по lockfile);Транзитивная зависимость. Версию менять только через npm update / пересборку lockfile; самостоятельный апгрейд может нарушить peer-зависимости родителя.;;не найден в опроснике
@module-federation/error-codes;2.9.0;2.9.0;https://www.npmjs.com/package/%40module-federation%2Ferror-codes;npm install @module-federation/error-codes@2.9.0;@module-federation/dts-plugin, @module-federation/enhanced, @module-federation/runtime, @module-federation/runtime-core, @module-federation/webpack-bundler-runtime;Транзитивная зависимость. Версию менять только через npm update / пересборку lockfile; самостоятельный апгрейд может нарушить peer-зависимости родителя.;;не найден в опроснике
@module-federation/inject-external-runtime-core-plugin;2.9.0;2.9.0;https://www.npmjs.com/package/%40module-federation%2Finject-external-runtime-core-plugin;npm install @module-federation/inject-external-runtime-core-plugin@2.9.0;@module-federation/enhanced, @module-federation/rspack;Транзитивная зависимость. Версию менять только через npm update / пересборку lockfile; самостоятельный апгрейд может нарушить peer-зависимости родителя.;;не найден в опроснике
@module-federation/managers;2.9.0;2.9.0;https://www.npmjs.com/package/%40module-federation%2Fmanagers;npm install @module-federation/managers@2.9.0;@module-federation/dts-plugin, @module-federation/enhanced, @module-federation/manifest, @module-federation/rspack;Транзитивная зависимость. Версию менять только через npm update / пересборку lockfile; самостоятельный апгрейд может нарушить peer-зависимости родителя.;;не найден в опроснике
@module-federation/manifest;2.9.0;2.9.0;https://www.npmjs.com/package/%40module-federation%2Fmanifest;npm install @module-federation/manifest@2.9.0;@module-federation/enhanced, @module-federation/rspack;Транзитивная зависимость. Версию менять только через npm update / пересборку lockfile; самостоятельный апгрейд может нарушить peer-зависимости родителя.;;не найден в опроснике
@module-federation/rspack;2.9.0;2.9.0;https://www.npmjs.com/package/%40module-federation%2Frspack;npm install @module-federation/rspack@2.9.0;@module-federation/enhanced;Транзитивная зависимость. Версию менять только через npm update / пересборку lockfile; самостоятельный апгрейд может нарушить peer-зависимости родителя.;;не найден в опроснике
@module-federation/runtime;2.9.0;2.9.0;https://www.npmjs.com/package/%40module-federation%2Fruntime;npm install @module-federation/runtime@2.9.0;@module-federation/runtime-tools, @module-federation/webpack-bundler-runtime;Транзитивная зависимость. Версию менять только через npm update / пересборку lockfile; самостоятельный апгрейд может нарушить peer-зависимости родителя.;;не найден в опроснике
@module-federation/runtime-core;2.9.0;2.9.0;https://www.npmjs.com/package/%40module-federation%2Fruntime-core;npm install @module-federation/runtime-core@2.9.0;@module-federation/runtime;Транзитивная зависимость. Версию менять только через npm update / пересборку lockfile; самостоятельный апгрейд может нарушить peer-зависимости родителя.;;не найден в опроснике
@module-federation/runtime-tools;2.9.0;2.9.0;https://www.npmjs.com/package/%40module-federation%2Fruntime-tools;npm install @module-federation/runtime-tools@2.9.0;@module-federation/enhanced, @module-federation/rspack;Транзитивная зависимость. Версию менять только через npm update / пересборку lockfile; самостоятельный апгрейд может нарушить peer-зависимости родителя.;;не найден в опроснике
@module-federation/sdk;2.9.0;2.9.0;https://www.npmjs.com/package/%40module-federation%2Fsdk;npm install @module-federation/sdk@2.9.0;@module-federation/bridge-react-webpack-plugin, @module-federation/cli, @module-federation/dts-plugin, @module-federation/enhanced, @module-federation/managers, @module-federation/manifest, @module-federation/rspack, @module-federation/runtime, @module-federation/runtime-core, @module-federation/webpack-bundler-runtime;Транзитивная зависимость. Версию менять только через npm update / пересборку lockfile; самостоятельный апгрейд может нарушить peer-зависимости родителя.;;не найден в опроснике
@module-federation/third-party-dts-extractor;2.9.0;2.9.0;https://www.npmjs.com/package/%40module-federation%2Fthird-party-dts-extractor;npm install @module-federation/third-party-dts-extractor@2.9.0;@module-federation/dts-plugin;Транзитивная зависимость. Версию менять только через npm update / пересборку lockfile; самостоятельный апгрейд может нарушить peer-зависимости родителя.;;не найден в опроснике
@module-federation/webpack-bundler-runtime;2.9.0;2.9.0;https://www.npmjs.com/package/%40module-federation%2Fwebpack-bundler-runtime;npm install @module-federation/webpack-bundler-runtime@2.9.0;@module-federation/enhanced, @module-federation/runtime-tools;Транзитивная зависимость. Версию менять только через npm update / пересборку lockfile; самостоятельный апгрейд может нарушить peer-зависимости родителя.;;не найден в опроснике
@msgpackr-extract/msgpackr-extract-darwin-arm64;3.0.4;3.0.4;https://www.npmjs.com/package/%40msgpackr-extract%2Fmsgpackr-extract-darwin-arm64;npm install @msgpackr-extract/msgpackr-extract-darwin-arm64@3.0.4;transitive (не определено по lockfile);Транзитивная зависимость. Версию менять только через npm update / пересборку lockfile; самостоятельный апгрейд может нарушить peer-зависимости родителя.;;не найден в опроснике
@msgpackr-extract/msgpackr-extract-darwin-x64;3.0.4;3.0.4;https://www.npmjs.com/package/%40msgpackr-extract%2Fmsgpackr-extract-darwin-x64;npm install @msgpackr-extract/msgpackr-extract-darwin-x64@3.0.4;transitive (не определено по lockfile);Транзитивная зависимость. Версию менять только через npm update / пересборку lockfile; самостоятельный апгрейд может нарушить peer-зависимости родителя.;;не найден в опроснике
@msgpackr-extract/msgpackr-extract-linux-arm;3.0.4;3.0.4;https://www.npmjs.com/package/%40msgpackr-extract%2Fmsgpackr-extract-linux-arm;npm install @msgpackr-extract/msgpackr-extract-linux-arm@3.0.4;transitive (не определено по lockfile);Транзитивная зависимость. Версию менять только через npm update / пересборку lockfile; самостоятельный апгрейд может нарушить peer-зависимости родителя.;;не найден в опроснике
@msgpackr-extract/msgpackr-extract-linux-arm64;3.0.4;3.0.4;https://www.npmjs.com/package/%40msgpackr-extract%2Fmsgpackr-extract-linux-arm64;npm install @msgpackr-extract/msgpackr-extract-linux-arm64@3.0.4;transitive (не определено по lockfile);Транзитивная зависимость. Версию менять только через npm update / пересборку lockfile; самостоятельный апгрейд может нарушить peer-зависимости родителя.;;не найден в опроснике
@msgpackr-extract/msgpackr-extract-linux-x64;3.0.4;3.0.4;https://www.npmjs.com/package/%40msgpackr-extract%2Fmsgpackr-extract-linux-x64;npm install @msgpackr-extract/msgpackr-extract-linux-x64@3.0.4;transitive (не определено по lockfile);Транзитивная зависимость. Версию менять только через npm update / пересборку lockfile; самостоятельный апгрейд может нарушить peer-зависимости родителя.;;не найден в опроснике
@msgpackr-extract/msgpackr-extract-win32-x64;3.0.4;3.0.4;https://www.npmjs.com/package/%40msgpackr-extract%2Fmsgpackr-extract-win32-x64;npm install @msgpackr-extract/msgpackr-extract-win32-x64@3.0.4;transitive (не определено по lockfile);Транзитивная зависимость. Версию менять только через npm update / пересборку lockfile; самостоятельный апгрейд может нарушить peer-зависимости родителя.;;не найден в опроснике
@napi-rs/nice;1.1.1;1.1.1;https://www.npmjs.com/package/%40napi-rs%2Fnice;npm install @napi-rs/nice@1.1.1;transitive (не определено по lockfile);Транзитивная зависимость. Версию менять только через npm update / пересборку lockfile; самостоятельный апгрейд может нарушить peer-зависимости родителя.;;не найден в опроснике
@napi-rs/nice-android-arm-eabi;1.1.1;1.1.1;https://www.npmjs.com/package/%40napi-rs%2Fnice-android-arm-eabi;npm install @napi-rs/nice-android-arm-eabi@1.1.1;transitive (не определено по lockfile);Транзитивная зависимость. Версию менять только через npm update / пересборку lockfile; самостоятельный апгрейд может нарушить peer-зависимости родителя.;;не найден в опроснике
@napi-rs/nice-android-arm64;1.1.1;1.1.1;https://www.npmjs.com/package/%40napi-rs%2Fnice-android-arm64;npm install @napi-rs/nice-android-arm64@1.1.1;transitive (не определено по lockfile);Транзитивная зависимость. Версию менять только через npm update / пересборку lockfile; самостоятельный апгрейд может нарушить peer-зависимости родителя.;;не найден в опроснике
@napi-rs/nice-darwin-arm64;1.1.1;1.1.1;https://www.npmjs.com/package/%40napi-rs%2Fnice-darwin-arm64;npm install @napi-rs/nice-darwin-arm64@1.1.1;transitive (не определено по lockfile);Транзитивная зависимость. Версию менять только через npm update / пересборку lockfile; самостоятельный апгрейд может нарушить peer-зависимости родителя.;;не найден в опроснике
@napi-rs/nice-darwin-x64;1.1.1;1.1.1;https://www.npmjs.com/package/%40napi-rs%2Fnice-darwin-x64;npm install @napi-rs/nice-darwin-x64@1.1.1;transitive (не определено по lockfile);Транзитивная зависимость. Версию менять только через npm update / пересборку lockfile; самостоятельный апгрейд может нарушить peer-зависимости родителя.;;не найден в опроснике
@napi-rs/nice-freebsd-x64;1.1.1;1.1.1;https://www.npmjs.com/package/%40napi-rs%2Fnice-freebsd-x64;npm install @napi-rs/nice-freebsd-x64@1.1.1;transitive (не определено по lockfile);Транзитивная зависимость. Версию менять только через npm update / пересборку lockfile; самостоятельный апгрейд может нарушить peer-зависимости родителя.;;не найден в опроснике
@napi-rs/nice-linux-arm-gnueabihf;1.1.1;1.1.1;https://www.npmjs.com/package/%40napi-rs%2Fnice-linux-arm-gnueabihf;npm install @napi-rs/nice-linux-arm-gnueabihf@1.1.1;transitive (не определено по lockfile);Транзитивная зависимость. Версию менять только через npm update / пересборку lockfile; самостоятельный апгрейд может нарушить peer-зависимости родителя.;;не найден в опроснике
@napi-rs/nice-linux-arm64-gnu;1.1.1;1.1.1;https://www.npmjs.com/package/%40napi-rs%2Fnice-linux-arm64-gnu;npm install @napi-rs/nice-linux-arm64-gnu@1.1.1;transitive (не определено по lockfile);Транзитивная зависимость. Версию менять только через npm update / пересборку lockfile; самостоятельный апгрейд может нарушить peer-зависимости родителя.;;не найден в опроснике
@napi-rs/nice-linux-arm64-musl;1.1.1;1.1.1;https://www.npmjs.com/package/%40napi-rs%2Fnice-linux-arm64-musl;npm install @napi-rs/nice-linux-arm64-musl@1.1.1;transitive (не определено по lockfile);Транзитивная зависимость. Версию менять только через npm update / пересборку lockfile; самостоятельный апгрейд может нарушить peer-зависимости родителя.;;не найден в опроснике
@napi-rs/nice-linux-ppc64-gnu;1.1.1;1.1.1;https://www.npmjs.com/package/%40napi-rs%2Fnice-linux-ppc64-gnu;npm install @napi-rs/nice-linux-ppc64-gnu@1.1.1;transitive (не определено по lockfile);Транзитивная зависимость. Версию менять только через npm update / пересборку lockfile; самостоятельный апгрейд может нарушить peer-зависимости родителя.;;не найден в опроснике
@napi-rs/nice-linux-riscv64-gnu;1.1.1;1.1.1;https://www.npmjs.com/package/%40napi-rs%2Fnice-linux-riscv64-gnu;npm install @napi-rs/nice-linux-riscv64-gnu@1.1.1;transitive (не определено по lockfile);Транзитивная зависимость. Версию менять только через npm update / пересборку lockfile; самостоятельный апгрейд может нарушить peer-зависимости родителя.;;не найден в опроснике
@napi-rs/nice-linux-s390x-gnu;1.1.1;1.1.1;https://www.npmjs.com/package/%40napi-rs%2Fnice-linux-s390x-gnu;npm install @napi-rs/nice-linux-s390x-gnu@1.1.1;transitive (не определено по lockfile);Транзитивная зависимость. Версию менять только через npm update / пересборку lockfile; самостоятельный апгрейд может нарушить peer-зависимости родителя.;;не найден в опроснике
@napi-rs/nice-linux-x64-gnu;1.1.1;1.1.1;https://www.npmjs.com/package/%40napi-rs%2Fnice-linux-x64-gnu;npm install @napi-rs/nice-linux-x64-gnu@1.1.1;transitive (не определено по lockfile);Транзитивная зависимость. Версию менять только через npm update / пересборку lockfile; самостоятельный апгрейд может нарушить peer-зависимости родителя.;;не найден в опроснике
@napi-rs/nice-linux-x64-musl;1.1.1;1.1.1;https://www.npmjs.com/package/%40napi-rs%2Fnice-linux-x64-musl;npm install @napi-rs/nice-linux-x64-musl@1.1.1;transitive (не определено по lockfile);Транзитивная зависимость. Версию менять только через npm update / пересборку lockfile; самостоятельный апгрейд может нарушить peer-зависимости родителя.;;не найден в опроснике
@napi-rs/nice-openharmony-arm64;1.1.1;1.1.1;https://www.npmjs.com/package/%40napi-rs%2Fnice-openharmony-arm64;npm install @napi-rs/nice-openharmony-arm64@1.1.1;transitive (не определено по lockfile);Транзитивная зависимость. Версию менять только через npm update / пересборку lockfile; самостоятельный апгрейд может нарушить peer-зависимости родителя.;;не найден в опроснике
@napi-rs/nice-win32-arm64-msvc;1.1.1;1.1.1;https://www.npmjs.com/package/%40napi-rs%2Fnice-win32-arm64-msvc;npm install @napi-rs/nice-win32-arm64-msvc@1.1.1;transitive (не определено по lockfile);Транзитивная зависимость. Версию менять только через npm update / пересборку lockfile; самостоятельный апгрейд может нарушить peer-зависимости родителя.;;не найден в опроснике
@napi-rs/nice-win32-ia32-msvc;1.1.1;1.1.1;https://www.npmjs.com/package/%40napi-rs%2Fnice-win32-ia32-msvc;npm install @napi-rs/nice-win32-ia32-msvc@1.1.1;transitive (не определено по lockfile);Транзитивная зависимость. Версию менять только через npm update / пересборку lockfile; самостоятельный апгрейд может нарушить peer-зависимости родителя.;;не найден в опроснике
@napi-rs/nice-win32-x64-msvc;1.1.1;1.1.1;https://www.npmjs.com/package/%40napi-rs%2Fnice-win32-x64-msvc;npm install @napi-rs/nice-win32-x64-msvc@1.1.1;transitive (не определено по lockfile);Транзитивная зависимость. Версию менять только через npm update / пересборку lockfile; самостоятельный апгрейд может нарушить peer-зависимости родителя.;;не найден в опроснике
@napi-rs/wasm-runtime;1.1.6;1.1.6;https://www.npmjs.com/package/%40napi-rs%2Fwasm-runtime;npm install @napi-rs/wasm-runtime@1.1.6;@oxc-parser/binding-wasm32-wasi, @rolldown/binding-wasm32-wasi, @rspack/binding-wasm32-wasi, @unrs/resolver-binding-wasm32-wasi;Транзитивная зависимость. Версию менять только через npm update / пересборку lockfile; самостоятельный апгрейд может нарушить peer-зависимости родителя.;1.2.3;версия не совпадает
@ngtools/webpack;22.1.8;22.1.8;https://www.npmjs.com/package/%40ngtools%2Fwebpack;npm install @ngtools/webpack@22.1.8;@angular-devkit/build-angular;Транзитивная зависимость. Версию менять только через npm update / пересборку lockfile; самостоятельный апгрейд может нарушить peer-зависимости родителя.;22.1.6;версия не совпадает
@noble/hashes;1.4.0;1.4.0;https://www.npmjs.com/package/%40noble%2Fhashes;npm install @noble/hashes@1.4.0;pkijs;Транзитивная зависимость. Версию менять только через npm update / пересборку lockfile; самостоятельный апгрейд может нарушить peer-зависимости родителя.;;не найден в опроснике
@nodelib/fs.scandir;2.1.5;2.1.5;https://www.npmjs.com/package/%40nodelib%2Ffs.scandir;npm install @nodelib/fs.scandir@2.1.5;@nodelib/fs.walk;Транзитивная зависимость. Версию менять только через npm update / пересборку lockfile; самостоятельный апгрейд может нарушить peer-зависимости родителя.;4.0.1;версия не совпадает
@nodelib/fs.stat;2.0.5;2.0.5;https://www.npmjs.com/package/%40nodelib%2Ffs.stat;npm install @nodelib/fs.stat@2.0.5;@nodelib/fs.scandir, fast-glob;Транзитивная зависимость. Версию менять только через npm update / пересборку lockfile; самостоятельный апгрейд может нарушить peer-зависимости родителя.;4.0.0;версия не совпадает
@nodelib/fs.walk;1.2.8;1.2.8;https://www.npmjs.com/package/%40nodelib%2Ffs.walk;npm install @nodelib/fs.walk@1.2.8;fast-glob;Транзитивная зависимость. Версию менять только через npm update / пересборку lockfile; самостоятельный апгрейд может нарушить peer-зависимости родителя.;3.0.1;версия не совпадает
@oxc-parser/binding-android-arm-eabi;0.142.0;0.142.0;https://www.npmjs.com/package/%40oxc-parser%2Fbinding-android-arm-eabi;npm install @oxc-parser/binding-android-arm-eabi@0.142.0;transitive (не определено по lockfile);Транзитивная зависимость. Версию менять только через npm update / пересборку lockfile; самостоятельный апгрейд может нарушить peer-зависимости родителя.;;не найден в опроснике
@oxc-parser/binding-android-arm64;0.142.0;0.142.0;https://www.npmjs.com/package/%40oxc-parser%2Fbinding-android-arm64;npm install @oxc-parser/binding-android-arm64@0.142.0;transitive (не определено по lockfile);Транзитивная зависимость. Версию менять только через npm update / пересборку lockfile; самостоятельный апгрейд может нарушить peer-зависимости родителя.;;не найден в опроснике
@oxc-parser/binding-darwin-arm64;0.142.0;0.142.0;https://www.npmjs.com/package/%40oxc-parser%2Fbinding-darwin-arm64;npm install @oxc-parser/binding-darwin-arm64@0.142.0;transitive (не определено по lockfile);Транзитивная зависимость. Версию менять только через npm update / пересборку lockfile; самостоятельный апгрейд может нарушить peer-зависимости родителя.;;не найден в опроснике
@oxc-parser/binding-darwin-x64;0.142.0;0.142.0;https://www.npmjs.com/package/%40oxc-parser%2Fbinding-darwin-x64;npm install @oxc-parser/binding-darwin-x64@0.142.0;transitive (не определено по lockfile);Транзитивная зависимость. Версию менять только через npm update / пересборку lockfile; самостоятельный апгрейд может нарушить peer-зависимости родителя.;;не найден в опроснике
@oxc-parser/binding-freebsd-x64;0.142.0;0.142.0;https://www.npmjs.com/package/%40oxc-parser%2Fbinding-freebsd-x64;npm install @oxc-parser/binding-freebsd-x64@0.142.0;transitive (не определено по lockfile);Транзитивная зависимость. Версию менять только через npm update / пересборку lockfile; самостоятельный апгрейд может нарушить peer-зависимости родителя.;;не найден в опроснике
@oxc-parser/binding-linux-arm-gnueabihf;0.142.0;0.142.0;https://www.npmjs.com/package/%40oxc-parser%2Fbinding-linux-arm-gnueabihf;npm install @oxc-parser/binding-linux-arm-gnueabihf@0.142.0;transitive (не определено по lockfile);Транзитивная зависимость. Версию менять только через npm update / пересборку lockfile; самостоятельный апгрейд может нарушить peer-зависимости родителя.;;не найден в опроснике
@oxc-parser/binding-linux-arm-musleabihf;0.142.0;0.142.0;https://www.npmjs.com/package/%40oxc-parser%2Fbinding-linux-arm-musleabihf;npm install @oxc-parser/binding-linux-arm-musleabihf@0.142.0;transitive (не определено по lockfile);Транзитивная зависимость. Версию менять только через npm update / пересборку lockfile; самостоятельный апгрейд может нарушить peer-зависимости родителя.;;не найден в опроснике
@oxc-parser/binding-linux-arm64-gnu;0.142.0;0.142.0;https://www.npmjs.com/package/%40oxc-parser%2Fbinding-linux-arm64-gnu;npm install @oxc-parser/binding-linux-arm64-gnu@0.142.0;transitive (не определено по lockfile);Транзитивная зависимость. Версию менять только через npm update / пересборку lockfile; самостоятельный апгрейд может нарушить peer-зависимости родителя.;;не найден в опроснике
@oxc-parser/binding-linux-arm64-musl;0.142.0;0.142.0;https://www.npmjs.com/package/%40oxc-parser%2Fbinding-linux-arm64-musl;npm install @oxc-parser/binding-linux-arm64-musl@0.142.0;transitive (не определено по lockfile);Транзитивная зависимость. Версию менять только через npm update / пересборку lockfile; самостоятельный апгрейд может нарушить peer-зависимости родителя.;;не найден в опроснике
@oxc-parser/binding-linux-ppc64-gnu;0.142.0;0.142.0;https://www.npmjs.com/package/%40oxc-parser%2Fbinding-linux-ppc64-gnu;npm install @oxc-parser/binding-linux-ppc64-gnu@0.142.0;transitive (не определено по lockfile);Транзитивная зависимость. Версию менять только через npm update / пересборку lockfile; самостоятельный апгрейд может нарушить peer-зависимости родителя.;;не найден в опроснике
@oxc-parser/binding-linux-riscv64-gnu;0.142.0;0.142.0;https://www.npmjs.com/package/%40oxc-parser%2Fbinding-linux-riscv64-gnu;npm install @oxc-parser/binding-linux-riscv64-gnu@0.142.0;transitive (не определено по lockfile);Транзитивная зависимость. Версию менять только через npm update / пересборку lockfile; самостоятельный апгрейд может нарушить peer-зависимости родителя.;;не найден в опроснике
@oxc-parser/binding-linux-riscv64-musl;0.142.0;0.142.0;https://www.npmjs.com/package/%40oxc-parser%2Fbinding-linux-riscv64-musl;npm install @oxc-parser/binding-linux-riscv64-musl@0.142.0;transitive (не определено по lockfile);Транзитивная зависимость. Версию менять только через npm update / пересборку lockfile; самостоятельный апгрейд может нарушить peer-зависимости родителя.;;не найден в опроснике
@oxc-parser/binding-linux-s390x-gnu;0.142.0;0.142.0;https://www.npmjs.com/package/%40oxc-parser%2Fbinding-linux-s390x-gnu;npm install @oxc-parser/binding-linux-s390x-gnu@0.142.0;transitive (не определено по lockfile);Транзитивная зависимость. Версию менять только через npm update / пересборку lockfile; самостоятельный апгрейд может нарушить peer-зависимости родителя.;;не найден в опроснике
@oxc-parser/binding-linux-x64-gnu;0.142.0;0.142.0;https://www.npmjs.com/package/%40oxc-parser%2Fbinding-linux-x64-gnu;npm install @oxc-parser/binding-linux-x64-gnu@0.142.0;transitive (не определено по lockfile);Транзитивная зависимость. Версию менять только через npm update / пересборку lockfile; самостоятельный апгрейд может нарушить peer-зависимости родителя.;;не найден в опроснике
@oxc-parser/binding-linux-x64-musl;0.142.0;0.142.0;https://www.npmjs.com/package/%40oxc-parser%2Fbinding-linux-x64-musl;npm install @oxc-parser/binding-linux-x64-musl@0.142.0;transitive (не определено по lockfile);Транзитивная зависимость. Версию менять только через npm update / пересборку lockfile; самостоятельный апгрейд может нарушить peer-зависимости родителя.;;не найден в опроснике
@oxc-parser/binding-openharmony-arm64;0.142.0;0.142.0;https://www.npmjs.com/package/%40oxc-parser%2Fbinding-openharmony-arm64;npm install @oxc-parser/binding-openharmony-arm64@0.142.0;transitive (не определено по lockfile);Транзитивная зависимость. Версию менять только через npm update / пересборку lockfile; самостоятельный апгрейд может нарушить peer-зависимости родителя.;;не найден в опроснике
@oxc-parser/binding-wasm32-wasi;0.142.0;0.142.0;https://www.npmjs.com/package/%40oxc-parser%2Fbinding-wasm32-wasi;npm install @oxc-parser/binding-wasm32-wasi@0.142.0;transitive (не определено по lockfile);Транзитивная зависимость. Версию менять только через npm update / пересборку lockfile; самостоятельный апгрейд может нарушить peer-зависимости родителя.;;не найден в опроснике
@oxc-parser/binding-win32-arm64-msvc;0.142.0;0.142.0;https://www.npmjs.com/package/%40oxc-parser%2Fbinding-win32-arm64-msvc;npm install @oxc-parser/binding-win32-arm64-msvc@0.142.0;transitive (не определено по lockfile);Транзитивная зависимость. Версию менять только через npm update / пересборку lockfile; самостоятельный апгрейд может нарушить peer-зависимости родителя.;;не найден в опроснике
@oxc-parser/binding-win32-ia32-msvc;0.142.0;0.142.0;https://www.npmjs.com/package/%40oxc-parser%2Fbinding-win32-ia32-msvc;npm install @oxc-parser/binding-win32-ia32-msvc@0.142.0;transitive (не определено по lockfile);Транзитивная зависимость. Версию менять только через npm update / пересборку lockfile; самостоятельный апгрейд может нарушить peer-зависимости родителя.;;не найден в опроснике
@oxc-parser/binding-win32-x64-msvc;0.142.0;0.142.0;https://www.npmjs.com/package/%40oxc-parser%2Fbinding-win32-x64-msvc;npm install @oxc-parser/binding-win32-x64-msvc@0.142.0;transitive (не определено по lockfile);Транзитивная зависимость. Версию менять только через npm update / пересборку lockfile; самостоятельный апгрейд может нарушить peer-зависимости родителя.;;не найден в опроснике
@oxc-project/types;0.142.0;0.142.0;https://www.npmjs.com/package/%40oxc-project%2Ftypes;npm install @oxc-project/types@0.142.0;oxc-parser, rolldown;Транзитивная зависимость. Версию менять только через npm update / пересборку lockfile; самостоятельный апгрейд может нарушить peer-зависимости родителя.;;не найден в опроснике
@parcel/source-map;2.1.1;2.1.1;https://www.npmjs.com/package/%40parcel%2Fsource-map;npm install @parcel/source-map@2.1.1;@chialab/estransform;Транзитивная зависимость. Версию менять только через npm update / пересборку lockfile; самостоятельный апгрейд может нарушить peer-зависимости родителя.;;не найден в опроснике
@parcel/watcher;2.6.0;2.6.0;https://www.npmjs.com/package/%40parcel%2Fwatcher;npm install @parcel/watcher@2.6.0;jest-haste-map;Транзитивная зависимость. Версию менять только через npm update / пересборку lockfile; самостоятельный апгрейд может нарушить peer-зависимости родителя.;;не найден в опроснике
@parcel/watcher-android-arm64;2.6.0;2.6.0;https://www.npmjs.com/package/%40parcel%2Fwatcher-android-arm64;npm install @parcel/watcher-android-arm64@2.6.0;transitive (не определено по lockfile);Транзитивная зависимость. Версию менять только через npm update / пересборку lockfile; самостоятельный апгрейд может нарушить peer-зависимости родителя.;;не найден в опроснике
@parcel/watcher-darwin-arm64;2.6.0;2.6.0;https://www.npmjs.com/package/%40parcel%2Fwatcher-darwin-arm64;npm install @parcel/watcher-darwin-arm64@2.6.0;transitive (не определено по lockfile);Транзитивная зависимость. Версию менять только через npm update / пересборку lockfile; самостоятельный апгрейд может нарушить peer-зависимости родителя.;;не найден в опроснике
@parcel/watcher-darwin-x64;2.6.0;2.6.0;https://www.npmjs.com/package/%40parcel%2Fwatcher-darwin-x64;npm install @parcel/watcher-darwin-x64@2.6.0;transitive (не определено по lockfile);Транзитивная зависимость. Версию менять только через npm update / пересборку lockfile; самостоятельный апгрейд может нарушить peer-зависимости родителя.;;не найден в опроснике
@parcel/watcher-freebsd-x64;2.6.0;2.6.0;https://www.npmjs.com/package/%40parcel%2Fwatcher-freebsd-x64;npm install @parcel/watcher-freebsd-x64@2.6.0;transitive (не определено по lockfile);Транзитивная зависимость. Версию менять только через npm update / пересборку lockfile; самостоятельный апгрейд может нарушить peer-зависимости родителя.;;не найден в опроснике
@parcel/watcher-linux-arm-glibc;2.6.0;2.6.0;https://www.npmjs.com/package/%40parcel%2Fwatcher-linux-arm-glibc;npm install @parcel/watcher-linux-arm-glibc@2.6.0;transitive (не определено по lockfile);Транзитивная зависимость. Версию менять только через npm update / пересборку lockfile; самостоятельный апгрейд может нарушить peer-зависимости родителя.;;не найден в опроснике
@parcel/watcher-linux-arm-musl;2.6.0;2.6.0;https://www.npmjs.com/package/%40parcel%2Fwatcher-linux-arm-musl;npm install @parcel/watcher-linux-arm-musl@2.6.0;transitive (не определено по lockfile);Транзитивная зависимость. Версию менять только через npm update / пересборку lockfile; самостоятельный апгрейд может нарушить peer-зависимости родителя.;;не найден в опроснике
@parcel/watcher-linux-arm64-glibc;2.6.0;2.6.0;https://www.npmjs.com/package/%40parcel%2Fwatcher-linux-arm64-glibc;npm install @parcel/watcher-linux-arm64-glibc@2.6.0;transitive (не определено по lockfile);Транзитивная зависимость. Версию менять только через npm update / пересборку lockfile; самостоятельный апгрейд может нарушить peer-зависимости родителя.;;не найден в опроснике
@parcel/watcher-linux-arm64-musl;2.6.0;2.6.0;https://www.npmjs.com/package/%40parcel%2Fwatcher-linux-arm64-musl;npm install @parcel/watcher-linux-arm64-musl@2.6.0;transitive (не определено по lockfile);Транзитивная зависимость. Версию менять только через npm update / пересборку lockfile; самостоятельный апгрейд может нарушить peer-зависимости родителя.;;не найден в опроснике
@parcel/watcher-linux-x64-glibc;2.6.0;2.6.0;https://www.npmjs.com/package/%40parcel%2Fwatcher-linux-x64-glibc;npm install @parcel/watcher-linux-x64-glibc@2.6.0;transitive (не определено по lockfile);Транзитивная зависимость. Версию менять только через npm update / пересборку lockfile; самостоятельный апгрейд может нарушить peer-зависимости родителя.;;не найден в опроснике
@parcel/watcher-linux-x64-musl;2.6.0;2.6.0;https://www.npmjs.com/package/%40parcel%2Fwatcher-linux-x64-musl;npm install @parcel/watcher-linux-x64-musl@2.6.0;transitive (не определено по lockfile);Транзитивная зависимость. Версию менять только через npm update / пересборку lockfile; самостоятельный апгрейд может нарушить peer-зависимости родителя.;;не найден в опроснике
@parcel/watcher-win32-arm64;2.6.0;2.6.0;https://www.npmjs.com/package/%40parcel%2Fwatcher-win32-arm64;npm install @parcel/watcher-win32-arm64@2.6.0;transitive (не определено по lockfile);Транзитивная зависимость. Версию менять только через npm update / пересборку lockfile; самостоятельный апгрейд может нарушить peer-зависимости родителя.;;не найден в опроснике
@parcel/watcher-win32-x64;2.6.0;2.6.0;https://www.npmjs.com/package/%40parcel%2Fwatcher-win32-x64;npm install @parcel/watcher-win32-x64@2.6.0;transitive (не определено по lockfile);Транзитивная зависимость. Версию менять только через npm update / пересборку lockfile; самостоятельный апгрейд может нарушить peer-зависимости родителя.;;не найден в опроснике
@peculiar/asn1-cms;2.9.4;2.9.4;https://www.npmjs.com/package/%40peculiar%2Fasn1-cms;npm install @peculiar/asn1-cms@2.9.4;@peculiar/asn1-pfx, @peculiar/asn1-pkcs9, @peculiar/x509;Транзитивная зависимость. Версию менять только через npm update / пересборку lockfile; самостоятельный апгрейд может нарушить peer-зависимости родителя.;;не найден в опроснике
@peculiar/asn1-csr;2.9.4;2.9.4;https://www.npmjs.com/package/%40peculiar%2Fasn1-csr;npm install @peculiar/asn1-csr@2.9.4;@peculiar/x509;Транзитивная зависимость. Версию менять только через npm update / пересборку lockfile; самостоятельный апгрейд может нарушить peer-зависимости родителя.;;не найден в опроснике
@peculiar/asn1-ecc;2.9.4;2.9.4;https://www.npmjs.com/package/%40peculiar%2Fasn1-ecc;npm install @peculiar/asn1-ecc@2.9.4;@peculiar/x509;Транзитивная зависимость. Версию менять только через npm update / пересборку lockfile; самостоятельный апгрейд может нарушить peer-зависимости родителя.;;не найден в опроснике
@peculiar/asn1-pfx;2.9.4;2.9.4;https://www.npmjs.com/package/%40peculiar%2Fasn1-pfx;npm install @peculiar/asn1-pfx@2.9.4;@peculiar/asn1-pkcs9;Транзитивная зависимость. Версию менять только через npm update / пересборку lockfile; самостоятельный апгрейд может нарушить peer-зависимости родителя.;;не найден в опроснике
@peculiar/asn1-pkcs8;2.9.4;2.9.4;https://www.npmjs.com/package/%40peculiar%2Fasn1-pkcs8;npm install @peculiar/asn1-pkcs8@2.9.4;@peculiar/asn1-pfx, @peculiar/asn1-pkcs9;Транзитивная зависимость. Версию менять только через npm update / пересборку lockfile; самостоятельный апгрейд может нарушить peer-зависимости родителя.;;не найден в опроснике
@peculiar/asn1-pkcs9;2.9.4;2.9.4;https://www.npmjs.com/package/%40peculiar%2Fasn1-pkcs9;npm install @peculiar/asn1-pkcs9@2.9.4;@peculiar/x509;Транзитивная зависимость. Версию менять только через npm update / пересборку lockfile; самостоятельный апгрейд может нарушить peer-зависимости родителя.;;не найден в опроснике
@peculiar/asn1-rsa;2.9.4;2.9.4;https://www.npmjs.com/package/%40peculiar%2Fasn1-rsa;npm install @peculiar/asn1-rsa@2.9.4;@peculiar/asn1-pfx, @peculiar/x509;Транзитивная зависимость. Версию менять только через npm update / пересборку lockfile; самостоятельный апгрейд может нарушить peer-зависимости родителя.;;не найден в опроснике
@peculiar/asn1-schema;2.9.4;2.9.4;https://www.npmjs.com/package/%40peculiar%2Fasn1-schema;npm install @peculiar/asn1-schema@2.9.4;@peculiar/asn1-cms, @peculiar/asn1-csr, @peculiar/asn1-ecc, @peculiar/asn1-pfx, @peculiar/asn1-pkcs8, @peculiar/asn1-pkcs9, @peculiar/asn1-rsa, @peculiar/asn1-x509, @peculiar/asn1-x509-attr, @peculiar/x509;Транзитивная зависимость. Версию менять только через npm update / пересборку lockfile; самостоятельный апгрейд может нарушить peer-зависимости родителя.;;не найден в опроснике
@peculiar/asn1-x509;2.9.4;2.9.4;https://www.npmjs.com/package/%40peculiar%2Fasn1-x509;npm install @peculiar/asn1-x509@2.9.4;@peculiar/asn1-cms, @peculiar/asn1-csr, @peculiar/asn1-ecc, @peculiar/asn1-pkcs8, @peculiar/asn1-pkcs9, @peculiar/asn1-rsa, @peculiar/asn1-x509-attr, @peculiar/x509;Транзитивная зависимость. Версию менять только через npm update / пересборку lockfile; самостоятельный апгрейд может нарушить peer-зависимости родителя.;;не найден в опроснике
@peculiar/asn1-x509-attr;2.9.4;2.9.4;https://www.npmjs.com/package/%40peculiar%2Fasn1-x509-attr;npm install @peculiar/asn1-x509-attr@2.9.4;@peculiar/asn1-cms, @peculiar/asn1-pkcs9;Транзитивная зависимость. Версию менять только через npm update / пересборку lockfile; самостоятельный апгрейд может нарушить peer-зависимости родителя.;;не найден в опроснике
@peculiar/utils;2.0.3;2.0.3;https://www.npmjs.com/package/%40peculiar%2Futils;npm install @peculiar/utils@2.0.3;@peculiar/asn1-schema, @peculiar/asn1-x509;Транзитивная зависимость. Версию менять только через npm update / пересборку lockfile; самостоятельный апгрейд может нарушить peer-зависимости родителя.;;не найден в опроснике
@peculiar/x509;1.14.3;1.14.3;https://www.npmjs.com/package/%40peculiar%2Fx509;npm install @peculiar/x509@1.14.3;selfsigned;Транзитивная зависимость. Версию менять только через npm update / пересборку lockfile; самостоятельный апгрейд может нарушить peer-зависимости родителя.;;не найден в опроснике
@pkgr/core;0.3.6;0.3.6;https://www.npmjs.com/package/%40pkgr%2Fcore;npm install @pkgr/core@0.3.6;synckit;Транзитивная зависимость. Версию менять только через npm update / пересборку lockfile; самостоятельный апгрейд может нарушить peer-зависимости родителя.;;не найден в опроснике
@rolldown/binding-android-arm64;1.2.0;1.2.0;https://www.npmjs.com/package/%40rolldown%2Fbinding-android-arm64;npm install @rolldown/binding-android-arm64@1.2.0;transitive (не определено по lockfile);Транзитивная зависимость. Версию менять только через npm update / пересборку lockfile; самостоятельный апгрейд может нарушить peer-зависимости родителя.;;не найден в опроснике
@rolldown/binding-darwin-arm64;1.2.0;1.2.0;https://www.npmjs.com/package/%40rolldown%2Fbinding-darwin-arm64;npm install @rolldown/binding-darwin-arm64@1.2.0;transitive (не определено по lockfile);Транзитивная зависимость. Версию менять только через npm update / пересборку lockfile; самостоятельный апгрейд может нарушить peer-зависимости родителя.;;не найден в опроснике
@rolldown/binding-darwin-x64;1.2.0;1.2.0;https://www.npmjs.com/package/%40rolldown%2Fbinding-darwin-x64;npm install @rolldown/binding-darwin-x64@1.2.0;transitive (не определено по lockfile);Транзитивная зависимость. Версию менять только через npm update / пересборку lockfile; самостоятельный апгрейд может нарушить peer-зависимости родителя.;;не найден в опроснике
@rolldown/binding-freebsd-x64;1.2.0;1.2.0;https://www.npmjs.com/package/%40rolldown%2Fbinding-freebsd-x64;npm install @rolldown/binding-freebsd-x64@1.2.0;transitive (не определено по lockfile);Транзитивная зависимость. Версию менять только через npm update / пересборку lockfile; самостоятельный апгрейд может нарушить peer-зависимости родителя.;;не найден в опроснике
@rolldown/binding-linux-arm-gnueabihf;1.2.0;1.2.0;https://www.npmjs.com/package/%40rolldown%2Fbinding-linux-arm-gnueabihf;npm install @rolldown/binding-linux-arm-gnueabihf@1.2.0;transitive (не определено по lockfile);Транзитивная зависимость. Версию менять только через npm update / пересборку lockfile; самостоятельный апгрейд может нарушить peer-зависимости родителя.;;не найден в опроснике
@rolldown/binding-linux-arm64-gnu;1.2.0;1.2.0;https://www.npmjs.com/package/%40rolldown%2Fbinding-linux-arm64-gnu;npm install @rolldown/binding-linux-arm64-gnu@1.2.0;transitive (не определено по lockfile);Транзитивная зависимость. Версию менять только через npm update / пересборку lockfile; самостоятельный апгрейд может нарушить peer-зависимости родителя.;;не найден в опроснике
@rolldown/binding-linux-arm64-musl;1.2.0;1.2.0;https://www.npmjs.com/package/%40rolldown%2Fbinding-linux-arm64-musl;npm install @rolldown/binding-linux-arm64-musl@1.2.0;transitive (не определено по lockfile);Транзитивная зависимость. Версию менять только через npm update / пересборку lockfile; самостоятельный апгрейд может нарушить peer-зависимости родителя.;;не найден в опроснике
@rolldown/binding-linux-ppc64-gnu;1.2.0;1.2.0;https://www.npmjs.com/package/%40rolldown%2Fbinding-linux-ppc64-gnu;npm install @rolldown/binding-linux-ppc64-gnu@1.2.0;transitive (не определено по lockfile);Транзитивная зависимость. Версию менять только через npm update / пересборку lockfile; самостоятельный апгрейд может нарушить peer-зависимости родителя.;;не найден в опроснике
@rolldown/binding-linux-s390x-gnu;1.2.0;1.2.0;https://www.npmjs.com/package/%40rolldown%2Fbinding-linux-s390x-gnu;npm install @rolldown/binding-linux-s390x-gnu@1.2.0;transitive (не определено по lockfile);Транзитивная зависимость. Версию менять только через npm update / пересборку lockfile; самостоятельный апгрейд может нарушить peer-зависимости родителя.;;не найден в опроснике
@rolldown/binding-linux-x64-gnu;1.2.0;1.2.0;https://www.npmjs.com/package/%40rolldown%2Fbinding-linux-x64-gnu;npm install @rolldown/binding-linux-x64-gnu@1.2.0;transitive (не определено по lockfile);Транзитивная зависимость. Версию менять только через npm update / пересборку lockfile; самостоятельный апгрейд может нарушить peer-зависимости родителя.;;не найден в опроснике
@rolldown/binding-linux-x64-musl;1.2.0;1.2.0;https://www.npmjs.com/package/%40rolldown%2Fbinding-linux-x64-musl;npm install @rolldown/binding-linux-x64-musl@1.2.0;transitive (не определено по lockfile);Транзитивная зависимость. Версию менять только через npm update / пересборку lockfile; самостоятельный апгрейд может нарушить peer-зависимости родителя.;;не найден в опроснике
@rolldown/binding-openharmony-arm64;1.2.0;1.2.0;https://www.npmjs.com/package/%40rolldown%2Fbinding-openharmony-arm64;npm install @rolldown/binding-openharmony-arm64@1.2.0;transitive (не определено по lockfile);Транзитивная зависимость. Версию менять только через npm update / пересборку lockfile; самостоятельный апгрейд может нарушить peer-зависимости родителя.;;не найден в опроснике
@rolldown/binding-wasm32-wasi;1.2.0;1.2.0;https://www.npmjs.com/package/%40rolldown%2Fbinding-wasm32-wasi;npm install @rolldown/binding-wasm32-wasi@1.2.0;transitive (не определено по lockfile);Транзитивная зависимость. Версию менять только через npm update / пересборку lockfile; самостоятельный апгрейд может нарушить peer-зависимости родителя.;;не найден в опроснике
@rolldown/binding-win32-arm64-msvc;1.2.0;1.2.0;https://www.npmjs.com/package/%40rolldown%2Fbinding-win32-arm64-msvc;npm install @rolldown/binding-win32-arm64-msvc@1.2.0;transitive (не определено по lockfile);Транзитивная зависимость. Версию менять только через npm update / пересборку lockfile; самостоятельный апгрейд может нарушить peer-зависимости родителя.;;не найден в опроснике
@rolldown/binding-win32-x64-msvc;1.2.0;1.2.0;https://www.npmjs.com/package/%40rolldown%2Fbinding-win32-x64-msvc;npm install @rolldown/binding-win32-x64-msvc@1.2.0;transitive (не определено по lockfile);Транзитивная зависимость. Версию менять только через npm update / пересборку lockfile; самостоятельный апгрейд может нарушить peer-зависимости родителя.;;не найден в опроснике
@rolldown/pluginutils;1.0.1;1.0.1;https://www.npmjs.com/package/%40rolldown%2Fpluginutils;npm install @rolldown/pluginutils@1.0.1;rolldown;Транзитивная зависимость. Версию менять только через npm update / пересборку lockfile; самостоятельный апгрейд может нарушить peer-зависимости родителя.;;не найден в опроснике
@rspack/binding;2.2.3;2.2.3;https://www.npmjs.com/package/%40rspack%2Fbinding;npm install @rspack/binding@2.2.3;@rspack/core;Транзитивная зависимость. Версию менять только через npm update / пересборку lockfile; самостоятельный апгрейд может нарушить peer-зависимости родителя.;;не найден в опроснике
@rspack/binding-darwin-arm64;2.2.3;2.2.3;https://www.npmjs.com/package/%40rspack%2Fbinding-darwin-arm64;npm install @rspack/binding-darwin-arm64@2.2.3;transitive (не определено по lockfile);Транзитивная зависимость. Версию менять только через npm update / пересборку lockfile; самостоятельный апгрейд может нарушить peer-зависимости родителя.;;не найден в опроснике
@rspack/binding-darwin-x64;2.2.3;2.2.3;https://www.npmjs.com/package/%40rspack%2Fbinding-darwin-x64;npm install @rspack/binding-darwin-x64@2.2.3;transitive (не определено по lockfile);Транзитивная зависимость. Версию менять только через npm update / пересборку lockfile; самостоятельный апгрейд может нарушить peer-зависимости родителя.;;не найден в опроснике
@rspack/binding-linux-arm64-gnu;2.2.3;2.2.3;https://www.npmjs.com/package/%40rspack%2Fbinding-linux-arm64-gnu;npm install @rspack/binding-linux-arm64-gnu@2.2.3;transitive (не определено по lockfile);Транзитивная зависимость. Версию менять только через npm update / пересборку lockfile; самостоятельный апгрейд может нарушить peer-зависимости родителя.;;не найден в опроснике
@rspack/binding-linux-arm64-musl;2.2.3;2.2.3;https://www.npmjs.com/package/%40rspack%2Fbinding-linux-arm64-musl;npm install @rspack/binding-linux-arm64-musl@2.2.3;transitive (не определено по lockfile);Транзитивная зависимость. Версию менять только через npm update / пересборку lockfile; самостоятельный апгрейд может нарушить peer-зависимости родителя.;;не найден в опроснике
@rspack/binding-linux-ppc64-gnu;2.2.3;2.2.3;https://www.npmjs.com/package/%40rspack%2Fbinding-linux-ppc64-gnu;npm install @rspack/binding-linux-ppc64-gnu@2.2.3;transitive (не определено по lockfile);Транзитивная зависимость. Версию менять только через npm update / пересборку lockfile; самостоятельный апгрейд может нарушить peer-зависимости родителя.;;не найден в опроснике
@rspack/binding-linux-riscv64-gnu;2.2.3;2.2.3;https://www.npmjs.com/package/%40rspack%2Fbinding-linux-riscv64-gnu;npm install @rspack/binding-linux-riscv64-gnu@2.2.3;transitive (не определено по lockfile);Транзитивная зависимость. Версию менять только через npm update / пересборку lockfile; самостоятельный апгрейд может нарушить peer-зависимости родителя.;;не найден в опроснике
@rspack/binding-linux-riscv64-musl;2.2.3;2.2.3;https://www.npmjs.com/package/%40rspack%2Fbinding-linux-riscv64-musl;npm install @rspack/binding-linux-riscv64-musl@2.2.3;transitive (не определено по lockfile);Транзитивная зависимость. Версию менять только через npm update / пересборку lockfile; самостоятельный апгрейд может нарушить peer-зависимости родителя.;;не найден в опроснике
@rspack/binding-linux-s390x-gnu;2.2.3;2.2.3;https://www.npmjs.com/package/%40rspack%2Fbinding-linux-s390x-gnu;npm install @rspack/binding-linux-s390x-gnu@2.2.3;transitive (не определено по lockfile);Транзитивная зависимость. Версию менять только через npm update / пересборку lockfile; самостоятельный апгрейд может нарушить peer-зависимости родителя.;;не найден в опроснике
@rspack/binding-linux-x64-gnu;2.2.3;2.2.3;https://www.npmjs.com/package/%40rspack%2Fbinding-linux-x64-gnu;npm install @rspack/binding-linux-x64-gnu@2.2.3;transitive (не определено по lockfile);Транзитивная зависимость. Версию менять только через npm update / пересборку lockfile; самостоятельный апгрейд может нарушить peer-зависимости родителя.;;не найден в опроснике
@rspack/binding-linux-x64-musl;2.2.3;2.2.3;https://www.npmjs.com/package/%40rspack%2Fbinding-linux-x64-musl;npm install @rspack/binding-linux-x64-musl@2.2.3;transitive (не определено по lockfile);Транзитивная зависимость. Версию менять только через npm update / пересборку lockfile; самостоятельный апгрейд может нарушить peer-зависимости родителя.;;не найден в опроснике
@rspack/binding-wasm32-wasi;2.2.3;2.2.3;https://www.npmjs.com/package/%40rspack%2Fbinding-wasm32-wasi;npm install @rspack/binding-wasm32-wasi@2.2.3;transitive (не определено по lockfile);Транзитивная зависимость. Версию менять только через npm update / пересборку lockfile; самостоятельный апгрейд может нарушить peer-зависимости родителя.;;не найден в опроснике
@rspack/binding-win32-arm64-msvc;2.2.3;2.2.3;https://www.npmjs.com/package/%40rspack%2Fbinding-win32-arm64-msvc;npm install @rspack/binding-win32-arm64-msvc@2.2.3;transitive (не определено по lockfile);Транзитивная зависимость. Версию менять только через npm update / пересборку lockfile; самостоятельный апгрейд может нарушить peer-зависимости родителя.;;не найден в опроснике
@rspack/binding-win32-ia32-msvc;2.2.3;2.2.3;https://www.npmjs.com/package/%40rspack%2Fbinding-win32-ia32-msvc;npm install @rspack/binding-win32-ia32-msvc@2.2.3;transitive (не определено по lockfile);Транзитивная зависимость. Версию менять только через npm update / пересборку lockfile; самостоятельный апгрейд может нарушить peer-зависимости родителя.;;не найден в опроснике
@rspack/binding-win32-x64-msvc;2.2.3;2.2.3;https://www.npmjs.com/package/%40rspack%2Fbinding-win32-x64-msvc;npm install @rspack/binding-win32-x64-msvc@2.2.3;transitive (не определено по lockfile);Транзитивная зависимость. Версию менять только через npm update / пересборку lockfile; самостоятельный апгрейд может нарушить peer-зависимости родителя.;;не найден в опроснике
@rspack/core;2.2.3;2.2.3;https://www.npmjs.com/package/%40rspack%2Fcore;npm install @rspack/core@2.2.3;transitive (не определено по lockfile);Транзитивная зависимость. Версию менять только через npm update / пересборку lockfile; самостоятельный апгрейд может нарушить peer-зависимости родителя.;2.2.1;версия не совпадает
@schematics/angular;22.1.8;22.1.8;https://www.npmjs.com/package/%40schematics%2Fangular;npm install @schematics/angular@22.1.8;@angular-builders/common, @angular-builders/jest, @angular/cli;Транзитивная зависимость. Версию менять только через npm update / пересборку lockfile; самостоятельный апгрейд может нарушить peer-зависимости родителя.;22.1.6;версия не совпадает
@sinonjs/commons;3.0.1;3.0.1;https://www.npmjs.com/package/%40sinonjs%2Fcommons;npm install @sinonjs/commons@3.0.1;@sinonjs/fake-timers;Транзитивная зависимость. Версию менять только через npm update / пересборку lockfile; самостоятельный апгрейд может нарушить peer-зависимости родителя.;4.0.0-alpha.0;версия не совпадает
@softarc/native-federation;4.5.0;4.5.0;https://www.npmjs.com/package/%40softarc%2Fnative-federation;npm install @softarc/native-federation@4.5.0;@angular-architects/native-federation;Транзитивная зависимость. Версию менять только через npm update / пересборку lockfile; самостоятельный апгрейд может нарушить peer-зависимости родителя.;;не найден в опроснике
@softarc/native-federation-orchestrator;4.6.1;4.6.1;https://www.npmjs.com/package/%40softarc%2Fnative-federation-orchestrator;npm install @softarc/native-federation-orchestrator@4.6.1;@angular-architects/native-federation;Транзитивная зависимость. Версию менять только через npm update / пересборку lockfile; самостоятельный апгрейд может нарушить peer-зависимости родителя.;;не найден в опроснике
@softarc/native-federation-runtime;3.5.6;3.5.6;https://www.npmjs.com/package/%40softarc%2Fnative-federation-runtime;npm install @softarc/native-federation-runtime@3.5.6;@softarc/native-federation-node;Транзитивная зависимость. Версию менять только через npm update / пересборку lockfile; самостоятельный апгрейд может нарушить peer-зависимости родителя.;;не найден в опроснике
@softarc/sheriff-core;0.19.6;0.19.6;https://www.npmjs.com/package/%40softarc%2Fsheriff-core;npm install @softarc/sheriff-core@0.19.6;@softarc/native-federation;Транзитивная зависимость. Версию менять только через npm update / пересборку lockfile; самостоятельный апгрейд может нарушить peer-зависимости родителя.;;не найден в опроснике
@standard-schema/spec;1.1.0;1.1.0;https://www.npmjs.com/package/%40standard-schema%2Fspec;npm install @standard-schema/spec@1.1.0;@angular/forms;Транзитивная зависимость. Версию менять только через npm update / пересборку lockfile; самостоятельный апгрейд может нарушить peer-зависимости родителя.;;не найден в опроснике
@types/express;4.17.25;4.17.25;https://www.npmjs.com/package/%40types%2Fexpress;npm install @types/express@4.17.25;@types/serve-index, webpack-dev-server;Транзитивная зависимость. Версию менять только через npm update / пересборку lockfile; самостоятельный апгрейд может нарушить peer-зависимости родителя.;5.0.6;версия не совпадает
@types/express-serve-static-core;4.19.9;4.19.9;https://www.npmjs.com/package/%40types%2Fexpress-serve-static-core;npm install @types/express-serve-static-core@4.19.9;@types/connect-history-api-fallback, @types/express, webpack-dev-server;Транзитивная зависимость. Версию менять только через npm update / пересборку lockfile; самостоятельный апгрейд может нарушить peer-зависимости родителя.;5.1.3;версия не совпадает
@types/gensync;1.0.5;1.0.5;https://www.npmjs.com/package/%40types%2Fgensync;npm install @types/gensync@1.0.5;@babel/core;Транзитивная зависимость. Версию менять только через npm update / пересборку lockfile; самостоятельный апгрейд может нарушить peer-зависимости родителя.;;не найден в опроснике
@types/jsesc;2.5.1;2.5.1;https://www.npmjs.com/package/%40types%2Fjsesc;npm install @types/jsesc@2.5.1;@babel/generator;Транзитивная зависимость. Версию менять только через npm update / пересборку lockfile; самостоятельный апгрейд может нарушить peer-зависимости родителя.;;не найден в опроснике
@types/less;3.0.8;3.0.8;https://www.npmjs.com/package/%40types%2Fless;npm install @types/less@3.0.8;less-loader;Транзитивная зависимость. Версию менять только через npm update / пересборку lockfile; самостоятельный апгрейд может нарушить peer-зависимости родителя.;;не найден в опроснике
@types/mime;1.3.5;1.3.5;https://www.npmjs.com/package/%40types%2Fmime;npm install @types/mime@1.3.5;@types/send;Транзитивная зависимость. Версию менять только через npm update / пересборку lockfile; самостоятельный апгрейд может нарушить peer-зависимости родителя.;4.0.0;версия не совпадает
@types/node;22.20.2;22.20.2;https://www.npmjs.com/package/%40types%2Fnode;npm install @types/node@22.20.2;@jest/console, @jest/core, @jest/environment, @jest/environment-jsdom-abstract, @jest/fake-timers, @jest/pattern, @jest/reporters, @jest/types, @types/body-parser, @types/bonjour, @types/connect, @types/connect-history-api-fallback, @types/express-serve-static-core, @types/http-proxy, @types/jsdom, @types/send, @types/serve-static, @types/sockjs, @types/ws, jest-circus, jest-environment-node, jest-haste-map, jest-mock, jest-runner, jest-runtime, jest-util, jest-watcher, jest-worker;Транзитивная зависимость. Версию менять только через npm update / пересборку lockfile; самостоятельный апгрейд может нарушить peer-зависимости родителя.;26.4.0;версия не совпадает
@types/retry;0.12.2;0.12.2;https://www.npmjs.com/package/%40types%2Fretry;npm install @types/retry@0.12.2;p-retry;Транзитивная зависимость. Версию менять только через npm update / пересборку lockfile; самостоятельный апгрейд может нарушить peer-зависимости родителя.;0.12.5;версия не совпадает
@types/serve-static;1.15.10;1.15.10;https://www.npmjs.com/package/%40types%2Fserve-static;npm install @types/serve-static@1.15.10;@types/express, webpack-dev-server;Транзитивная зависимость. Версию менять только через npm update / пересборку lockfile; самостоятельный апгрейд может нарушить peer-зависимости родителя.;2.2.0;версия не совпадает
@typescript-eslint/eslint-plugin;8.70.0;8.70.0;https://www.npmjs.com/package/%40typescript-eslint%2Feslint-plugin;npm install @typescript-eslint/eslint-plugin@8.70.0;typescript-eslint;Транзитивная зависимость. Версию менять только через npm update / пересборку lockfile; самостоятельный апгрейд может нарушить peer-зависимости родителя.;8.69.0;версия не совпадает
@typescript-eslint/parser;8.70.0;8.70.0;https://www.npmjs.com/package/%40typescript-eslint%2Fparser;npm install @typescript-eslint/parser@8.70.0;typescript-eslint;Транзитивная зависимость. Версию менять только через npm update / пересборку lockfile; самостоятельный апгрейд может нарушить peer-зависимости родителя.;8.69.0;версия не совпадает
@typescript-eslint/project-service;8.70.0;8.70.0;https://www.npmjs.com/package/%40typescript-eslint%2Fproject-service;npm install @typescript-eslint/project-service@8.70.0;@typescript-eslint/typescript-estree;Транзитивная зависимость. Версию менять только через npm update / пересборку lockfile; самостоятельный апгрейд может нарушить peer-зависимости родителя.;8.69.0;версия не совпадает
@typescript-eslint/scope-manager;8.70.0;8.70.0;https://www.npmjs.com/package/%40typescript-eslint%2Fscope-manager;npm install @typescript-eslint/scope-manager@8.70.0;@typescript-eslint/eslint-plugin, @typescript-eslint/parser, @typescript-eslint/utils;Транзитивная зависимость. Версию менять только через npm update / пересборку lockfile; самостоятельный апгрейд может нарушить peer-зависимости родителя.;8.69.0;версия не совпадает
@typescript-eslint/tsconfig-utils;8.70.0;8.70.0;https://www.npmjs.com/package/%40typescript-eslint%2Ftsconfig-utils;npm install @typescript-eslint/tsconfig-utils@8.70.0;@typescript-eslint/project-service, @typescript-eslint/typescript-estree;Транзитивная зависимость. Версию менять только через npm update / пересборку lockfile; самостоятельный апгрейд может нарушить peer-зависимости родителя.;8.69.0;версия не совпадает
@typescript-eslint/type-utils;8.70.0;8.70.0;https://www.npmjs.com/package/%40typescript-eslint%2Ftype-utils;npm install @typescript-eslint/type-utils@8.70.0;@typescript-eslint/eslint-plugin;Транзитивная зависимость. Версию менять только через npm update / пересборку lockfile; самостоятельный апгрейд может нарушить peer-зависимости родителя.;8.69.0;версия не совпадает
@typescript-eslint/types;8.70.0;8.70.0;https://www.npmjs.com/package/%40typescript-eslint%2Ftypes;npm install @typescript-eslint/types@8.70.0;@typescript-eslint/parser, @typescript-eslint/project-service, @typescript-eslint/scope-manager, @typescript-eslint/type-utils, @typescript-eslint/typescript-estree, @typescript-eslint/utils, @typescript-eslint/visitor-keys, angular-eslint;Транзитивная зависимость. Версию менять только через npm update / пересборку lockfile; самостоятельный апгрейд может нарушить peer-зависимости родителя.;8.69.0;версия не совпадает
@typescript-eslint/typescript-estree;8.70.0;8.70.0;https://www.npmjs.com/package/%40typescript-eslint%2Ftypescript-estree;npm install @typescript-eslint/typescript-estree@8.70.0;@typescript-eslint/parser, @typescript-eslint/type-utils, @typescript-eslint/utils, typescript-eslint;Транзитивная зависимость. Версию менять только через npm update / пересборку lockfile; самостоятельный апгрейд может нарушить peer-зависимости родителя.;8.69.0;версия не совпадает
@typescript-eslint/utils;8.70.0;8.70.0;https://www.npmjs.com/package/%40typescript-eslint%2Futils;npm install @typescript-eslint/utils@8.70.0;@typescript-eslint/eslint-plugin, @typescript-eslint/type-utils, angular-eslint, typescript-eslint;Транзитивная зависимость. Версию менять только через npm update / пересборку lockfile; самостоятельный апгрейд может нарушить peer-зависимости родителя.;8.69.0;версия не совпадает
@typescript-eslint/visitor-keys;8.70.0;8.70.0;https://www.npmjs.com/package/%40typescript-eslint%2Fvisitor-keys;npm install @typescript-eslint/visitor-keys@8.70.0;@typescript-eslint/eslint-plugin, @typescript-eslint/parser, @typescript-eslint/scope-manager, @typescript-eslint/typescript-estree;Транзитивная зависимость. Версию менять только через npm update / пересборку lockfile; самостоятельный апгрейд может нарушить peer-зависимости родителя.;8.69.0;версия не совпадает
@unrs/resolver-binding-android-arm-eabi;1.12.2;1.12.2;https://www.npmjs.com/package/%40unrs%2Fresolver-binding-android-arm-eabi;npm install @unrs/resolver-binding-android-arm-eabi@1.12.2;transitive (не определено по lockfile);Транзитивная зависимость. Версию менять только через npm update / пересборку lockfile; самостоятельный апгрейд может нарушить peer-зависимости родителя.;;не найден в опроснике
@unrs/resolver-binding-android-arm64;1.12.2;1.12.2;https://www.npmjs.com/package/%40unrs%2Fresolver-binding-android-arm64;npm install @unrs/resolver-binding-android-arm64@1.12.2;transitive (не определено по lockfile);Транзитивная зависимость. Версию менять только через npm update / пересборку lockfile; самостоятельный апгрейд может нарушить peer-зависимости родителя.;;не найден в опроснике
@unrs/resolver-binding-darwin-arm64;1.12.2;1.12.2;https://www.npmjs.com/package/%40unrs%2Fresolver-binding-darwin-arm64;npm install @unrs/resolver-binding-darwin-arm64@1.12.2;transitive (не определено по lockfile);Транзитивная зависимость. Версию менять только через npm update / пересборку lockfile; самостоятельный апгрейд может нарушить peer-зависимости родителя.;;не найден в опроснике
@unrs/resolver-binding-darwin-x64;1.12.2;1.12.2;https://www.npmjs.com/package/%40unrs%2Fresolver-binding-darwin-x64;npm install @unrs/resolver-binding-darwin-x64@1.12.2;transitive (не определено по lockfile);Транзитивная зависимость. Версию менять только через npm update / пересборку lockfile; самостоятельный апгрейд может нарушить peer-зависимости родителя.;;не найден в опроснике
@unrs/resolver-binding-freebsd-x64;1.12.2;1.12.2;https://www.npmjs.com/package/%40unrs%2Fresolver-binding-freebsd-x64;npm install @unrs/resolver-binding-freebsd-x64@1.12.2;transitive (не определено по lockfile);Транзитивная зависимость. Версию менять только через npm update / пересборку lockfile; самостоятельный апгрейд может нарушить peer-зависимости родителя.;;не найден в опроснике
@unrs/resolver-binding-linux-arm-gnueabihf;1.12.2;1.12.2;https://www.npmjs.com/package/%40unrs%2Fresolver-binding-linux-arm-gnueabihf;npm install @unrs/resolver-binding-linux-arm-gnueabihf@1.12.2;transitive (не определено по lockfile);Транзитивная зависимость. Версию менять только через npm update / пересборку lockfile; самостоятельный апгрейд может нарушить peer-зависимости родителя.;;не найден в опроснике
@unrs/resolver-binding-linux-arm-musleabihf;1.12.2;1.12.2;https://www.npmjs.com/package/%40unrs%2Fresolver-binding-linux-arm-musleabihf;npm install @unrs/resolver-binding-linux-arm-musleabihf@1.12.2;transitive (не определено по lockfile);Транзитивная зависимость. Версию менять только через npm update / пересборку lockfile; самостоятельный апгрейд может нарушить peer-зависимости родителя.;;не найден в опроснике
@unrs/resolver-binding-linux-arm64-gnu;1.12.2;1.12.2;https://www.npmjs.com/package/%40unrs%2Fresolver-binding-linux-arm64-gnu;npm install @unrs/resolver-binding-linux-arm64-gnu@1.12.2;transitive (не определено по lockfile);Транзитивная зависимость. Версию менять только через npm update / пересборку lockfile; самостоятельный апгрейд может нарушить peer-зависимости родителя.;;не найден в опроснике
@unrs/resolver-binding-linux-arm64-musl;1.12.2;1.12.2;https://www.npmjs.com/package/%40unrs%2Fresolver-binding-linux-arm64-musl;npm install @unrs/resolver-binding-linux-arm64-musl@1.12.2;transitive (не определено по lockfile);Транзитивная зависимость. Версию менять только через npm update / пересборку lockfile; самостоятельный апгрейд может нарушить peer-зависимости родителя.;;не найден в опроснике
@unrs/resolver-binding-linux-loong64-gnu;1.12.2;1.12.2;https://www.npmjs.com/package/%40unrs%2Fresolver-binding-linux-loong64-gnu;npm install @unrs/resolver-binding-linux-loong64-gnu@1.12.2;transitive (не определено по lockfile);Транзитивная зависимость. Версию менять только через npm update / пересборку lockfile; самостоятельный апгрейд может нарушить peer-зависимости родителя.;;не найден в опроснике
@unrs/resolver-binding-linux-loong64-musl;1.12.2;1.12.2;https://www.npmjs.com/package/%40unrs%2Fresolver-binding-linux-loong64-musl;npm install @unrs/resolver-binding-linux-loong64-musl@1.12.2;transitive (не определено по lockfile);Транзитивная зависимость. Версию менять только через npm update / пересборку lockfile; самостоятельный апгрейд может нарушить peer-зависимости родителя.;;не найден в опроснике
@unrs/resolver-binding-linux-ppc64-gnu;1.12.2;1.12.2;https://www.npmjs.com/package/%40unrs%2Fresolver-binding-linux-ppc64-gnu;npm install @unrs/resolver-binding-linux-ppc64-gnu@1.12.2;transitive (не определено по lockfile);Транзитивная зависимость. Версию менять только через npm update / пересборку lockfile; самостоятельный апгрейд может нарушить peer-зависимости родителя.;;не найден в опроснике
@unrs/resolver-binding-linux-riscv64-gnu;1.12.2;1.12.2;https://www.npmjs.com/package/%40unrs%2Fresolver-binding-linux-riscv64-gnu;npm install @unrs/resolver-binding-linux-riscv64-gnu@1.12.2;transitive (не определено по lockfile);Транзитивная зависимость. Версию менять только через npm update / пересборку lockfile; самостоятельный апгрейд может нарушить peer-зависимости родителя.;;не найден в опроснике
@unrs/resolver-binding-linux-riscv64-musl;1.12.2;1.12.2;https://www.npmjs.com/package/%40unrs%2Fresolver-binding-linux-riscv64-musl;npm install @unrs/resolver-binding-linux-riscv64-musl@1.12.2;transitive (не определено по lockfile);Транзитивная зависимость. Версию менять только через npm update / пересборку lockfile; самостоятельный апгрейд может нарушить peer-зависимости родителя.;;не найден в опроснике
@unrs/resolver-binding-linux-s390x-gnu;1.12.2;1.12.2;https://www.npmjs.com/package/%40unrs%2Fresolver-binding-linux-s390x-gnu;npm install @unrs/resolver-binding-linux-s390x-gnu@1.12.2;transitive (не определено по lockfile);Транзитивная зависимость. Версию менять только через npm update / пересборку lockfile; самостоятельный апгрейд может нарушить peer-зависимости родителя.;;не найден в опроснике
@unrs/resolver-binding-linux-x64-gnu;1.12.2;1.12.2;https://www.npmjs.com/package/%40unrs%2Fresolver-binding-linux-x64-gnu;npm install @unrs/resolver-binding-linux-x64-gnu@1.12.2;transitive (не определено по lockfile);Транзитивная зависимость. Версию менять только через npm update / пересборку lockfile; самостоятельный апгрейд может нарушить peer-зависимости родителя.;;не найден в опроснике
@unrs/resolver-binding-linux-x64-musl;1.12.2;1.12.2;https://www.npmjs.com/package/%40unrs%2Fresolver-binding-linux-x64-musl;npm install @unrs/resolver-binding-linux-x64-musl@1.12.2;transitive (не определено по lockfile);Транзитивная зависимость. Версию менять только через npm update / пересборку lockfile; самостоятельный апгрейд может нарушить peer-зависимости родителя.;;не найден в опроснике
@unrs/resolver-binding-openharmony-arm64;1.12.2;1.12.2;https://www.npmjs.com/package/%40unrs%2Fresolver-binding-openharmony-arm64;npm install @unrs/resolver-binding-openharmony-arm64@1.12.2;transitive (не определено по lockfile);Транзитивная зависимость. Версию менять только через npm update / пересборку lockfile; самостоятельный апгрейд может нарушить peer-зависимости родителя.;;не найден в опроснике
@unrs/resolver-binding-wasm32-wasi;1.12.2;1.12.2;https://www.npmjs.com/package/%40unrs%2Fresolver-binding-wasm32-wasi;npm install @unrs/resolver-binding-wasm32-wasi@1.12.2;transitive (не определено по lockfile);Транзитивная зависимость. Версию менять только через npm update / пересборку lockfile; самостоятельный апгрейд может нарушить peer-зависимости родителя.;;не найден в опроснике
@unrs/resolver-binding-win32-arm64-msvc;1.12.2;1.12.2;https://www.npmjs.com/package/%40unrs%2Fresolver-binding-win32-arm64-msvc;npm install @unrs/resolver-binding-win32-arm64-msvc@1.12.2;transitive (не определено по lockfile);Транзитивная зависимость. Версию менять только через npm update / пересборку lockfile; самостоятельный апгрейд может нарушить peer-зависимости родителя.;;не найден в опроснике
@unrs/resolver-binding-win32-ia32-msvc;1.12.2;1.12.2;https://www.npmjs.com/package/%40unrs%2Fresolver-binding-win32-ia32-msvc;npm install @unrs/resolver-binding-win32-ia32-msvc@1.12.2;transitive (не определено по lockfile);Транзитивная зависимость. Версию менять только через npm update / пересборку lockfile; самостоятельный апгрейд может нарушить peer-зависимости родителя.;;не найден в опроснике
@unrs/resolver-binding-win32-x64-msvc;1.12.2;1.12.2;https://www.npmjs.com/package/%40unrs%2Fresolver-binding-win32-x64-msvc;npm install @unrs/resolver-binding-win32-x64-msvc@1.12.2;transitive (не определено по lockfile);Транзитивная зависимость. Версию менять только через npm update / пересборку lockfile; самостоятельный апгрейд может нарушить peer-зависимости родителя.;;не найден в опроснике
@webassemblyjs/floating-point-hex-parser;1.13.2;1.13.2;https://www.npmjs.com/package/%40webassemblyjs%2Ffloating-point-hex-parser;npm install @webassemblyjs/floating-point-hex-parser@1.13.2;@webassemblyjs/helper-numbers;Транзитивная зависимость. Версию менять только через npm update / пересборку lockfile; самостоятельный апгрейд может нарушить peer-зависимости родителя.;1.14.1;версия не совпадает
@webassemblyjs/helper-api-error;1.13.2;1.13.2;https://www.npmjs.com/package/%40webassemblyjs%2Fhelper-api-error;npm install @webassemblyjs/helper-api-error@1.13.2;@webassemblyjs/helper-numbers, @webassemblyjs/wasm-parser;Транзитивная зависимость. Версию менять только через npm update / пересборку lockfile; самостоятельный апгрейд может нарушить peer-зависимости родителя.;1.14.1;версия не совпадает
@webassemblyjs/helper-numbers;1.13.2;1.13.2;https://www.npmjs.com/package/%40webassemblyjs%2Fhelper-numbers;npm install @webassemblyjs/helper-numbers@1.13.2;@webassemblyjs/ast;Транзитивная зависимость. Версию менять только через npm update / пересборку lockfile; самостоятельный апгрейд может нарушить peer-зависимости родителя.;1.14.1;версия не совпадает
@webassemblyjs/helper-wasm-bytecode;1.13.2;1.13.2;https://www.npmjs.com/package/%40webassemblyjs%2Fhelper-wasm-bytecode;npm install @webassemblyjs/helper-wasm-bytecode@1.13.2;@webassemblyjs/ast, @webassemblyjs/helper-wasm-section, @webassemblyjs/wasm-edit, @webassemblyjs/wasm-gen, @webassemblyjs/wasm-parser;Транзитивная зависимость. Версию менять только через npm update / пересборку lockfile; самостоятельный апгрейд может нарушить peer-зависимости родителя.;1.14.1;версия не совпадает
@webassemblyjs/ieee754;1.13.2;1.13.2;https://www.npmjs.com/package/%40webassemblyjs%2Fieee754;npm install @webassemblyjs/ieee754@1.13.2;@webassemblyjs/wasm-gen, @webassemblyjs/wasm-parser;Транзитивная зависимость. Версию менять только через npm update / пересборку lockfile; самостоятельный апгрейд может нарушить peer-зависимости родителя.;1.14.1;версия не совпадает
@webassemblyjs/leb128;1.13.2;1.13.2;https://www.npmjs.com/package/%40webassemblyjs%2Fleb128;npm install @webassemblyjs/leb128@1.13.2;@webassemblyjs/wasm-gen, @webassemblyjs/wasm-parser;Транзитивная зависимость. Версию менять только через npm update / пересборку lockfile; самостоятельный апгрейд может нарушить peer-зависимости родителя.;1.14.1;версия не совпадает
@webassemblyjs/utf8;1.13.2;1.13.2;https://www.npmjs.com/package/%40webassemblyjs%2Futf8;npm install @webassemblyjs/utf8@1.13.2;@webassemblyjs/wasm-gen, @webassemblyjs/wasm-parser;Транзитивная зависимость. Версию менять только через npm update / пересборку lockfile; самостоятельный апгрейд может нарушить peer-зависимости родителя.;1.14.1;версия не совпадает
accepts;2.0.0;2.0.0;https://www.npmjs.com/package/accepts;npm install accepts@2.0.0;express, serve-index;Транзитивная зависимость. Версию менять только через npm update / пересборку lockfile; самостоятельный апгрейд может нарушить peer-зависимости родителя.;1.3.8;версия не совпадает
adjust-sourcemap-loader;4.0.0;4.0.0;https://www.npmjs.com/package/adjust-sourcemap-loader;npm install adjust-sourcemap-loader@4.0.0;resolve-url-loader;Транзитивная зависимость. Версию менять только через npm update / пересборку lockfile; самостоятельный апгрейд может нарушить peer-зависимости родителя.;5.0.0;версия не совпадает
adm-zip;0.6.0;0.6.0;https://www.npmjs.com/package/adm-zip;npm install adm-zip@0.6.0;@module-federation/dts-plugin;Транзитивная зависимость. Версию менять только через npm update / пересборку lockfile; самостоятельный апгрейд может нарушить peer-зависимости родителя.;;не найден в опроснике
ansi-styles;6.2.3;6.2.3;https://www.npmjs.com/package/ansi-styles;npm install ansi-styles@6.2.3;chalk, pretty-format, slice-ansi, wrap-ansi, wrap-ansi-cjs;Транзитивная зависимость. Версию менять только через npm update / пересборку lockfile; самостоятельный апгрейд может нарушить peer-зависимости родителя.;7.0.0;версия не совпадает
argparse;1.0.10;1.0.10;https://www.npmjs.com/package/argparse;npm install argparse@1.0.10;js-yaml;Транзитивная зависимость. Версию менять только через npm update / пересборку lockfile; самостоятельный апгрейд может нарушить peer-зависимости родителя.;3.0.1;версия не совпадает
array-flatten;1.1.1;1.1.1;https://www.npmjs.com/package/array-flatten;npm install array-flatten@1.1.1;express;Транзитивная зависимость. Версию менять только через npm update / пересборку lockfile; самостоятельный апгрейд может нарушить peer-зависимости родителя.;3.0.0;версия не совпадает
asn1js;3.0.10;3.0.10;https://www.npmjs.com/package/asn1js;npm install asn1js@3.0.10;@peculiar/asn1-cms, @peculiar/asn1-csr, @peculiar/asn1-ecc, @peculiar/asn1-pfx, @peculiar/asn1-pkcs8, @peculiar/asn1-pkcs9, @peculiar/asn1-rsa, @peculiar/asn1-schema, @peculiar/asn1-x509, @peculiar/asn1-x509-attr, pkijs;Транзитивная зависимость. Версию менять только через npm update / пересборку lockfile; самостоятельный апгрейд может нарушить peer-зависимости родителя.;;не найден в опроснике
baseline-browser-mapping;2.11.22;2.11.22;https://www.npmjs.com/package/baseline-browser-mapping;npm install baseline-browser-mapping@2.11.22;browserslist;Транзитивная зависимость. Версию менять только через npm update / пересборку lockfile; самостоятельный апгрейд может нарушить peer-зависимости родителя.;2.11.20;версия не совпадает
beasties;0.4.3;0.4.3;https://www.npmjs.com/package/beasties;npm install beasties@0.4.3;@angular/build;Транзитивная зависимость. Версию менять только через npm update / пересборку lockfile; самостоятельный апгрейд может нарушить peer-зависимости родителя.;;не найден в опроснике
bidi-js;1.1.0;1.1.0;https://www.npmjs.com/package/bidi-js;npm install bidi-js@1.1.0;@asamuzakjp/dom-selector;Транзитивная зависимость. Версию менять только через npm update / пересборку lockfile; самостоятельный апгрейд может нарушить peer-зависимости родителя.;;не найден в опроснике
big.js;5.2.2;5.2.2;https://www.npmjs.com/package/big.js;npm install big.js@5.2.2;loader-utils;Транзитивная зависимость. Версию менять только через npm update / пересборку lockfile; самостоятельный апгрейд может нарушить peer-зависимости родителя.;7.0.1;версия не совпадает
binary-extensions;2.3.0;2.3.0;https://www.npmjs.com/package/binary-extensions;npm install binary-extensions@2.3.0;is-binary-path;Транзитивная зависимость. Версию менять только через npm update / пересборку lockfile; самостоятельный апгрейд может нарушить peer-зависимости родителя.;3.1.0;версия не совпадает
boolbase;1.0.0;1.0.0;https://www.npmjs.com/package/boolbase;npm install boolbase@1.0.0;css-select, nth-check;Транзитивная зависимость. Версию менять только через npm update / пересборку lockfile; самостоятельный апгрейд может нарушить peer-зависимости родителя.;2.0.0;версия не совпадает
browserslist;4.28.9;4.28.9;https://www.npmjs.com/package/browserslist;npm install browserslist@4.28.9;@angular-devkit/build-angular, @angular/build, @babel/helper-compilation-targets, autoprefixer, core-js-compat, webpack;Транзитивная зависимость. Версию менять только через npm update / пересборку lockfile; самостоятельный апгрейд может нарушить peer-зависимости родителя.;4.28.8;версия не совпадает
bytestreamjs;2.0.1;2.0.1;https://www.npmjs.com/package/bytestreamjs;npm install bytestreamjs@2.0.1;pkijs;Транзитивная зависимость. Версию менять только через npm update / пересборку lockfile; самостоятельный апгрейд может нарушить peer-зависимости родителя.;;не найден в опроснике
cacheable;2.5.0;2.5.0;https://www.npmjs.com/package/cacheable;npm install cacheable@2.5.0;flat-cache;Транзитивная зависимость. Версию менять только через npm update / пересборку lockfile; самостоятельный апгрейд может нарушить peer-зависимости родителя.;;не найден в опроснике
callsites;3.1.0;3.1.0;https://www.npmjs.com/package/callsites;npm install callsites@3.1.0;@jest/source-map, parent-module;Транзитивная зависимость. Версию менять только через npm update / пересборку lockfile; самостоятельный апгрейд может нарушить peer-зависимости родителя.;4.2.0;версия не совпадает
camelcase;5.3.1;5.3.1;https://www.npmjs.com/package/camelcase;npm install camelcase@5.3.1;@istanbuljs/load-nyc-config, jest-validate;Транзитивная зависимость. Версию менять только через npm update / пересборку lockfile; самостоятельный апгрейд может нарушить peer-зависимости родителя.;9.0.0;версия не совпадает
chalk;5.6.2;5.6.2;https://www.npmjs.com/package/chalk;npm install chalk@5.6.2;@angular-architects/module-federation, @jest/console, @jest/core, @jest/reporters, @jest/snapshot-utils, @jest/transform, @jest/types, @softarc/native-federation, babel-jest, jest-circus, jest-cli, jest-config, jest-diff, jest-each, jest-matcher-utils, jest-message-util, jest-resolve, jest-runner, jest-runtime, jest-snapshot, jest-util, jest-validate, jest-watcher, ora;Транзитивная зависимость. Версию менять только через npm update / пересборку lockfile; самостоятельный апгрейд может нарушить peer-зависимости родителя.;6.0.0;версия не совпадает
char-regex;1.0.2;1.0.2;https://www.npmjs.com/package/char-regex;npm install char-regex@1.0.2;string-length;Транзитивная зависимость. Версию менять только через npm update / пересборку lockfile; самостоятельный апгрейд может нарушить peer-зависимости родителя.;2.0.2;версия не совпадает
cjs-module-lexer;1.4.3;1.4.3;https://www.npmjs.com/package/cjs-module-lexer;npm install cjs-module-lexer@1.4.3;@chialab/estransform, jest-runtime;Транзитивная зависимость. Версию менять только через npm update / пересборку lockfile; самостоятельный апгрейд может нарушить peer-зависимости родителя.;2.2.1;версия не совпадает
cli-truncate;6.1.1;6.1.1;https://www.npmjs.com/package/cli-truncate;npm install cli-truncate@6.1.1;listr2;Транзитивная зависимость. Версию менять только через npm update / пересборку lockfile; самостоятельный апгрейд может нарушить peer-зависимости родителя.;;не найден в опроснике
color-convert;2.0.1;2.0.1;https://www.npmjs.com/package/color-convert;npm install color-convert@2.0.1;ansi-styles;Транзитивная зависимость. Версию менять только через npm update / пересборку lockfile; самостоятельный апгрейд может нарушить peer-зависимости родителя.;3.1.3;версия не совпадает
color-name;1.1.4;1.1.4;https://www.npmjs.com/package/color-name;npm install color-name@1.1.4;color-convert;Транзитивная зависимость. Версию менять только через npm update / пересборку lockfile; самостоятельный апгрейд может нарушить peer-зависимости родителя.;2.1.1;версия не совпадает
commander;11.1.0;11.1.0;https://www.npmjs.com/package/commander;npm install commander@11.1.0;@module-federation/cli, terser;Транзитивная зависимость. Версию менять только через npm update / пересборку lockfile; самостоятельный апгрейд может нарушить peer-зависимости родителя.;15.0.0;версия не совпадает
content-disposition;1.1.0;1.1.0;https://www.npmjs.com/package/content-disposition;npm install content-disposition@1.1.0;express;Транзитивная зависимость. Версию менять только через npm update / пересборку lockfile; самостоятельный апгрейд может нарушить peer-зависимости родителя.;3.0.0;версия не совпадает
content-type;1.0.5;1.0.5;https://www.npmjs.com/package/content-type;npm install content-type@1.0.5;@modelcontextprotocol/sdk, body-parser, express, negotiator, type-is;Транзитивная зависимость. Версию менять только через npm update / пересборку lockfile; самостоятельный апгрейд может нарушить peer-зависимости родителя.;3.0.0;версия не совпадает
convert-source-map;1.9.0;1.9.0;https://www.npmjs.com/package/convert-source-map;npm install convert-source-map@1.9.0;@angular/compiler-cli, @babel/core, @jest/source-map, @jest/transform, resolve-url-loader, v8-to-istanbul;Транзитивная зависимость. Версию менять только через npm update / пересборку lockfile; самостоятельный апгрейд может нарушить peer-зависимости родителя.;2.0.0;версия не совпадает
cookie;0.7.2;0.7.2;https://www.npmjs.com/package/cookie;npm install cookie@0.7.2;express;Транзитивная зависимость. Версию менять только через npm update / пересборку lockfile; самостоятельный апгрейд может нарушить peer-зависимости родителя.;2.0.1;версия не совпадает
copy-anything;3.0.5;3.0.5;https://www.npmjs.com/package/copy-anything;npm install copy-anything@3.0.5;less;Транзитивная зависимость. Версию менять только через npm update / пересборку lockfile; самостоятельный апгрейд может нарушить peer-зависимости родителя.;4.1.0;версия не совпадает
cors;2.8.6;2.8.6;https://www.npmjs.com/package/cors;npm install cors@2.8.6;@modelcontextprotocol/sdk;Транзитивная зависимость. Версию менять только через npm update / пересборку lockfile; самостоятельный апгрейд может нарушить peer-зависимости родителя.;;не найден в опроснике
cosmiconfig;9.0.2;9.0.2;https://www.npmjs.com/package/cosmiconfig;npm install cosmiconfig@9.0.2;postcss-loader;Транзитивная зависимость. Версию менять только через npm update / пересборку lockfile; самостоятельный апгрейд может нарушить peer-зависимости родителя.;10.0.1;версия не совпадает
css-loader;7.1.4;7.1.4;https://www.npmjs.com/package/css-loader;npm install css-loader@7.1.4;@angular-devkit/build-angular;Транзитивная зависимость. Версию менять только через npm update / пересборку lockfile; самостоятельный апгрейд может нарушить peer-зависимости родителя.;7.1.5;версия не совпадает
css-select;6.0.0;6.0.0;https://www.npmjs.com/package/css-select;npm install css-select@6.0.0;beasties;Транзитивная зависимость. Версию менять только через npm update / пересборку lockfile; самостоятельный апгрейд может нарушить peer-зависимости родителя.;7.0.0;версия не совпадает
css-tree;3.2.1;3.2.1;https://www.npmjs.com/package/css-tree;npm install css-tree@3.2.1;@asamuzakjp/dom-selector, @bramus/specificity, jsdom;Транзитивная зависимость. Версию менять только через npm update / пересборку lockfile; самостоятельный апгрейд может нарушить peer-зависимости родителя.;;не найден в опроснике
css-what;7.0.0;7.0.0;https://www.npmjs.com/package/css-what;npm install css-what@7.0.0;beasties, css-select;Транзитивная зависимость. Версию менять только через npm update / пересборку lockfile; самостоятельный апгрейд может нарушить peer-зависимости родителя.;8.0.0;версия не совпадает
cssstyle;4.6.0;4.6.0;https://www.npmjs.com/package/cssstyle;npm install cssstyle@4.6.0;jsdom;Транзитивная зависимость. Версию менять только через npm update / пересборку lockfile; самостоятельный апгрейд может нарушить peer-зависимости родителя.;6.2.0;версия не совпадает
data-uri-to-buffer;4.0.1;4.0.1;https://www.npmjs.com/package/data-uri-to-buffer;npm install data-uri-to-buffer@4.0.1;node-fetch;Транзитивная зависимость. Версию менять только через npm update / пересборку lockfile; самостоятельный апгрейд может нарушить peer-зависимости родителя.;;не найден в опроснике
detect-libc;1.0.3;1.0.3;https://www.npmjs.com/package/detect-libc;npm install detect-libc@1.0.3;@parcel/source-map, @parcel/watcher, lightningcss, node-gyp-build-optional-packages;Транзитивная зависимость. Версию менять только через npm update / пересборку lockfile; самостоятельный апгрейд может нарушить peer-зависимости родителя.;;не найден в опроснике
detect-newline;3.1.0;3.1.0;https://www.npmjs.com/package/detect-newline;npm install detect-newline@3.1.0;jest-docblock;Транзитивная зависимость. Версию менять только через npm update / пересборку lockfile; самостоятельный апгрейд может нарушить peer-зависимости родителя.;4.0.1;версия не совпадает
dom-serializer;2.0.0;2.0.0;https://www.npmjs.com/package/dom-serializer;npm install dom-serializer@2.0.0;beasties, domutils;Транзитивная зависимость. Версию менять только через npm update / пересборку lockfile; самостоятельный апгрейд может нарушить peer-зависимости родителя.;3.1.1;версия не совпадает
domelementtype;2.3.0;2.3.0;https://www.npmjs.com/package/domelementtype;npm install domelementtype@2.3.0;dom-serializer, domhandler, domutils, htmlparser2;Транзитивная зависимость. Версию менять только через npm update / пересборку lockfile; самостоятельный апгрейд может нарушить peer-зависимости родителя.;3.0.0;версия не совпадает
domhandler;5.0.3;5.0.3;https://www.npmjs.com/package/domhandler;npm install domhandler@5.0.3;beasties, css-select, dom-serializer, domutils, htmlparser2;Транзитивная зависимость. Версию менять только через npm update / пересборку lockfile; самостоятельный апгрейд может нарушить peer-зависимости родителя.;6.0.1;версия не совпадает
domutils;3.2.2;3.2.2;https://www.npmjs.com/package/domutils;npm install domutils@3.2.2;css-select, htmlparser2;Транзитивная зависимость. Версию менять только через npm update / пересборку lockfile; самостоятельный апгрейд может нарушить peer-зависимости родителя.;4.0.2;версия не совпадает
eastasianwidth;0.2.0;0.2.0;https://www.npmjs.com/package/eastasianwidth;npm install eastasianwidth@0.2.0;string-width;Транзитивная зависимость. Версию менять только через npm update / пересборку lockfile; самостоятельный апгрейд может нарушить peer-зависимости родителя.;0.3.0;версия не совпадает
electron-to-chromium;1.5.427;1.5.427;https://www.npmjs.com/package/electron-to-chromium;npm install electron-to-chromium@1.5.427;browserslist;Транзитивная зависимость. Версию менять только через npm update / пересборку lockfile; самостоятельный апгрейд может нарушить peer-зависимости родителя.;1.5.418;версия не совпадает
emittery;0.13.1;0.13.1;https://www.npmjs.com/package/emittery;npm install emittery@0.13.1;jest-runner, jest-watcher;Транзитивная зависимость. Версию менять только через npm update / пересборку lockfile; самостоятельный апгрейд может нарушить peer-зависимости родителя.;2.0.0;версия не совпадает
empathic;2.0.1;2.0.1;https://www.npmjs.com/package/empathic;npm install empathic@2.0.1;@babel/core;Транзитивная зависимость. Версию менять только через npm update / пересборку lockfile; самостоятельный апгрейд может нарушить peer-зависимости родителя.;;не найден в опроснике
entities;4.5.0;4.5.0;https://www.npmjs.com/package/entities;npm install entities@4.5.0;dom-serializer, htmlparser2, parse5, parse5-html-rewriting-stream;Транзитивная зависимость. Версию менять только через npm update / пересборку lockfile; самостоятельный апгрейд может нарушить peer-зависимости родителя.;8.0.0;версия не совпадает
env-paths;2.2.1;2.2.1;https://www.npmjs.com/package/env-paths;npm install env-paths@2.2.1;cosmiconfig;Транзитивная зависимость. Версию менять только через npm update / пересборку lockfile; самостоятельный апгрейд может нарушить peer-зависимости родителя.;4.0.0;версия не совпадает
environment;1.1.0;1.1.0;https://www.npmjs.com/package/environment;npm install environment@1.1.0;ansi-escapes;Транзитивная зависимость. Версию менять только через npm update / пересборку lockfile; самостоятельный апгрейд может нарушить peer-зависимости родителя.;;не найден в опроснике
errno;0.1.8;0.1.8;https://www.npmjs.com/package/errno;npm install errno@0.1.8;transitive (не определено по lockfile);Транзитивная зависимость. Версию менять только через npm update / пересборку lockfile; самостоятельный апгрейд может нарушить peer-зависимости родителя.;1.0.0;версия не совпадает
es-module-lexer;1.7.0;1.7.0;https://www.npmjs.com/package/es-module-lexer;npm install es-module-lexer@1.7.0;@chialab/estransform, jest-runtime, webpack;Транзитивная зависимость. Версию менять только через npm update / пересборку lockfile; самостоятельный апгрейд может нарушить peer-зависимости родителя.;2.3.2;версия не совпадает
escape-string-regexp;4.0.0;4.0.0;https://www.npmjs.com/package/escape-string-regexp;npm install escape-string-regexp@4.0.0;eslint, stack-utils;Транзитивная зависимость. Версию менять только через npm update / пересборку lockfile; самостоятельный апгрейд может нарушить peer-зависимости родителя.;5.0.0;версия не совпадает
eslint-visitor-keys;3.4.3;3.4.3;https://www.npmjs.com/package/eslint-visitor-keys;npm install eslint-visitor-keys@3.4.3;@eslint-community/eslint-utils, @typescript-eslint/visitor-keys, eslint, espree;Транзитивная зависимость. Версию менять только через npm update / пересборку lockfile; самостоятельный апгрейд может нарушить peer-зависимости родителя.;5.0.1;версия не совпадает
eventemitter3;4.0.7;4.0.7;https://www.npmjs.com/package/eventemitter3;npm install eventemitter3@4.0.7;http-proxy;Транзитивная зависимость. Версию менять только через npm update / пересборку lockfile; самостоятельный апгрейд может нарушить peer-зависимости родителя.;5.0.4;версия не совпадает
eventsource;3.0.7;3.0.7;https://www.npmjs.com/package/eventsource;npm install eventsource@3.0.7;@modelcontextprotocol/sdk;Транзитивная зависимость. Версию менять только через npm update / пересборку lockfile; самостоятельный апгрейд может нарушить peer-зависимости родителя.;;не найден в опроснике
eventsource-parser;3.1.1;3.1.1;https://www.npmjs.com/package/eventsource-parser;npm install eventsource-parser@3.1.1;@modelcontextprotocol/sdk, eventsource;Транзитивная зависимость. Версию менять только через npm update / пересборку lockfile; самостоятельный апгрейд может нарушить peer-зависимости родителя.;;не найден в опроснике
execa;5.1.1;5.1.1;https://www.npmjs.com/package/execa;npm install execa@5.1.1;jest-changed-files;Транзитивная зависимость. Версию менять только через npm update / пересборку lockfile; самостоятельный апгрейд может нарушить peer-зависимости родителя.;10.0.1;версия не совпадает
exit-x;0.2.2;0.2.2;https://www.npmjs.com/package/exit-x;npm install exit-x@0.2.2;@jest/core, @jest/reporters, jest-cli, jest-runner;Транзитивная зависимость. Версию менять только через npm update / пересборку lockfile; самостоятельный апгрейд может нарушить peer-зависимости родителя.;;не найден в опроснике
express-rate-limit;8.7.0;8.7.0;https://www.npmjs.com/package/express-rate-limit;npm install express-rate-limit@8.7.0;@modelcontextprotocol/sdk;Транзитивная зависимость. Версию менять только через npm update / пересборку lockfile; самостоятельный апгрейд может нарушить peer-зависимости родителя.;;не найден в опроснике
fast-levenshtein;2.0.6;2.0.6;https://www.npmjs.com/package/fast-levenshtein;npm install fast-levenshtein@2.0.6;optionator;Транзитивная зависимость. Версию менять только через npm update / пересборку lockfile; самостоятельный апгрейд может нарушить peer-зависимости родителя.;3.0.0;версия не совпадает
fast-string-truncated-width;3.0.3;3.0.3;https://www.npmjs.com/package/fast-string-truncated-width;npm install fast-string-truncated-width@3.0.3;fast-string-width;Транзитивная зависимость. Версию менять только через npm update / пересборку lockfile; самостоятельный апгрейд может нарушить peer-зависимости родителя.;;не найден в опроснике
fast-string-width;3.0.2;3.0.2;https://www.npmjs.com/package/fast-string-width;npm install fast-string-width@3.0.2;fast-wrap-ansi;Транзитивная зависимость. Версию менять только через npm update / пересборку lockfile; самостоятельный апгрейд может нарушить peer-зависимости родителя.;;не найден в опроснике
fast-uri;3.1.7;3.1.7;https://www.npmjs.com/package/fast-uri;npm install fast-uri@3.1.7;ajv;Транзитивная зависимость. Версию менять только через npm update / пересборку lockfile; самостоятельный апгрейд может нарушить peer-зависимости родителя.;4.1.3;версия не совпадает
fast-wrap-ansi;0.2.2;0.2.2;https://www.npmjs.com/package/fast-wrap-ansi;npm install fast-wrap-ansi@0.2.2;@inquirer/core;Транзитивная зависимость. Версию менять только через npm update / пересборку lockfile; самостоятельный апгрейд может нарушить peer-зависимости родителя.;;не найден в опроснике
fetch-blob;3.2.0;3.2.0;https://www.npmjs.com/package/fetch-blob;npm install fetch-blob@3.2.0;formdata-polyfill, node-fetch;Транзитивная зависимость. Версию менять только через npm update / пересборку lockfile; самостоятельный апгрейд может нарушить peer-зависимости родителя.;;не найден в опроснике
find-up;5.0.0;5.0.0;https://www.npmjs.com/package/find-up;npm install find-up@5.0.0;@istanbuljs/load-nyc-config, babel-loader, eslint, pkg-dir;Транзитивная зависимость. Версию менять только через npm update / пересборку lockfile; самостоятельный апгрейд может нарушить peer-зависимости родителя.;8.0.0;версия не совпадает
flat;5.0.2;5.0.2;https://www.npmjs.com/package/flat;npm install flat@5.0.2;webpack-merge;Транзитивная зависимость. Версию менять только через npm update / пересборку lockfile; самостоятельный апгрейд может нарушить peer-зависимости родителя.;6.0.1;версия не совпадает
foreground-child;3.3.1;3.3.1;https://www.npmjs.com/package/foreground-child;npm install foreground-child@3.3.1;glob;Транзитивная зависимость. Версию менять только через npm update / пересборку lockfile; самостоятельный апгрейд может нарушить peer-зависимости родителя.;4.0.3;версия не совпадает
formdata-polyfill;4.0.10;4.0.10;https://www.npmjs.com/package/formdata-polyfill;npm install formdata-polyfill@4.0.10;node-fetch;Транзитивная зависимость. Версию менять только через npm update / пересборку lockfile; самостоятельный апгрейд может нарушить peer-зависимости родителя.;;не найден в опроснике
fresh;2.0.0;2.0.0;https://www.npmjs.com/package/fresh;npm install fresh@2.0.0;express, send;Транзитивная зависимость. Версию менять только через npm update / пересборку lockfile; самостоятельный апгрейд может нарушить peer-зависимости родителя.;0.5.2;версия не совпадает
get-stream;6.0.1;6.0.1;https://www.npmjs.com/package/get-stream;npm install get-stream@6.0.1;execa;Транзитивная зависимость. Версию менять только через npm update / пересборку lockfile; самостоятельный апгрейд может нарушить peer-зависимости родителя.;9.0.1;версия не совпадает
get-tsconfig;4.14.3;4.14.3;https://www.npmjs.com/package/get-tsconfig;npm install get-tsconfig@4.14.3;@angular-builders/common;Транзитивная зависимость. Версию менять только через npm update / пересборку lockfile; самостоятельный апгрейд может нарушить peer-зависимости родителя.;;не найден в опроснике
glob-to-regex.js;1.2.0;1.2.0;https://www.npmjs.com/package/glob-to-regex.js;npm install glob-to-regex.js@1.2.0;@jsonjoy.com/fs-node, @jsonjoy.com/fs-node-utils, memfs;Транзитивная зависимость. Версию менять только через npm update / пересборку lockfile; самостоятельный апгрейд может нарушить peer-зависимости родителя.;;не найден в опроснике
has-flag;4.0.0;4.0.0;https://www.npmjs.com/package/has-flag;npm install has-flag@4.0.0;supports-color;Транзитивная зависимость. Версию менять только через npm update / пересборку lockfile; самостоятельный апгрейд может нарушить peer-зависимости родителя.;5.0.1;версия не совпадает
hashery;1.5.1;1.5.1;https://www.npmjs.com/package/hashery;npm install hashery@1.5.1;@cacheable/utils, @keyv/bigmap;Транзитивная зависимость. Версию менять только через npm update / пересборку lockfile; самостоятельный апгрейд может нарушить peer-зависимости родителя.;;не найден в опроснике
hono;4.13.7;4.13.7;https://www.npmjs.com/package/hono;npm install hono@4.13.7;@modelcontextprotocol/sdk;Транзитивная зависимость. Версию менять только через npm update / пересборку lockfile; самостоятельный апгрейд может нарушить peer-зависимости родителя.;;не найден в опроснике
hookified;1.15.1;1.15.1;https://www.npmjs.com/package/hookified;npm install hookified@1.15.1;@cacheable/memory, @keyv/bigmap, cacheable, flat-cache, hashery, qified;Транзитивная зависимость. Версию менять только через npm update / пересборку lockfile; самостоятельный апгрейд может нарушить peer-зависимости родителя.;;не найден в опроснике
html-escaper;2.0.2;2.0.2;https://www.npmjs.com/package/html-escaper;npm install html-escaper@2.0.2;istanbul-reports;Транзитивная зависимость. Версию менять только через npm update / пересборку lockfile; самостоятельный апгрейд может нарушить peer-зависимости родителя.;3.0.3;версия не совпадает
htmlparser2;10.1.0;10.1.0;https://www.npmjs.com/package/htmlparser2;npm install htmlparser2@10.1.0;beasties;Транзитивная зависимость. Версию менять только через npm update / пересборку lockfile; самостоятельный апгрейд может нарушить peer-зависимости родителя.;12.0.0;версия не совпадает
http-proxy-agent;7.0.2;7.0.2;https://www.npmjs.com/package/http-proxy-agent;npm install http-proxy-agent@7.0.2;jsdom;Транзитивная зависимость. Версию менять только через npm update / пересборку lockfile; самостоятельный апгрейд может нарушить peer-зависимости родителя.;9.1.0;версия не совпадает
httpxy;0.5.5;0.5.5;https://www.npmjs.com/package/httpxy;npm install httpxy@0.5.5;http-proxy-middleware;Транзитивная зависимость. Версию менять только через npm update / пересборку lockfile; самостоятельный апгрейд может нарушить peer-зависимости родителя.;;не найден в опроснике
human-signals;2.1.0;2.1.0;https://www.npmjs.com/package/human-signals;npm install human-signals@2.1.0;execa;Транзитивная зависимость. Версию менять только через npm update / пересборку lockfile; самостоятельный апгрейд может нарушить peer-зависимости родителя.;8.0.1;версия не совпадает
hyperdyperid;1.2.0;1.2.0;https://www.npmjs.com/package/hyperdyperid;npm install hyperdyperid@1.2.0;@jsonjoy.com/json-pack;Транзитивная зависимость. Версию менять только через npm update / пересборку lockfile; самостоятельный апгрейд может нарушить peer-зависимости родителя.;;не найден в опроснике
import-fresh;3.3.1;3.3.1;https://www.npmjs.com/package/import-fresh;npm install import-fresh@3.3.1;cosmiconfig;Транзитивная зависимость. Версию менять только через npm update / пересборку lockfile; самостоятельный апгрейд может нарушить peer-зависимости родителя.;4.0.0;версия не совпадает
import-meta-resolve;4.2.0;4.2.0;https://www.npmjs.com/package/import-meta-resolve;npm install import-meta-resolve@4.2.0;@babel/core;Транзитивная зависимость. Версию менять только через npm update / пересборку lockfile; самостоятельный апгрейд может нарушить peer-зависимости родителя.;;не найден в опроснике
ipaddr.js;1.9.1;1.9.1;https://www.npmjs.com/package/ipaddr.js;npm install ipaddr.js@1.9.1;proxy-addr, webpack-dev-server;Транзитивная зависимость. Версию менять только через npm update / пересборку lockfile; самостоятельный апгрейд может нарушить peer-зависимости родителя.;2.5.0;версия не совпадает
is-arrayish;0.2.1;0.2.1;https://www.npmjs.com/package/is-arrayish;npm install is-arrayish@0.2.1;error-ex;Транзитивная зависимость. Версию менять только через npm update / пересборку lockfile; самостоятельный апгрейд может нарушить peer-зависимости родителя.;0.3.4;версия не совпадает
is-binary-path;2.1.0;2.1.0;https://www.npmjs.com/package/is-binary-path;npm install is-binary-path@2.1.0;chokidar;Транзитивная зависимость. Версию менять только через npm update / пересборку lockfile; самостоятельный апгрейд может нарушить peer-зависимости родителя.;3.0.0;версия не совпадает
is-docker;3.0.0;3.0.0;https://www.npmjs.com/package/is-docker;npm install is-docker@3.0.0;is-inside-container;Транзитивная зависимость. Версию менять только через npm update / пересборку lockfile; самостоятельный апгрейд может нарушить peer-зависимости родителя.;4.0.0;версия не совпадает
is-generator-fn;2.1.0;2.1.0;https://www.npmjs.com/package/is-generator-fn;npm install is-generator-fn@2.1.0;jest-circus;Транзитивная зависимость. Версию менять только через npm update / пересборку lockfile; самостоятельный апгрейд может нарушить peer-зависимости родителя.;3.0.0;версия не совпадает
is-in-ssh;1.0.0;1.0.0;https://www.npmjs.com/package/is-in-ssh;npm install is-in-ssh@1.0.0;open;Транзитивная зависимость. Версию менять только через npm update / пересборку lockfile; самостоятельный апгрейд может нарушить peer-зависимости родителя.;;не найден в опроснике
is-network-error;1.3.2;1.3.2;https://www.npmjs.com/package/is-network-error;npm install is-network-error@1.3.2;p-retry;Транзитивная зависимость. Версию менять только через npm update / пересборку lockfile; самостоятельный апгрейд может нарушить peer-зависимости родителя.;;не найден в опроснике
is-plain-object;2.0.4;2.0.4;https://www.npmjs.com/package/is-plain-object;npm install is-plain-object@2.0.4;clone-deep;Транзитивная зависимость. Версию менять только через npm update / пересборку lockfile; самостоятельный апгрейд может нарушить peer-зависимости родителя.;5.1.0;версия не совпадает
is-promise;4.0.0;4.0.0;https://www.npmjs.com/package/is-promise;npm install is-promise@4.0.0;router;Транзитивная зависимость. Версию менять только через npm update / пересборку lockfile; самостоятельный апгрейд может нарушить peer-зависимости родителя.;;не найден в опроснике
is-stream;2.0.1;2.0.1;https://www.npmjs.com/package/is-stream;npm install is-stream@2.0.1;execa;Транзитивная зависимость. Версию менять только через npm update / пересборку lockfile; самостоятельный апгрейд может нарушить peer-зависимости родителя.;4.0.1;версия не совпадает
is-what;4.1.16;4.1.16;https://www.npmjs.com/package/is-what;npm install is-what@4.1.16;copy-anything;Транзитивная зависимость. Версию менять только через npm update / пересборку lockfile; самостоятельный апгрейд может нарушить peer-зависимости родителя.;5.5.0;версия не совпадает
isarray;1.0.0;1.0.0;https://www.npmjs.com/package/isarray;npm install isarray@1.0.0;readable-stream;Транзитивная зависимость. Версию менять только через npm update / пересборку lockfile; самостоятельный апгрейд может нарушить peer-зависимости родителя.;2.0.5;версия не совпадает
isexe;2.0.0;2.0.0;https://www.npmjs.com/package/isexe;npm install isexe@2.0.0;which;Транзитивная зависимость. Версию менять только через npm update / пересборку lockfile; самостоятельный апгрейд может нарушить peer-зависимости родителя.;4.0.0;версия не совпадает
isobject;3.0.1;3.0.1;https://www.npmjs.com/package/isobject;npm install isobject@3.0.1;is-plain-object;Транзитивная зависимость. Версию менять только через npm update / пересборку lockfile; самостоятельный апгрейд может нарушить peer-зависимости родителя.;4.1.1;версия не совпадает
isomorphic-ws;5.0.0;5.0.0;https://www.npmjs.com/package/isomorphic-ws;npm install isomorphic-ws@5.0.0;@module-federation/dts-plugin;Транзитивная зависимость. Версию менять только через npm update / пересборку lockfile; самостоятельный апгрейд может нарушить peer-зависимости родителя.;;не найден в опроснике
jackspeak;3.4.3;3.4.3;https://www.npmjs.com/package/jackspeak;npm install jackspeak@3.4.3;glob;Транзитивная зависимость. Версию менять только через npm update / пересборку lockfile; самостоятельный апгрейд может нарушить peer-зависимости родителя.;4.2.3;версия не совпадает
jiti;2.4.2;2.4.2;https://www.npmjs.com/package/jiti;npm install jiti@2.4.2;@angular-builders/common, @module-federation/cli, postcss-loader;Транзитивная зависимость. Версию менять только через npm update / пересборку lockfile; самостоятельный апгрейд может нарушить peer-зависимости родителя.;2.7.0;версия не совпадает
jose;6.2.12;6.2.12;https://www.npmjs.com/package/jose;npm install jose@6.2.12;@modelcontextprotocol/sdk;Транзитивная зависимость. Версию менять только через npm update / пересборку lockfile; самостоятельный апгрейд может нарушить peer-зависимости родителя.;;не найден в опроснике
js-yaml;3.15.2;3.15.2;https://www.npmjs.com/package/js-yaml;npm install js-yaml@3.15.2;@istanbuljs/load-nyc-config, cosmiconfig;Транзитивная зависимость. Версию менять только через npm update / пересборку lockfile; самостоятельный апгрейд может нарушить peer-зависимости родителя.;5.4.1;версия не совпадает
json-parse-even-better-errors;2.3.1;2.3.1;https://www.npmjs.com/package/json-parse-even-better-errors;npm install json-parse-even-better-errors@2.3.1;parse-json;Транзитивная зависимость. Версию менять только через npm update / пересборку lockfile; самостоятельный апгрейд может нарушить peer-зависимости родителя.;6.0.0;версия не совпадает
json-schema-typed;8.0.2;8.0.2;https://www.npmjs.com/package/json-schema-typed;npm install json-schema-typed@8.0.2;@modelcontextprotocol/sdk;Транзитивная зависимость. Версию менять только через npm update / пересборку lockfile; самостоятельный апгрейд может нарушить peer-зависимости родителя.;;не найден в опроснике
leven;3.1.0;3.1.0;https://www.npmjs.com/package/leven;npm install leven@3.1.0;jest-validate;Транзитивная зависимость. Версию менять только через npm update / пересборку lockfile; самостоятельный апгрейд может нарушить peer-зависимости родителя.;4.1.0;версия не совпадает
lightningcss-android-arm64;1.33.0;1.33.0;https://www.npmjs.com/package/lightningcss-android-arm64;npm install lightningcss-android-arm64@1.33.0;transitive (не определено по lockfile);Транзитивная зависимость. Версию менять только через npm update / пересборку lockfile; самостоятельный апгрейд может нарушить peer-зависимости родителя.;;не найден в опроснике
lightningcss-darwin-arm64;1.33.0;1.33.0;https://www.npmjs.com/package/lightningcss-darwin-arm64;npm install lightningcss-darwin-arm64@1.33.0;transitive (не определено по lockfile);Транзитивная зависимость. Версию менять только через npm update / пересборку lockfile; самостоятельный апгрейд может нарушить peer-зависимости родителя.;;не найден в опроснике
lightningcss-darwin-x64;1.33.0;1.33.0;https://www.npmjs.com/package/lightningcss-darwin-x64;npm install lightningcss-darwin-x64@1.33.0;transitive (не определено по lockfile);Транзитивная зависимость. Версию менять только через npm update / пересборку lockfile; самостоятельный апгрейд может нарушить peer-зависимости родителя.;;не найден в опроснике
lightningcss-freebsd-x64;1.33.0;1.33.0;https://www.npmjs.com/package/lightningcss-freebsd-x64;npm install lightningcss-freebsd-x64@1.33.0;transitive (не определено по lockfile);Транзитивная зависимость. Версию менять только через npm update / пересборку lockfile; самостоятельный апгрейд может нарушить peer-зависимости родителя.;;не найден в опроснике
lightningcss-linux-arm-gnueabihf;1.33.0;1.33.0;https://www.npmjs.com/package/lightningcss-linux-arm-gnueabihf;npm install lightningcss-linux-arm-gnueabihf@1.33.0;transitive (не определено по lockfile);Транзитивная зависимость. Версию менять только через npm update / пересборку lockfile; самостоятельный апгрейд может нарушить peer-зависимости родителя.;;не найден в опроснике
lightningcss-linux-arm64-gnu;1.33.0;1.33.0;https://www.npmjs.com/package/lightningcss-linux-arm64-gnu;npm install lightningcss-linux-arm64-gnu@1.33.0;transitive (не определено по lockfile);Транзитивная зависимость. Версию менять только через npm update / пересборку lockfile; самостоятельный апгрейд может нарушить peer-зависимости родителя.;;не найден в опроснике
lightningcss-linux-arm64-musl;1.33.0;1.33.0;https://www.npmjs.com/package/lightningcss-linux-arm64-musl;npm install lightningcss-linux-arm64-musl@1.33.0;transitive (не определено по lockfile);Транзитивная зависимость. Версию менять только через npm update / пересборку lockfile; самостоятельный апгрейд может нарушить peer-зависимости родителя.;;не найден в опроснике
lightningcss-linux-x64-gnu;1.33.0;1.33.0;https://www.npmjs.com/package/lightningcss-linux-x64-gnu;npm install lightningcss-linux-x64-gnu@1.33.0;transitive (не определено по lockfile);Транзитивная зависимость. Версию менять только через npm update / пересборку lockfile; самостоятельный апгрейд может нарушить peer-зависимости родителя.;;не найден в опроснике
lightningcss-linux-x64-musl;1.33.0;1.33.0;https://www.npmjs.com/package/lightningcss-linux-x64-musl;npm install lightningcss-linux-x64-musl@1.33.0;transitive (не определено по lockfile);Транзитивная зависимость. Версию менять только через npm update / пересборку lockfile; самостоятельный апгрейд может нарушить peer-зависимости родителя.;;не найден в опроснике
lightningcss-win32-arm64-msvc;1.33.0;1.33.0;https://www.npmjs.com/package/lightningcss-win32-arm64-msvc;npm install lightningcss-win32-arm64-msvc@1.33.0;transitive (не определено по lockfile);Транзитивная зависимость. Версию менять только через npm update / пересборку lockfile; самостоятельный апгрейд может нарушить peer-зависимости родителя.;;не найден в опроснике
lightningcss-win32-x64-msvc;1.33.0;1.33.0;https://www.npmjs.com/package/lightningcss-win32-x64-msvc;npm install lightningcss-win32-x64-msvc@1.33.0;transitive (не определено по lockfile);Транзитивная зависимость. Версию менять только через npm update / пересборку lockfile; самостоятельный апгрейд может нарушить peer-зависимости родителя.;;не найден в опроснике
lines-and-columns;1.2.4;1.2.4;https://www.npmjs.com/package/lines-and-columns;npm install lines-and-columns@1.2.4;parse-json;Транзитивная зависимость. Версию менять только через npm update / пересборку lockfile; самостоятельный апгрейд может нарушить peer-зависимости родителя.;2.0.4;версия не совпадает
listr2;11.0.0;11.0.0;https://www.npmjs.com/package/listr2;npm install listr2@11.0.0;@angular/build, @angular/cli;Транзитивная зависимость. Версию менять только через npm update / пересборку lockfile; самостоятельный апгрейд может нарушить peer-зависимости родителя.;;не найден в опроснике
lmdb;3.5.6;3.5.6;https://www.npmjs.com/package/lmdb;npm install lmdb@3.5.6;transitive (не определено по lockfile);Транзитивная зависимость. Версию менять только через npm update / пересборку lockfile; самостоятельный апгрейд может нарушить peer-зависимости родителя.;;не найден в опроснике
locate-path;6.0.0;6.0.0;https://www.npmjs.com/package/locate-path;npm install locate-path@6.0.0;find-up;Транзитивная зависимость. Версию менять только через npm update / пересборку lockfile; самостоятельный апгрейд может нарушить peer-зависимости родителя.;8.0.0;версия не совпадает
log-update;8.0.0;8.0.0;https://www.npmjs.com/package/log-update;npm install log-update@8.0.0;listr2;Транзитивная зависимость. Версию менять только через npm update / пересборку lockfile; самостоятельный апгрейд может нарушить peer-зависимости родителя.;;не найден в опроснике
magic-string;1.0.0;1.0.0;https://www.npmjs.com/package/magic-string;npm install magic-string@1.0.0;@angular-devkit/schematics, @angular/build, @chialab/estransform;Транзитивная зависимость. Версию менять только через npm update / пересборку lockfile; самостоятельный апгрейд может нарушить peer-зависимости родителя.;1.2.3;версия не совпадает
make-dir;4.0.0;4.0.0;https://www.npmjs.com/package/make-dir;npm install make-dir@4.0.0;istanbul-lib-report;Транзитивная зависимость. Версию менять только через npm update / пересборку lockfile; самостоятельный апгрейд может нарушить peer-зависимости родителя.;5.1.0;версия не совпадает
mdn-data;2.27.1;2.27.1;https://www.npmjs.com/package/mdn-data;npm install mdn-data@2.27.1;css-tree;Транзитивная зависимость. Версию менять только через npm update / пересборку lockfile; самостоятельный апгрейд может нарушить peer-зависимости родителя.;;не найден в опроснике
media-typer;1.1.1;1.1.1;https://www.npmjs.com/package/media-typer;npm install media-typer@1.1.1;type-is;Транзитивная зависимость. Версию менять только через npm update / пересборку lockfile; самостоятельный апгрейд может нарушить peer-зависимости родителя.;2.0.0;версия не совпадает
memfs;4.75.0;4.75.0;https://www.npmjs.com/package/memfs;npm install memfs@4.75.0;webpack-dev-middleware;Транзитивная зависимость. Версию менять только через npm update / пересборку lockfile; самостоятельный апгрейд может нарушить peer-зависимости родителя.;4.68.2;версия не совпадает
mime;1.6.0;1.6.0;https://www.npmjs.com/package/mime;npm install mime@1.6.0;send;Транзитивная зависимость. Версию менять только через npm update / пересборку lockfile; самостоятельный апгрейд может нарушить peer-зависимости родителя.;4.1.0;версия не совпадает
mimic-fn;2.1.0;2.1.0;https://www.npmjs.com/package/mimic-fn;npm install mimic-fn@2.1.0;onetime;Транзитивная зависимость. Версию менять только через npm update / пересборку lockfile; самостоятельный апгрейд может нарушить peer-зависимости родителя.;5.0.0;версия не совпадает
minimizer-webpack-plugin;5.10.1;5.10.1;https://www.npmjs.com/package/minimizer-webpack-plugin;npm install minimizer-webpack-plugin@5.10.1;webpack;Транзитивная зависимость. Версию менять только через npm update / пересборку lockfile; самостоятельный апгрейд может нарушить peer-зависимости родителя.;;не найден в опроснике
msgpackr;1.12.1;1.12.1;https://www.npmjs.com/package/msgpackr;npm install msgpackr@1.12.1;lmdb;Транзитивная зависимость. Версию менять только через npm update / пересборку lockfile; самостоятельный апгрейд может нарушить peer-зависимости родителя.;;не найден в опроснике
msgpackr-extract;3.0.4;3.0.4;https://www.npmjs.com/package/msgpackr-extract;npm install msgpackr-extract@3.0.4;transitive (не определено по lockfile);Транзитивная зависимость. Версию менять только через npm update / пересборку lockfile; самостоятельный апгрейд может нарушить peer-зависимости родителя.;;не найден в опроснике
mute-stream;3.0.0;3.0.0;https://www.npmjs.com/package/mute-stream;npm install mute-stream@3.0.0;@inquirer/core;Транзитивная зависимость. Версию менять только через npm update / пересборку lockfile; самостоятельный апгрейд может нарушить peer-зависимости родителя.;4.0.0;версия не совпадает
nanoid;3.3.19;3.3.19;https://www.npmjs.com/package/nanoid;npm install nanoid@3.3.19;postcss;Транзитивная зависимость. Версию менять только через npm update / пересборку lockfile; самостоятельный апгрейд может нарушить peer-зависимости родителя.;6.0.1;версия не совпадает
napi-postinstall;0.3.4;0.3.4;https://www.npmjs.com/package/napi-postinstall;npm install napi-postinstall@0.3.4;unrs-resolver;Транзитивная зависимость. Версию менять только через npm update / пересборку lockfile; самостоятельный апгрейд может нарушить peer-зависимости родителя.;;не найден в опроснике
node-addon-api;6.1.0;6.1.0;https://www.npmjs.com/package/node-addon-api;npm install node-addon-api@6.1.0;@parcel/watcher, lmdb;Транзитивная зависимость. Версию менять только через npm update / пересборку lockfile; самостоятельный апгрейд может нарушить peer-зависимости родителя.;;не найден в опроснике
node-domexception;1.0.0;1.0.0;https://www.npmjs.com/package/node-domexception;npm install node-domexception@1.0.0;fetch-blob;Транзитивная зависимость. Версию менять только через npm update / пересборку lockfile; самостоятельный апгрейд может нарушить peer-зависимости родителя.;;не найден в опроснике
node-fetch;3.3.2;3.3.2;https://www.npmjs.com/package/node-fetch;npm install node-fetch@3.3.2;@angular-architects/module-federation;Транзитивная зависимость. Версию менять только через npm update / пересборку lockfile; самостоятельный апгрейд может нарушить peer-зависимости родителя.;;не найден в опроснике
node-gyp-build-optional-packages;5.2.2;5.2.2;https://www.npmjs.com/package/node-gyp-build-optional-packages;npm install node-gyp-build-optional-packages@5.2.2;lmdb, msgpackr-extract;Транзитивная зависимость. Версию менять только через npm update / пересборку lockfile; самостоятельный апгрейд может нарушить peer-зависимости родителя.;;не найден в опроснике
node-releases;2.0.55;2.0.55;https://www.npmjs.com/package/node-releases;npm install node-releases@2.0.55;browserslist;Транзитивная зависимость. Версию менять только через npm update / пересборку lockfile; самостоятельный апгрейд может нарушить peer-зависимости родителя.;2.0.54;версия не совпадает
npm-run-path;4.0.1;4.0.1;https://www.npmjs.com/package/npm-run-path;npm install npm-run-path@4.0.1;execa;Транзитивная зависимость. Версию менять только через npm update / пересборку lockfile; самостоятельный апгрейд может нарушить peer-зависимости родителя.;6.0.0;версия не совпадает
nth-check;2.1.1;2.1.1;https://www.npmjs.com/package/nth-check;npm install nth-check@2.1.1;css-select;Транзитивная зависимость. Версию менять только через npm update / пересборку lockfile; самостоятельный апгрейд может нарушить peer-зависимости родителя.;3.0.1;версия не совпадает
object-assign;4.1.1;4.1.1;https://www.npmjs.com/package/object-assign;npm install object-assign@4.1.1;cors;Транзитивная зависимость. Версию менять только через npm update / пересборку lockfile; самостоятельный апгрейд может нарушить peer-зависимости родителя.;;не найден в опроснике
obug;2.2.1;2.2.1;https://www.npmjs.com/package/obug;npm install obug@2.2.1;@babel/core, @babel/traverse;Транзитивная зависимость. Версию менять только через npm update / пересборку lockfile; самостоятельный апгрейд может нарушить peer-зависимости родителя.;;не найден в опроснике
onetime;7.0.0;7.0.0;https://www.npmjs.com/package/onetime;npm install onetime@7.0.0;execa, restore-cursor;Транзитивная зависимость. Версию менять только через npm update / пересборку lockfile; самостоятельный апгрейд может нарушить peer-зависимости родителя.;8.0.0;версия не совпадает
open;11.0.0;11.0.0;https://www.npmjs.com/package/open;npm install open@11.0.0;@angular-devkit/build-angular, webpack-dev-server;Транзитивная зависимость. Версию менять только через npm update / пересборку lockfile; самостоятельный апгрейд может нарушить peer-зависимости родителя.;11.0.2;версия не совпадает
ordered-binary;1.6.1;1.6.1;https://www.npmjs.com/package/ordered-binary;npm install ordered-binary@1.6.1;lmdb;Транзитивная зависимость. Версию менять только через npm update / пересборку lockfile; самостоятельный апгрейд может нарушить peer-зависимости родителя.;;не найден в опроснике
oxc-parser;0.142.0;0.142.0;https://www.npmjs.com/package/oxc-parser;npm install oxc-parser@0.142.0;@angular/build, @chialab/estransform;Транзитивная зависимость. Версию менять только через npm update / пересборку lockfile; самостоятельный апгрейд может нарушить peer-зависимости родителя.;;не найден в опроснике
p-limit;3.1.0;3.1.0;https://www.npmjs.com/package/p-limit;npm install p-limit@3.1.0;jest-changed-files, jest-circus, jest-runner, p-locate;Транзитивная зависимость. Версию менять только через npm update / пересборку lockfile; самостоятельный апгрейд может нарушить peer-зависимости родителя.;7.3.2;версия не совпадает
p-locate;5.0.0;5.0.0;https://www.npmjs.com/package/p-locate;npm install p-locate@5.0.0;locate-path;Транзитивная зависимость. Версию менять только через npm update / пересборку lockfile; самостоятельный апгрейд может нарушить peer-зависимости родителя.;7.0.0;версия не совпадает
p-retry;6.2.1;6.2.1;https://www.npmjs.com/package/p-retry;npm install p-retry@6.2.1;webpack-dev-server;Транзитивная зависимость. Версию менять только через npm update / пересборку lockfile; самостоятельный апгрейд может нарушить peer-зависимости родителя.;8.0.0;версия не совпадает
p-try;2.2.0;2.2.0;https://www.npmjs.com/package/p-try;npm install p-try@2.2.0;p-limit;Транзитивная зависимость. Версию менять только через npm update / пересборку lockfile; самостоятельный апгрейд может нарушить peer-зависимости родителя.;3.0.0;версия не совпадает
parent-module;1.0.1;1.0.1;https://www.npmjs.com/package/parent-module;npm install parent-module@1.0.1;import-fresh;Транзитивная зависимость. Версию менять только через npm update / пересборку lockfile; самостоятельный апгрейд может нарушить peer-зависимости родителя.;3.2.0;версия не совпадает
parse-json;5.2.0;5.2.0;https://www.npmjs.com/package/parse-json;npm install parse-json@5.2.0;cosmiconfig, jest-config;Транзитивная зависимость. Версию менять только через npm update / пересборку lockfile; самостоятельный апгрейд может нарушить peer-зависимости родителя.;8.3.0;версия не совпадает
parse-node-version;1.0.1;1.0.1;https://www.npmjs.com/package/parse-node-version;npm install parse-node-version@1.0.1;less;Транзитивная зависимость. Версию менять только через npm update / пересборку lockfile; самостоятельный апгрейд может нарушить peer-зависимости родителя.;2.0.0;версия не совпадает
path-exists;4.0.0;4.0.0;https://www.npmjs.com/package/path-exists;npm install path-exists@4.0.0;find-up;Транзитивная зависимость. Версию менять только через npm update / пересборку lockfile; самостоятельный апгрейд может нарушить peer-зависимости родителя.;5.0.0;версия не совпадает
path-key;3.1.1;3.1.1;https://www.npmjs.com/package/path-key;npm install path-key@3.1.1;cross-spawn, npm-run-path;Транзитивная зависимость. Версию менять только через npm update / пересборку lockfile; самостоятельный апгрейд может нарушить peer-зависимости родителя.;4.0.0;версия не совпадает
picomatch;4.0.5;4.0.5;https://www.npmjs.com/package/picomatch;npm install picomatch@4.0.5;@angular-devkit/build-angular, @angular-devkit/core, @angular/build, @parcel/watcher, anymatch, jest-haste-map, jest-message-util, jest-util, micromatch, readdirp, tinyglobby, vite;Транзитивная зависимость. Версию менять только через npm update / пересборку lockfile; самостоятельный апгрейд может нарушить peer-зависимости родителя.;4.0.7;версия не совпадает
piscina;5.2.0;5.2.0;https://www.npmjs.com/package/piscina;npm install piscina@5.2.0;@angular-devkit/build-angular, @angular/build;Транзитивная зависимость. Версию менять только через npm update / пересборку lockfile; самостоятельный апгрейд может нарушить peer-зависимости родителя.;5.3.2;версия не совпадает
pkce-challenge;5.0.1;5.0.1;https://www.npmjs.com/package/pkce-challenge;npm install pkce-challenge@5.0.1;@modelcontextprotocol/sdk;Транзитивная зависимость. Версию менять только через npm update / пересборку lockfile; самостоятельный апгрейд может нарушить peer-зависимости родителя.;;не найден в опроснике
pkg-dir;4.2.0;4.2.0;https://www.npmjs.com/package/pkg-dir;npm install pkg-dir@4.2.0;import-local;Транзитивная зависимость. Версию менять только через npm update / пересборку lockfile; самостоятельный апгрейд может нарушить peer-зависимости родителя.;9.0.0;версия не совпадает
pkijs;3.4.0;3.4.0;https://www.npmjs.com/package/pkijs;npm install pkijs@3.4.0;selfsigned;Транзитивная зависимость. Версию менять только через npm update / пересборку lockfile; самостоятельный апгрейд может нарушить peer-зависимости родителя.;;не найден в опроснике
postcss;8.5.25;8.5.25;https://www.npmjs.com/package/postcss;npm install postcss@8.5.25;@angular-devkit/build-angular, beasties, css-loader, resolve-url-loader, vite;Транзитивная зависимость. Версию менять только через npm update / пересборку lockfile; самостоятельный апгрейд может нарушить peer-зависимости родителя.;8.5.26;версия не совпадает
postcss-safe-parser;7.1.0;7.1.0;https://www.npmjs.com/package/postcss-safe-parser;npm install postcss-safe-parser@7.1.0;beasties;Транзитивная зависимость. Версию менять только через npm update / пересборку lockfile; самостоятельный апгрейд может нарушить peer-зависимости родителя.;;не найден в опроснике
postcss-selector-parser;7.1.6;7.1.6;https://www.npmjs.com/package/postcss-selector-parser;npm install postcss-selector-parser@7.1.6;postcss-modules-local-by-default, postcss-modules-scope;Транзитивная зависимость. Версию менять только через npm update / пересборку lockfile; самостоятельный апгрейд может нарушить peer-зависимости родителя.;7.1.5;версия не совпадает
powershell-utils;0.1.0;0.1.0;https://www.npmjs.com/package/powershell-utils;npm install powershell-utils@0.1.0;open, wsl-utils;Транзитивная зависимость. Версию менять только через npm update / пересборку lockfile; самостоятельный апгрейд может нарушить peer-зависимости родителя.;;не найден в опроснике
probe-image-size;7.4.0;7.4.0;https://www.npmjs.com/package/probe-image-size;npm install probe-image-size@7.4.0;transitive (не определено по lockfile);Транзитивная зависимость. Версию менять только через npm update / пересборку lockfile; самостоятельный апгрейд может нарушить peer-зависимости родителя.;;не найден в опроснике
proxy-agent-negotiate;1.1.0;1.1.0;https://www.npmjs.com/package/proxy-agent-negotiate;npm install proxy-agent-negotiate@1.1.0;https-proxy-agent;Транзитивная зависимость. Версию менять только через npm update / пересборку lockfile; самостоятельный апгрейд может нарушить peer-зависимости родителя.;;не найден в опроснике
pure-rand;7.0.1;7.0.1;https://www.npmjs.com/package/pure-rand;npm install pure-rand@7.0.1;jest-circus;Транзитивная зависимость. Версию менять только через npm update / пересборку lockfile; самостоятельный апгрейд может нарушить peer-зависимости родителя.;8.4.2;версия не совпадает
pvtsutils;1.3.6;1.3.6;https://www.npmjs.com/package/pvtsutils;npm install pvtsutils@1.3.6;@peculiar/x509, asn1js, pkijs;Транзитивная зависимость. Версию менять только через npm update / пересборку lockfile; самостоятельный апгрейд может нарушить peer-зависимости родителя.;;не найден в опроснике
pvutils;1.2.0;1.2.0;https://www.npmjs.com/package/pvutils;npm install pvutils@1.2.0;asn1js, pkijs;Транзитивная зависимость. Версию менять только через npm update / пересборку lockfile; самостоятельный апгрейд может нарушить peer-зависимости родителя.;;не найден в опроснике
qified;0.10.1;0.10.1;https://www.npmjs.com/package/qified;npm install qified@0.10.1;cacheable;Транзитивная зависимость. Версию менять только через npm update / пересборку lockfile; самостоятельный апгрейд может нарушить peer-зависимости родителя.;;не найден в опроснике
raw-body;3.0.2;3.0.2;https://www.npmjs.com/package/raw-body;npm install raw-body@3.0.2;@modelcontextprotocol/sdk, body-parser;Транзитивная зависимость. Версию менять только через npm update / пересборку lockfile; самостоятельный апгрейд может нарушить peer-зависимости родителя.;4.0.0;версия не совпадает
readable-stream;3.6.2;3.6.2;https://www.npmjs.com/package/readable-stream;npm install readable-stream@3.6.2;hpack.js, spdy-transport;Транзитивная зависимость. Версию менять только через npm update / пересборку lockfile; самостоятельный апгрейд может нарушить peer-зависимости родителя.;4.7.0;версия не совпадает
resolve-pkg-maps;1.0.0;1.0.0;https://www.npmjs.com/package/resolve-pkg-maps;npm install resolve-pkg-maps@1.0.0;get-tsconfig;Транзитивная зависимость. Версию менять только через npm update / пересборку lockfile; самостоятельный апгрейд может нарушить peer-зависимости родителя.;;не найден в опроснике
rolldown;1.2.0;1.2.0;https://www.npmjs.com/package/rolldown;npm install rolldown@1.2.0;@angular/build, vite;Транзитивная зависимость. Версию менять только через npm update / пересборку lockfile; самостоятельный апгрейд может нарушить peer-зависимости родителя.;;не найден в опроснике
router;2.2.0;2.2.0;https://www.npmjs.com/package/router;npm install router@2.2.0;express;Транзитивная зависимость. Версию менять только через npm update / пересборку lockfile; самостоятельный апгрейд может нарушить peer-зависимости родителя.;;не найден в опроснике
rrweb-cssom;0.8.0;0.8.0;https://www.npmjs.com/package/rrweb-cssom;npm install rrweb-cssom@0.8.0;cssstyle, jsdom;Транзитивная зависимость. Версию менять только через npm update / пересборку lockfile; самостоятельный апгрейд может нарушить peer-зависимости родителя.;;не найден в опроснике
sass;1.101.0;1.101.0;https://www.npmjs.com/package/sass;npm install sass@1.101.0;@angular-devkit/build-angular, @angular/build;Транзитивная зависимость. Версию менять только через npm update / пересборку lockfile; самостоятельный апгрейд может нарушить peer-зависимости родителя.;1.103.1;версия не совпадает
sass-loader;17.0.0;17.0.0;https://www.npmjs.com/package/sass-loader;npm install sass-loader@17.0.0;@angular-devkit/build-angular;Транзитивная зависимость. Версию менять только через npm update / пересборку lockfile; самостоятельный апгрейд может нарушить peer-зависимости родителя.;17.0.1;версия не совпадает
schema-utils;4.3.0;4.3.0;https://www.npmjs.com/package/schema-utils;npm install schema-utils@4.3.0;@module-federation/enhanced, copy-webpack-plugin, mini-css-extract-plugin, minimizer-webpack-plugin, webpack, webpack-dev-middleware, webpack-dev-server;Транзитивная зависимость. Версию менять только через npm update / пересборку lockfile; самостоятельный апгрейд может нарушить peer-зависимости родителя.;4.3.3;версия не совпадает
shebang-regex;3.0.0;3.0.0;https://www.npmjs.com/package/shebang-regex;npm install shebang-regex@3.0.0;shebang-command;Транзитивная зависимость. Версию менять только через npm update / пересборку lockfile; самостоятельный апгрейд может нарушить peer-зависимости родителя.;4.0.0;версия не совпадает
slash;3.0.0;3.0.0;https://www.npmjs.com/package/slash;npm install slash@3.0.0;@jest/console, @jest/core, @jest/reporters, @jest/test-sequencer, @jest/transform, babel-jest, jest-circus, jest-config, jest-message-util, jest-resolve, jest-runtime;Транзитивная зависимость. Версию менять только через npm update / пересборку lockfile; самостоятельный апгрейд может нарушить peer-зависимости родителя.;5.1.0;версия не совпадает
slice-ansi;9.0.0;9.0.0;https://www.npmjs.com/package/slice-ansi;npm install slice-ansi@9.0.0;cli-truncate, log-update;Транзитивная зависимость. Версию менять только через npm update / пересборку lockfile; самостоятельный апгрейд может нарушить peer-зависимости родителя.;;не найден в опроснике
source-map;0.7.6;0.7.6;https://www.npmjs.com/package/source-map;npm install source-map@0.7.6;@angular-devkit/core, handlebars, resolve-url-loader, source-map-support;Транзитивная зависимость. Версию менять только через npm update / пересборку lockfile; самостоятельный апгрейд может нарушить peer-зависимости родителя.;0.8.0;версия не совпадает
sprintf-js;1.0.3;1.0.3;https://www.npmjs.com/package/sprintf-js;npm install sprintf-js@1.0.3;argparse;Транзитивная зависимость. Версию менять только через npm update / пересборку lockfile; самостоятельный апгрейд может нарушить peer-зависимости родителя.;1.1.3;версия не совпадает
stream-parser;0.3.1;0.3.1;https://www.npmjs.com/package/stream-parser;npm install stream-parser@0.3.1;probe-image-size;Транзитивная зависимость. Версию менять только через npm update / пересборку lockfile; самостоятельный апгрейд может нарушить peer-зависимости родителя.;;не найден в опроснике
string-length;4.0.2;4.0.2;https://www.npmjs.com/package/string-length;npm install string-length@4.0.2;@jest/reporters, jest-watcher;Транзитивная зависимость. Версию менять только через npm update / пересборку lockfile; самостоятельный апгрейд может нарушить peer-зависимости родителя.;7.0.1;версия не совпадает
string-width-cjs;4.2.3;4.2.3;https://www.npmjs.com/package/string-width-cjs;npm install string-width-cjs@4.2.3;@isaacs/cliui;Транзитивная зависимость. Версию менять только через npm update / пересборку lockfile; самостоятельный апгрейд может нарушить peer-зависимости родителя.;5.1.1;версия не совпадает
strip-ansi-cjs;6.0.1;6.0.1;https://www.npmjs.com/package/strip-ansi-cjs;npm install strip-ansi-cjs@6.0.1;@isaacs/cliui;Транзитивная зависимость. Версию менять только через npm update / пересборку lockfile; самостоятельный апгрейд может нарушить peer-зависимости родителя.;8.0.0;версия не совпадает
strip-bom;4.0.0;4.0.0;https://www.npmjs.com/package/strip-bom;npm install strip-bom@4.0.0;jest-runtime;Транзитивная зависимость. Версию менять только через npm update / пересборку lockfile; самостоятельный апгрейд может нарушить peer-зависимости родителя.;5.0.0;версия не совпадает
strip-final-newline;2.0.0;2.0.0;https://www.npmjs.com/package/strip-final-newline;npm install strip-final-newline@2.0.0;execa;Транзитивная зависимость. Версию менять только через npm update / пересборку lockfile; самостоятельный апгрейд может нарушить peer-зависимости родителя.;4.0.0;версия не совпадает
strip-json-comments;3.1.1;3.1.1;https://www.npmjs.com/package/strip-json-comments;npm install strip-json-comments@3.1.1;@angular-eslint/schematics, jest-config;Транзитивная зависимость. Версию менять только через npm update / пересборку lockfile; самостоятельный апгрейд может нарушить peer-зависимости родителя.;5.0.3;версия не совпадает
supports-color;7.2.0;7.2.0;https://www.npmjs.com/package/supports-color;npm install supports-color@7.2.0;chalk, istanbul-lib-report, jest-worker;Транзитивная зависимость. Версию менять только через npm update / пересборку lockfile; самостоятельный апгрейд может нарушить peer-зависимости родителя.;11.0.0;версия не совпадает
synckit;0.11.13;0.11.13;https://www.npmjs.com/package/synckit;npm install synckit@0.11.13;jest-snapshot;Транзитивная зависимость. Версию менять только через npm update / пересборку lockfile; самостоятельный апгрейд может нарушить peer-зависимости родителя.;;не найден в опроснике
tapable;2.3.0;2.3.0;https://www.npmjs.com/package/tapable;npm install tapable@2.3.0;@module-federation/enhanced, enhanced-resolve, mini-css-extract-plugin, webpack;Транзитивная зависимость. Версию менять только через npm update / пересборку lockfile; самостоятельный апгрейд может нарушить peer-зависимости родителя.;2.3.3;версия не совпадает
terser;5.49.0;5.49.0;https://www.npmjs.com/package/terser;npm install terser@5.49.0;@angular-devkit/build-angular, minimizer-webpack-plugin;Транзитивная зависимость. Версию менять только через npm update / пересборку lockfile; самостоятельный апгрейд может нарушить peer-зависимости родителя.;5.51.2;версия не совпадает
test-exclude;7.0.2;7.0.2;https://www.npmjs.com/package/test-exclude;npm install test-exclude@7.0.2;babel-plugin-istanbul;Транзитивная зависимость. Версию менять только через npm update / пересборку lockfile; самостоятельный апгрейд может нарушить peer-зависимости родителя.;8.0.0;версия не совпадает
thingies;2.6.1;2.6.1;https://www.npmjs.com/package/thingies;npm install thingies@2.6.1;@jsonjoy.com/fs-core, @jsonjoy.com/fs-fsa, @jsonjoy.com/fs-node, @jsonjoy.com/json-pack, memfs;Транзитивная зависимость. Версию менять только через npm update / пересборку lockfile; самостоятельный апгрейд может нарушить peer-зависимости родителя.;;не найден в опроснике
tldts;7.4.12;7.4.12;https://www.npmjs.com/package/tldts;npm install tldts@7.4.12;tough-cookie;Транзитивная зависимость. Версию менять только через npm update / пересборку lockfile; самостоятельный апгрейд может нарушить peer-зависимости родителя.;;не найден в опроснике
tldts-core;7.4.12;7.4.12;https://www.npmjs.com/package/tldts-core;npm install tldts-core@7.4.12;tldts;Транзитивная зависимость. Версию менять только через npm update / пересборку lockfile; самостоятельный апгрейд может нарушить peer-зависимости родителя.;;не найден в опроснике
tree-dump;1.1.0;1.1.0;https://www.npmjs.com/package/tree-dump;npm install tree-dump@1.1.0;@jsonjoy.com/fs-print, @jsonjoy.com/json-pack, memfs;Транзитивная зависимость. Версию менять только через npm update / пересборку lockfile; самостоятельный апгрейд может нарушить peer-зависимости родителя.;;не найден в опроснике
tsyringe;4.10.0;4.10.0;https://www.npmjs.com/package/tsyringe;npm install tsyringe@4.10.0;@peculiar/x509;Транзитивная зависимость. Версию менять только через npm update / пересборку lockfile; самостоятельный апгрейд может нарушить peer-зависимости родителя.;;не найден в опроснике
type-detect;4.0.8;4.0.8;https://www.npmjs.com/package/type-detect;npm install type-detect@4.0.8;@sinonjs/commons;Транзитивная зависимость. Версию менять только через npm update / пересборку lockfile; самостоятельный апгрейд может нарушить peer-зависимости родителя.;4.1.0;версия не совпадает
type-fest;0.21.3;0.21.3;https://www.npmjs.com/package/type-fest;npm install type-fest@0.21.3;ansi-escapes, ts-jest;Транзитивная зависимость. Версию менять только через npm update / пересборку lockfile; самостоятельный апгрейд может нарушить peer-зависимости родителя.;5.9.0;версия не совпадает
undici;7.29.0;7.29.0;https://www.npmjs.com/package/undici;npm install undici@7.29.0;@module-federation/dts-plugin, jsdom;Транзитивная зависимость. Версию менять только через npm update / пересборку lockfile; самостоятельный апгрейд может нарушить peer-зависимости родителя.;8.10.1;версия не совпадает
undici-types;6.21.0;6.21.0;https://www.npmjs.com/package/undici-types;npm install undici-types@6.21.0;@types/jsdom, @types/node;Транзитивная зависимость. Версию менять только через npm update / пересборку lockfile; самостоятельный апгрейд может нарушить peer-зависимости родителя.;8.10.1;версия не совпадает
unrs-resolver;1.12.2;1.12.2;https://www.npmjs.com/package/unrs-resolver;npm install unrs-resolver@1.12.2;jest-resolve;Транзитивная зависимость. Версию менять только через npm update / пересборку lockfile; самостоятельный апгрейд может нарушить peer-зависимости родителя.;;не найден в опроснике
update-browserslist-db;1.3.3;1.3.3;https://www.npmjs.com/package/update-browserslist-db;npm install update-browserslist-db@1.3.3;browserslist;Транзитивная зависимость. Версию менять только через npm update / пересборку lockfile; самостоятельный апгрейд может нарушить peer-зависимости родителя.;1.3.2;версия не совпадает
uuid;8.3.2;8.3.2;https://www.npmjs.com/package/uuid;npm install uuid@8.3.2;sockjs;Транзитивная зависимость. Версию менять только через npm update / пересборку lockfile; самостоятельный апгрейд может нарушить peer-зависимости родителя.;14.0.2;версия не совпадает
verkit;0.3.2;0.3.2;https://www.npmjs.com/package/verkit;npm install verkit@0.3.2;@babel/helper-compilation-targets, @babel/helper-create-class-features-plugin, @babel/helper-create-regexp-features-plugin;Транзитивная зависимость. Версию менять только через npm update / пересборку lockfile; самостоятельный апгрейд может нарушить peer-зависимости родителя.;;не найден в опроснике
vite;8.1.5;8.1.5;https://www.npmjs.com/package/vite;npm install vite@8.1.5;@angular/build;Транзитивная зависимость. Версию менять только через npm update / пересборку lockfile; самостоятельный апгрейд может нарушить peer-зависимости родителя.;8.2.2;версия не совпадает
weak-lru-cache;1.2.2;1.2.2;https://www.npmjs.com/package/weak-lru-cache;npm install weak-lru-cache@1.2.2;lmdb;Транзитивная зависимость. Версию менять только через npm update / пересборку lockfile; самостоятельный апгрейд может нарушить peer-зависимости родителя.;;не найден в опроснике
web-streams-polyfill;3.3.3;3.3.3;https://www.npmjs.com/package/web-streams-polyfill;npm install web-streams-polyfill@3.3.3;fetch-blob;Транзитивная зависимость. Версию менять только через npm update / пересборку lockfile; самостоятельный апгрейд может нарушить peer-зависимости родителя.;;не найден в опроснике
webpack;5.109.2;5.109.2;https://www.npmjs.com/package/webpack;npm install webpack@5.109.2;@angular-devkit/build-angular;Транзитивная зависимость. Версию менять только через npm update / пересборку lockfile; самостоятельный апгрейд может нарушить peer-зависимости родителя.;5.110.2;версия не совпадает
webpack-dev-middleware;8.0.3;8.0.3;https://www.npmjs.com/package/webpack-dev-middleware;npm install webpack-dev-middleware@8.0.3;@angular-devkit/build-angular, webpack-dev-server;Транзитивная зависимость. Версию менять только через npm update / пересборку lockfile; самостоятельный апгрейд может нарушить peer-зависимости родителя.;8.1.1;версия не совпадает
webpack-dev-server;5.2.6;5.2.6;https://www.npmjs.com/package/webpack-dev-server;npm install webpack-dev-server@5.2.6;@angular-devkit/build-angular;Транзитивная зависимость. Версию менять только через npm update / пересборку lockfile; самостоятельный апгрейд может нарушить peer-зависимости родителя.;6.0.0;версия не совпадает
webpack-subresource-integrity;5.1.0;5.1.0;https://www.npmjs.com/package/webpack-subresource-integrity;npm install webpack-subresource-integrity@5.1.0;@angular-devkit/build-angular;Транзитивная зависимость. Версию менять только через npm update / пересборку lockfile; самостоятельный апгрейд может нарушить peer-зависимости родителя.;5.2.0-rc.1;версия не совпадает
whatwg-url;17.1.1;17.1.1;https://www.npmjs.com/package/whatwg-url;npm install whatwg-url@17.1.1;data-urls, jsdom;Транзитивная зависимость. Версию менять только через npm update / пересборку lockfile; самостоятельный апгрейд может нарушить peer-зависимости родителя.;17.1.0;версия не совпадает
which;2.0.2;2.0.2;https://www.npmjs.com/package/which;npm install which@2.0.2;cross-spawn;Транзитивная зависимость. Версию менять только через npm update / пересборку lockfile; самостоятельный апгрейд может нарушить peer-зависимости родителя.;7.0.0;версия не совпадает
wrap-ansi-cjs;7.0.0;7.0.0;https://www.npmjs.com/package/wrap-ansi-cjs;npm install wrap-ansi-cjs@7.0.0;@isaacs/cliui;Транзитивная зависимость. Версию менять только через npm update / пересборку lockfile; самостоятельный апгрейд может нарушить peer-зависимости родителя.;8.0.0;версия не совпадает
write-file-atomic;5.0.1;5.0.1;https://www.npmjs.com/package/write-file-atomic;npm install write-file-atomic@5.0.1;@jest/transform;Транзитивная зависимость. Версию менять только через npm update / пересборку lockfile; самостоятельный апгрейд может нарушить peer-зависимости родителя.;8.0.0;версия не совпадает
ws;8.21.0;8.21.0;https://www.npmjs.com/package/ws;npm install ws@8.21.0;@module-federation/dts-plugin, jsdom, webpack-dev-server;Транзитивная зависимость. Версию менять только через npm update / пересборку lockfile; самостоятельный апгрейд может нарушить peer-зависимости родителя.;8.21.3;версия не совпадает
wsl-utils;0.3.1;0.3.1;https://www.npmjs.com/package/wsl-utils;npm install wsl-utils@0.3.1;open;Транзитивная зависимость. Версию менять только через npm update / пересборку lockfile; самостоятельный апгрейд может нарушить peer-зависимости родителя.;;не найден в опроснике
yallist;3.1.1;3.1.1;https://www.npmjs.com/package/yallist;npm install yallist@3.1.1;lru-cache;Транзитивная зависимость. Версию менять только через npm update / пересборку lockfile; самостоятельный апгрейд может нарушить peer-зависимости родителя.;5.0.0;версия не совпадает
yocto-queue;0.1.0;0.1.0;https://www.npmjs.com/package/yocto-queue;npm install yocto-queue@0.1.0;p-limit;Транзитивная зависимость. Версию менять только через npm update / пересборку lockfile; самостоятельный апгрейд может нарушить peer-зависимости родителя.;1.2.2;версия не совпадает
zod;4.4.3;4.4.3;https://www.npmjs.com/package/zod;npm install zod@4.4.3;@angular/cli, @angular/forms, @modelcontextprotocol/sdk;Транзитивная зависимость. Версию менять только через npm update / пересборку lockfile; самостоятельный апгрейд может нарушить peer-зависимости родителя.;;не найден в опроснике
zod-to-json-schema;3.25.2;3.25.2;https://www.npmjs.com/package/zod-to-json-schema;npm install zod-to-json-schema@3.25.2;@modelcontextprotocol/sdk;Транзитивная зависимость. Версию менять только через npm update / пересборку lockfile; самостоятельный апгрейд может нарушить peer-зависимости родителя.;;не найден в опроснике