name;version OLD;version NEW;URL к репозиторию;alternative;dependency;комментарий
@angular-architects/module-federation;22.0.0;22.0.0;https://www.npmjs.com/package/%40angular-architects%2Fmodule-federation;npm install @angular-architects/module-federation@22.0.0;direct;
@angular-architects/native-federation;22.1.2;22.1.2;https://www.npmjs.com/package/%40angular-architects%2Fnative-federation;npm install @angular-architects/native-federation@22.1.2;direct;
@angular-builders/jest;22.0.1;22.0.1;https://www.npmjs.com/package/%40angular-builders%2Fjest;npm install @angular-builders/jest@22.0.1;direct;
@angular/animations;22.1.6;22.1.6;https://www.npmjs.com/package/%40angular%2Fanimations;npm install @angular/animations@22.1.6;direct;
@angular/build;22.1.8;22.1.8;https://www.npmjs.com/package/%40angular%2Fbuild;npm install @angular/build@22.1.8;direct;
@angular/cdk;22.1.6;22.1.6;https://www.npmjs.com/package/%40angular%2Fcdk;npm install @angular/cdk@22.1.6;direct;
@angular/cli;22.1.8;22.1.8;https://www.npmjs.com/package/%40angular%2Fcli;npm install @angular/cli@22.1.8;direct;
@angular/common;22.1.6;22.1.6;https://www.npmjs.com/package/%40angular%2Fcommon;npm install @angular/common@22.1.6;direct;
@angular/compiler;22.1.6;22.1.6;https://www.npmjs.com/package/%40angular%2Fcompiler;npm install @angular/compiler@22.1.6;direct;
@angular/compiler-cli;22.1.6;22.1.6;https://www.npmjs.com/package/%40angular%2Fcompiler-cli;npm install @angular/compiler-cli@22.1.6;direct;
@angular/core;22.1.6;22.1.6;https://www.npmjs.com/package/%40angular%2Fcore;npm install @angular/core@22.1.6;direct;
@angular/forms;22.1.6;22.1.6;https://www.npmjs.com/package/%40angular%2Fforms;npm install @angular/forms@22.1.6;direct;
@angular/localize;22.1.6;22.1.6;https://www.npmjs.com/package/%40angular%2Flocalize;npm install @angular/localize@22.1.6;direct;
@angular/material;22.1.6;22.1.6;https://www.npmjs.com/package/%40angular%2Fmaterial;npm install @angular/material@22.1.6;direct;
@angular/platform-browser;22.1.6;22.1.6;https://www.npmjs.com/package/%40angular%2Fplatform-browser;npm install @angular/platform-browser@22.1.6;direct;
@angular/platform-browser-dynamic;22.1.6;22.1.6;https://www.npmjs.com/package/%40angular%2Fplatform-browser-dynamic;npm install @angular/platform-browser-dynamic@22.1.6;direct;
@angular/router;22.1.6;22.1.6;https://www.npmjs.com/package/%40angular%2Frouter;npm install @angular/router@22.1.6;direct;
@eslint/js;10.0.1;10.0.1;https://www.npmjs.com/package/%40eslint%2Fjs;npm install @eslint/js@10.0.1;direct;
@softarc/native-federation-node;3.5.6;3.5.6;https://www.npmjs.com/package/%40softarc%2Fnative-federation-node;npm install @softarc/native-federation-node@3.5.6;direct;
@types/jest;30.0.0;30.0.0;https://www.npmjs.com/package/%40types%2Fjest;npm install @types/jest@30.0.0;direct;
angular-eslint;22.5.0;22.5.0;https://www.npmjs.com/package/angular-eslint;npm install angular-eslint@22.5.0;direct;
es-module-shims;2.8.4;2.8.4;https://www.npmjs.com/package/es-module-shims;npm install es-module-shims@2.8.4;direct;
eslint;10.10.0;10.10.0;https://www.npmjs.com/package/eslint;npm install eslint@10.10.0;direct;
eslint-config-prettier;10.1.8;10.1.8;https://www.npmjs.com/package/eslint-config-prettier;npm install eslint-config-prettier@10.1.8;direct;
jest;30.5.1;30.5.1;https://www.npmjs.com/package/jest;npm install jest@30.5.1;direct;
jest-environment-jsdom;30.5.1;30.5.1;https://www.npmjs.com/package/jest-environment-jsdom;npm install jest-environment-jsdom@30.5.1;direct;
jest-preset-angular;17.0.0;17.0.0;https://www.npmjs.com/package/jest-preset-angular;npm install jest-preset-angular@17.0.0;direct;
prettier;3.9.6;3.9.6;https://www.npmjs.com/package/prettier;npm install prettier@3.9.6;direct;
rxjs;7.8.2;7.8.2;https://www.npmjs.com/package/rxjs;npm install rxjs@7.8.2;direct;
tslib;2.8.1;2.8.1;https://www.npmjs.com/package/tslib;npm install tslib@2.8.1;direct;
typescript;6.0.3;6.0.3;https://www.npmjs.com/package/typescript;npm install typescript@6.0.3;direct;
typescript-eslint;8.70.0;8.70.0;https://www.npmjs.com/package/typescript-eslint;npm install typescript-eslint@8.70.0;direct;
zone.js;0.16.3;0.16.3;https://www.npmjs.com/package/zone.js;npm install zone.js@0.16.3;direct;
@ampproject/remapping;2.3.0;2.3.0;https://www.npmjs.com/package/%40ampproject%2Fremapping;npm install @ampproject/remapping@2.3.0;@angular-devkit/build-angular, @angular/build;Транзитивная зависимость. Версию менять только через npm update / пересборку lockfile; самостоятельный апгрейд может нарушить peer-зависимости родителя.
@angular-architects/module-federation-runtime;22.0.0;22.0.0;https://www.npmjs.com/package/%40angular-architects%2Fmodule-federation-runtime;npm install @angular-architects/module-federation-runtime@22.0.0;@angular-architects/module-federation;Транзитивная зависимость. Версию менять только через npm update / пересборку lockfile; самостоятельный апгрейд может нарушить peer-зависимости родителя.
@angular-builders/common;6.0.1;6.0.1;https://www.npmjs.com/package/%40angular-builders%2Fcommon;npm install @angular-builders/common@6.0.1;@angular-builders/jest;Транзитивная зависимость. Версию менять только через npm update / пересборку lockfile; самостоятельный апгрейд может нарушить peer-зависимости родителя.
@angular-devkit/architect;0.2201.8;0.2201.8;https://www.npmjs.com/package/%40angular-devkit%2Farchitect;npm install @angular-devkit/architect@0.2201.8;@angular-architects/native-federation, @angular-builders/jest, @angular-devkit/build-angular, @angular-devkit/build-webpack, @angular-eslint/builder, @angular/build, @angular/cli;Транзитивная зависимость. Версию менять только через npm update / пересборку lockfile; самостоятельный апгрейд может нарушить peer-зависимости родителя.
@angular-devkit/build-angular;22.1.8;22.1.8;https://www.npmjs.com/package/%40angular-devkit%2Fbuild-angular;npm install @angular-devkit/build-angular@22.1.8;transitive (не определено по lockfile);Транзитивная зависимость. Версию менять только через npm update / пересборку lockfile; самостоятельный апгрейд может нарушить peer-зависимости родителя.
@angular-devkit/build-webpack;0.2201.8;0.2201.8;https://www.npmjs.com/package/%40angular-devkit%2Fbuild-webpack;npm install @angular-devkit/build-webpack@0.2201.8;@angular-devkit/build-angular;Транзитивная зависимость. Версию менять только через npm update / пересборку lockfile; самостоятельный апгрейд может нарушить peer-зависимости родителя.
@angular-devkit/core;22.1.8;22.1.8;https://www.npmjs.com/package/%40angular-devkit%2Fcore;npm install @angular-devkit/core@22.1.8;@angular-architects/native-federation, @angular-builders/common, @angular-builders/jest, @angular-devkit/architect, @angular-devkit/build-angular, @angular-devkit/schematics, @angular-eslint/builder, @angular-eslint/schematics, @angular/cli, @schematics/angular, angular-eslint;Транзитивная зависимость. Версию менять только через npm update / пересборку lockfile; самостоятельный апгрейд может нарушить peer-зависимости родителя.
@angular-devkit/schematics;22.1.8;22.1.8;https://www.npmjs.com/package/%40angular-devkit%2Fschematics;npm install @angular-devkit/schematics@22.1.8;@angular-architects/native-federation, @angular-builders/common, @angular-builders/jest, @angular-eslint/schematics, @angular/cli, @schematics/angular, angular-eslint;Транзитивная зависимость. Версию менять только через npm update / пересборку lockfile; самостоятельный апгрейд может нарушить peer-зависимости родителя.
@angular-eslint/builder;22.5.0;22.5.0;https://www.npmjs.com/package/%40angular-eslint%2Fbuilder;npm install @angular-eslint/builder@22.5.0;angular-eslint;Транзитивная зависимость. Версию менять только через npm update / пересборку lockfile; самостоятельный апгрейд может нарушить peer-зависимости родителя.
@angular-eslint/bundled-angular-compiler;22.5.0;22.5.0;https://www.npmjs.com/package/%40angular-eslint%2Fbundled-angular-compiler;npm install @angular-eslint/bundled-angular-compiler@22.5.0;@angular-eslint/eslint-plugin, @angular-eslint/eslint-plugin-template, @angular-eslint/template-parser, @angular-eslint/utils;Транзитивная зависимость. Версию менять только через npm update / пересборку lockfile; самостоятельный апгрейд может нарушить peer-зависимости родителя.
@angular-eslint/eslint-plugin;22.5.0;22.5.0;https://www.npmjs.com/package/%40angular-eslint%2Feslint-plugin;npm install @angular-eslint/eslint-plugin@22.5.0;@angular-eslint/schematics, angular-eslint;Транзитивная зависимость. Версию менять только через npm update / пересборку lockfile; самостоятельный апгрейд может нарушить peer-зависимости родителя.
@angular-eslint/eslint-plugin-template;22.5.0;22.5.0;https://www.npmjs.com/package/%40angular-eslint%2Feslint-plugin-template;npm install @angular-eslint/eslint-plugin-template@22.5.0;@angular-eslint/schematics, angular-eslint;Транзитивная зависимость. Версию менять только через npm update / пересборку lockfile; самостоятельный апгрейд может нарушить peer-зависимости родителя.
@angular-eslint/schematics;22.5.0;22.5.0;https://www.npmjs.com/package/%40angular-eslint%2Fschematics;npm install @angular-eslint/schematics@22.5.0;angular-eslint;Транзитивная зависимость. Версию менять только через npm update / пересборку lockfile; самостоятельный апгрейд может нарушить peer-зависимости родителя.
@angular-eslint/template-parser;22.5.0;22.5.0;https://www.npmjs.com/package/%40angular-eslint%2Ftemplate-parser;npm install @angular-eslint/template-parser@22.5.0;angular-eslint;Транзитивная зависимость. Версию менять только через npm update / пересборку lockfile; самостоятельный апгрейд может нарушить peer-зависимости родителя.
@angular-eslint/utils;22.5.0;22.5.0;https://www.npmjs.com/package/%40angular-eslint%2Futils;npm install @angular-eslint/utils@22.5.0;@angular-eslint/eslint-plugin, @angular-eslint/eslint-plugin-template;Транзитивная зависимость. Версию менять только через npm update / пересборку lockfile; самостоятельный апгрейд может нарушить peer-зависимости родителя.
@asamuzakjp/css-color;6.0.7;6.0.7;https://www.npmjs.com/package/%40asamuzakjp%2Fcss-color;npm install @asamuzakjp/css-color@6.0.7;cssstyle, jsdom;Транзитивная зависимость. Версию менять только через npm update / пересборку lockfile; самостоятельный апгрейд может нарушить peer-зависимости родителя.
@asamuzakjp/dom-selector;8.3.2;8.3.2;https://www.npmjs.com/package/%40asamuzakjp%2Fdom-selector;npm install @asamuzakjp/dom-selector@8.3.2;jsdom;Транзитивная зависимость. Версию менять только через npm update / пересборку lockfile; самостоятельный апгрейд может нарушить peer-зависимости родителя.
@babel/code-frame;8.0.0;8.0.0;https://www.npmjs.com/package/%40babel%2Fcode-frame;npm install @babel/code-frame@8.0.0;@babel/core, @babel/template, @babel/traverse, jest-message-util, parse-json;Транзитивная зависимость. Версию менять только через npm update / пересборку lockfile; самостоятельный апгрейд может нарушить peer-зависимости родителя.
@babel/compat-data;8.0.5;8.0.5;https://www.npmjs.com/package/%40babel%2Fcompat-data;npm install @babel/compat-data@8.0.5;@babel/helper-compilation-targets, @babel/preset-env;Транзитивная зависимость. Версию менять только через npm update / пересборку lockfile; самостоятельный апгрейд может нарушить peer-зависимости родителя.
@babel/core;8.0.1;8.0.1;https://www.npmjs.com/package/%40babel%2Fcore;npm install @babel/core@8.0.1;@angular-devkit/build-angular, @angular/build, @angular/compiler-cli, @angular/localize, @jest/transform, istanbul-lib-instrument, jest-config, jest-snapshot;Транзитивная зависимость. Версию менять только через npm update / пересборку lockfile; самостоятельный апгрейд может нарушить peer-зависимости родителя.
@babel/generator;8.0.0;8.0.0;https://www.npmjs.com/package/%40babel%2Fgenerator;npm install @babel/generator@8.0.0;@angular-devkit/build-angular, @babel/core, @babel/traverse, jest-snapshot;Транзитивная зависимость. Версию менять только через npm update / пересборку lockfile; самостоятельный апгрейд может нарушить peer-зависимости родителя.
@babel/helper-annotate-as-pure;8.0.0;8.0.0;https://www.npmjs.com/package/%40babel%2Fhelper-annotate-as-pure;npm install @babel/helper-annotate-as-pure@8.0.0;@angular-devkit/build-angular, @angular/build, @babel/helper-create-class-features-plugin, @babel/helper-create-regexp-features-plugin, @babel/helper-remap-async-to-generator, @babel/plugin-transform-classes, @babel/plugin-transform-private-property-in-object;Транзитивная зависимость. Версию менять только через npm update / пересборку lockfile; самостоятельный апгрейд может нарушить peer-зависимости родителя.
@babel/helper-compilation-targets;8.0.5;8.0.5;https://www.npmjs.com/package/%40babel%2Fhelper-compilation-targets;npm install @babel/helper-compilation-targets@8.0.5;@babel/core, @babel/helper-define-polyfill-provider, @babel/plugin-transform-classes, @babel/plugin-transform-function-name, @babel/plugin-transform-object-rest-spread, @babel/preset-env;Транзитивная зависимость. Версию менять только через npm update / пересборку lockfile; самостоятельный апгрейд может нарушить peer-зависимости родителя.
@babel/helper-create-class-features-plugin;8.0.5;8.0.5;https://www.npmjs.com/package/%40babel%2Fhelper-create-class-features-plugin;npm install @babel/helper-create-class-features-plugin@8.0.5;@babel/plugin-transform-class-properties, @babel/plugin-transform-class-static-block, @babel/plugin-transform-private-methods, @babel/plugin-transform-private-property-in-object;Транзитивная зависимость. Версию менять только через npm update / пересборку lockfile; самостоятельный апгрейд может нарушить peer-зависимости родителя.
@babel/helper-create-regexp-features-plugin;8.0.5;8.0.5;https://www.npmjs.com/package/%40babel%2Fhelper-create-regexp-features-plugin;npm install @babel/helper-create-regexp-features-plugin@8.0.5;@babel/plugin-transform-dotall-regex, @babel/plugin-transform-duplicate-named-capturing-groups-regex, @babel/plugin-transform-named-capturing-groups-regex, @babel/plugin-transform-regexp-modifiers, @babel/plugin-transform-unicode-property-regex, @babel/plugin-transform-unicode-regex, @babel/plugin-transform-unicode-sets-regex;Транзитивная зависимость. Версию менять только через npm update / пересборку lockfile; самостоятельный апгрейд может нарушить peer-зависимости родителя.
@babel/helper-define-polyfill-provider;1.0.0;1.0.0;https://www.npmjs.com/package/%40babel%2Fhelper-define-polyfill-provider;npm install @babel/helper-define-polyfill-provider@1.0.0;babel-plugin-polyfill-corejs3;Транзитивная зависимость. Версию менять только через npm update / пересборку lockfile; самостоятельный апгрейд может нарушить peer-зависимости родителя.
@babel/helper-globals;8.0.0;8.0.0;https://www.npmjs.com/package/%40babel%2Fhelper-globals;npm install @babel/helper-globals@8.0.0;@babel/plugin-transform-classes, @babel/traverse;Транзитивная зависимость. Версию менять только через npm update / пересборку lockfile; самостоятельный апгрейд может нарушить peer-зависимости родителя.
@babel/helper-member-expression-to-functions;8.0.5;8.0.5;https://www.npmjs.com/package/%40babel%2Fhelper-member-expression-to-functions;npm install @babel/helper-member-expression-to-functions@8.0.5;@babel/helper-create-class-features-plugin, @babel/helper-replace-supers;Транзитивная зависимость. Версию менять только через npm update / пересборку lockfile; самостоятельный апгрейд может нарушить peer-зависимости родителя.
@babel/helper-module-imports;8.0.0;8.0.0;https://www.npmjs.com/package/%40babel%2Fhelper-module-imports;npm install @babel/helper-module-imports@8.0.0;@babel/helper-module-transforms, @babel/plugin-transform-async-to-generator, @babel/plugin-transform-runtime;Транзитивная зависимость. Версию менять только через npm update / пересборку lockfile; самостоятельный апгрейд может нарушить peer-зависимости родителя.
@babel/helper-module-transforms;8.0.5;8.0.5;https://www.npmjs.com/package/%40babel%2Fhelper-module-transforms;npm install @babel/helper-module-transforms@8.0.5;@babel/core, @babel/plugin-transform-modules-amd, @babel/plugin-transform-modules-commonjs, @babel/plugin-transform-modules-systemjs, @babel/plugin-transform-modules-umd;Транзитивная зависимость. Версию менять только через npm update / пересборку lockfile; самостоятельный апгрейд может нарушить peer-зависимости родителя.
@babel/helper-optimise-call-expression;8.0.0;8.0.0;https://www.npmjs.com/package/%40babel%2Fhelper-optimise-call-expression;npm install @babel/helper-optimise-call-expression@8.0.0;@babel/helper-create-class-features-plugin, @babel/helper-replace-supers;Транзитивная зависимость. Версию менять только через npm update / пересборку lockfile; самостоятельный апгрейд может нарушить peer-зависимости родителя.
@babel/helper-plugin-utils;8.0.1;8.0.1;https://www.npmjs.com/package/%40babel%2Fhelper-plugin-utils;npm install @babel/helper-plugin-utils@8.0.1;@babel/helper-define-polyfill-provider, @babel/plugin-bugfix-firefox-class-in-computed-class-key, @babel/plugin-bugfix-safari-class-field-initializer-scope, @babel/plugin-bugfix-safari-id-destructuring-collision-in-function-expression, @babel/plugin-bugfix-safari-rest-destructuring-rhs-array, @babel/plugin-bugfix-v8-spread-parameters-in-optional-chaining, @babel/plugin-bugfix-v8-static-class-fields-redefine-readonly, @babel/plugin-syntax-async-generators, @babel/plugin-syntax-bigint, @babel/plugin-syntax-class-properties, @babel/plugin-syntax-class-static-block, @babel/plugin-syntax-import-attributes, @babel/plugin-syntax-import-meta, @babel/plugin-syntax-json-strings, @babel/plugin-syntax-jsx, @babel/plugin-syntax-logical-assignment-operators, @babel/plugin-syntax-nullish-coalescing-operator, @babel/plugin-syntax-numeric-separator, @babel/plugin-syntax-object-rest-spread, @babel/plugin-syntax-optional-catch-binding, @babel/plugin-syntax-optional-chaining, @babel/plugin-syntax-private-property-in-object, @babel/plugin-syntax-top-level-await, @babel/plugin-syntax-typescript, @babel/plugin-transform-arrow-functions, @babel/plugin-transform-async-generator-functions, @babel/plugin-transform-async-to-generator, @babel/plugin-transform-block-scoped-functions, @babel/plugin-transform-block-scoping, @babel/plugin-transform-class-properties, @babel/plugin-transform-class-static-block, @babel/plugin-transform-classes, @babel/plugin-transform-computed-properties, @babel/plugin-transform-destructuring, @babel/plugin-transform-dotall-regex, @babel/plugin-transform-duplicate-keys, @babel/plugin-transform-duplicate-named-capturing-groups-regex, @babel/plugin-transform-dynamic-import, @babel/plugin-transform-explicit-resource-management, @babel/plugin-transform-exponentiation-operator, @babel/plugin-transform-export-namespace-from, @babel/plugin-transform-for-of, @babel/plugin-transform-function-name, @babel/plugin-transform-json-strings, @babel/plugin-transform-literals, @babel/plugin-transform-logical-assignment-operators, @babel/plugin-transform-member-expression-literals, @babel/plugin-transform-modules-amd, @babel/plugin-transform-modules-commonjs, @babel/plugin-transform-modules-systemjs, @babel/plugin-transform-modules-umd, @babel/plugin-transform-named-capturing-groups-regex, @babel/plugin-transform-new-target, @babel/plugin-transform-nullish-coalescing-operator, @babel/plugin-transform-numeric-separator, @babel/plugin-transform-object-rest-spread, @babel/plugin-transform-object-super, @babel/plugin-transform-optional-catch-binding, @babel/plugin-transform-optional-chaining, @babel/plugin-transform-parameters, @babel/plugin-transform-private-methods, @babel/plugin-transform-private-property-in-object, @babel/plugin-transform-property-literals, @babel/plugin-transform-regenerator, @babel/plugin-transform-regexp-modifiers, @babel/plugin-transform-reserved-words, @babel/plugin-transform-runtime, @babel/plugin-transform-shorthand-properties, @babel/plugin-transform-spread, @babel/plugin-transform-sticky-regex, @babel/plugin-transform-template-literals, @babel/plugin-transform-typeof-symbol, @babel/plugin-transform-unicode-escapes, @babel/plugin-transform-unicode-property-regex, @babel/plugin-transform-unicode-regex, @babel/plugin-transform-unicode-sets-regex, @babel/preset-env, @babel/preset-modules, babel-plugin-istanbul;Транзитивная зависимость. Версию менять только через npm update / пересборку lockfile; самостоятельный апгрейд может нарушить peer-зависимости родителя.
@babel/helper-remap-async-to-generator;8.0.1;8.0.1;https://www.npmjs.com/package/%40babel%2Fhelper-remap-async-to-generator;npm install @babel/helper-remap-async-to-generator@8.0.1;@babel/plugin-transform-async-generator-functions, @babel/plugin-transform-async-to-generator;Транзитивная зависимость. Версию менять только через npm update / пересборку lockfile; самостоятельный апгрейд может нарушить peer-зависимости родителя.
@babel/helper-replace-supers;8.0.1;8.0.1;https://www.npmjs.com/package/%40babel%2Fhelper-replace-supers;npm install @babel/helper-replace-supers@8.0.1;@babel/helper-create-class-features-plugin, @babel/plugin-transform-classes, @babel/plugin-transform-object-super;Транзитивная зависимость. Версию менять только через npm update / пересборку lockfile; самостоятельный апгрейд может нарушить peer-зависимости родителя.
@babel/helper-skip-transparent-expression-wrappers;8.0.0;8.0.0;https://www.npmjs.com/package/%40babel%2Fhelper-skip-transparent-expression-wrappers;npm install @babel/helper-skip-transparent-expression-wrappers@8.0.0;@babel/helper-create-class-features-plugin, @babel/plugin-bugfix-safari-rest-destructuring-rhs-array, @babel/plugin-bugfix-v8-spread-parameters-in-optional-chaining, @babel/plugin-transform-for-of, @babel/plugin-transform-optional-chaining, @babel/plugin-transform-spread;Транзитивная зависимость. Версию менять только через npm update / пересборку lockfile; самостоятельный апгрейд может нарушить peer-зависимости родителя.
@babel/helper-split-export-declaration;7.24.7;7.24.7;https://www.npmjs.com/package/%40babel%2Fhelper-split-export-declaration;npm install @babel/helper-split-export-declaration@7.24.7;@angular-devkit/build-angular, @angular/build;Транзитивная зависимость. Версию менять только через npm update / пересборку lockfile; самостоятельный апгрейд может нарушить peer-зависимости родителя.
@babel/helper-string-parser;8.0.0;8.0.0;https://www.npmjs.com/package/%40babel%2Fhelper-string-parser;npm install @babel/helper-string-parser@8.0.0;@babel/types;Транзитивная зависимость. Версию менять только через npm update / пересборку lockfile; самостоятельный апгрейд может нарушить peer-зависимости родителя.
@babel/helper-validator-identifier;8.0.4;8.0.4;https://www.npmjs.com/package/%40babel%2Fhelper-validator-identifier;npm install @babel/helper-validator-identifier@8.0.4;@babel/code-frame, @babel/helper-module-transforms, @babel/plugin-transform-modules-systemjs, @babel/types;Транзитивная зависимость. Версию менять только через npm update / пересборку lockfile; самостоятельный апгрейд может нарушить peer-зависимости родителя.
@babel/helper-validator-option;8.0.0;8.0.0;https://www.npmjs.com/package/%40babel%2Fhelper-validator-option;npm install @babel/helper-validator-option@8.0.0;@babel/helper-compilation-targets, @babel/preset-env;Транзитивная зависимость. Версию менять только через npm update / пересборку lockfile; самостоятельный апгрейд может нарушить peer-зависимости родителя.
@babel/helper-wrap-function;8.0.0;8.0.0;https://www.npmjs.com/package/%40babel%2Fhelper-wrap-function;npm install @babel/helper-wrap-function@8.0.0;@babel/helper-remap-async-to-generator;Транзитивная зависимость. Версию менять только через npm update / пересборку lockfile; самостоятельный апгрейд может нарушить peer-зависимости родителя.
@babel/helpers;8.0.5;8.0.5;https://www.npmjs.com/package/%40babel%2Fhelpers;npm install @babel/helpers@8.0.5;@babel/core;Транзитивная зависимость. Версию менять только через npm update / пересборку lockfile; самостоятельный апгрейд может нарушить peer-зависимости родителя.
@babel/parser;8.0.5;8.0.5;https://www.npmjs.com/package/%40babel%2Fparser;npm install @babel/parser@8.0.5;@babel/core, @babel/generator, @babel/template, @babel/traverse, @types/babel__core, @types/babel__template, istanbul-lib-instrument;Транзитивная зависимость. Версию менять только через npm update / пересборку lockfile; самостоятельный апгрейд может нарушить peer-зависимости родителя.
@babel/plugin-bugfix-firefox-class-in-computed-class-key;8.0.1;8.0.1;https://www.npmjs.com/package/%40babel%2Fplugin-bugfix-firefox-class-in-computed-class-key;npm install @babel/plugin-bugfix-firefox-class-in-computed-class-key@8.0.1;@babel/preset-env;Транзитивная зависимость. Версию менять только через npm update / пересборку lockfile; самостоятельный апгрейд может нарушить peer-зависимости родителя.
@babel/plugin-bugfix-safari-class-field-initializer-scope;8.0.1;8.0.1;https://www.npmjs.com/package/%40babel%2Fplugin-bugfix-safari-class-field-initializer-scope;npm install @babel/plugin-bugfix-safari-class-field-initializer-scope@8.0.1;@babel/preset-env;Транзитивная зависимость. Версию менять только через npm update / пересборку lockfile; самостоятельный апгрейд может нарушить peer-зависимости родителя.
@babel/plugin-bugfix-safari-id-destructuring-collision-in-function-expression;8.0.1;8.0.1;https://www.npmjs.com/package/%40babel%2Fplugin-bugfix-safari-id-destructuring-collision-in-function-expression;npm install @babel/plugin-bugfix-safari-id-destructuring-collision-in-function-expression@8.0.1;@babel/preset-env;Транзитивная зависимость. Версию менять только через npm update / пересборку lockfile; самостоятельный апгрейд может нарушить peer-зависимости родителя.
@babel/plugin-bugfix-safari-rest-destructuring-rhs-array;8.0.5;8.0.5;https://www.npmjs.com/package/%40babel%2Fplugin-bugfix-safari-rest-destructuring-rhs-array;npm install @babel/plugin-bugfix-safari-rest-destructuring-rhs-array@8.0.5;@babel/preset-env;Транзитивная зависимость. Версию менять только через npm update / пересборку lockfile; самостоятельный апгрейд может нарушить peer-зависимости родителя.
@babel/plugin-bugfix-v8-spread-parameters-in-optional-chaining;8.0.1;8.0.1;https://www.npmjs.com/package/%40babel%2Fplugin-bugfix-v8-spread-parameters-in-optional-chaining;npm install @babel/plugin-bugfix-v8-spread-parameters-in-optional-chaining@8.0.1;@babel/preset-env;Транзитивная зависимость. Версию менять только через npm update / пересборку lockfile; самостоятельный апгрейд может нарушить peer-зависимости родителя.
@babel/plugin-bugfix-v8-static-class-fields-redefine-readonly;8.0.1;8.0.1;https://www.npmjs.com/package/%40babel%2Fplugin-bugfix-v8-static-class-fields-redefine-readonly;npm install @babel/plugin-bugfix-v8-static-class-fields-redefine-readonly@8.0.1;@babel/preset-env;Транзитивная зависимость. Версию менять только через npm update / пересборку lockfile; самостоятельный апгрейд может нарушить peer-зависимости родителя.
@babel/plugin-syntax-async-generators;7.8.4;7.8.4;https://www.npmjs.com/package/%40babel%2Fplugin-syntax-async-generators;npm install @babel/plugin-syntax-async-generators@7.8.4;babel-preset-current-node-syntax;Транзитивная зависимость. Версию менять только через npm update / пересборку lockfile; самостоятельный апгрейд может нарушить peer-зависимости родителя.
@babel/plugin-syntax-bigint;7.8.3;7.8.3;https://www.npmjs.com/package/%40babel%2Fplugin-syntax-bigint;npm install @babel/plugin-syntax-bigint@7.8.3;babel-preset-current-node-syntax;Транзитивная зависимость. Версию менять только через npm update / пересборку lockfile; самостоятельный апгрейд может нарушить peer-зависимости родителя.
@babel/plugin-syntax-class-properties;7.12.13;7.12.13;https://www.npmjs.com/package/%40babel%2Fplugin-syntax-class-properties;npm install @babel/plugin-syntax-class-properties@7.12.13;babel-preset-current-node-syntax;Транзитивная зависимость. Версию менять только через npm update / пересборку lockfile; самостоятельный апгрейд может нарушить peer-зависимости родителя.
@babel/plugin-syntax-class-static-block;7.14.5;7.14.5;https://www.npmjs.com/package/%40babel%2Fplugin-syntax-class-static-block;npm install @babel/plugin-syntax-class-static-block@7.14.5;babel-preset-current-node-syntax;Транзитивная зависимость. Версию менять только через npm update / пересборку lockfile; самостоятельный апгрейд может нарушить peer-зависимости родителя.
@babel/plugin-syntax-import-attributes;7.29.7;7.29.7;https://www.npmjs.com/package/%40babel%2Fplugin-syntax-import-attributes;npm install @babel/plugin-syntax-import-attributes@7.29.7;babel-preset-current-node-syntax;Транзитивная зависимость. Версию менять только через npm update / пересборку lockfile; самостоятельный апгрейд может нарушить peer-зависимости родителя.
@babel/plugin-syntax-import-meta;7.10.4;7.10.4;https://www.npmjs.com/package/%40babel%2Fplugin-syntax-import-meta;npm install @babel/plugin-syntax-import-meta@7.10.4;babel-preset-current-node-syntax;Транзитивная зависимость. Версию менять только через npm update / пересборку lockfile; самостоятельный апгрейд может нарушить peer-зависимости родителя.
@babel/plugin-syntax-json-strings;7.8.3;7.8.3;https://www.npmjs.com/package/%40babel%2Fplugin-syntax-json-strings;npm install @babel/plugin-syntax-json-strings@7.8.3;babel-preset-current-node-syntax;Транзитивная зависимость. Версию менять только через npm update / пересборку lockfile; самостоятельный апгрейд может нарушить peer-зависимости родителя.
@babel/plugin-syntax-jsx;7.29.7;7.29.7;https://www.npmjs.com/package/%40babel%2Fplugin-syntax-jsx;npm install @babel/plugin-syntax-jsx@7.29.7;jest-snapshot;Транзитивная зависимость. Версию менять только через npm update / пересборку lockfile; самостоятельный апгрейд может нарушить peer-зависимости родителя.
@babel/plugin-syntax-logical-assignment-operators;7.10.4;7.10.4;https://www.npmjs.com/package/%40babel%2Fplugin-syntax-logical-assignment-operators;npm install @babel/plugin-syntax-logical-assignment-operators@7.10.4;babel-preset-current-node-syntax;Транзитивная зависимость. Версию менять только через npm update / пересборку lockfile; самостоятельный апгрейд может нарушить peer-зависимости родителя.
@babel/plugin-syntax-nullish-coalescing-operator;7.8.3;7.8.3;https://www.npmjs.com/package/%40babel%2Fplugin-syntax-nullish-coalescing-operator;npm install @babel/plugin-syntax-nullish-coalescing-operator@7.8.3;babel-preset-current-node-syntax;Транзитивная зависимость. Версию менять только через npm update / пересборку lockfile; самостоятельный апгрейд может нарушить peer-зависимости родителя.
@babel/plugin-syntax-numeric-separator;7.10.4;7.10.4;https://www.npmjs.com/package/%40babel%2Fplugin-syntax-numeric-separator;npm install @babel/plugin-syntax-numeric-separator@7.10.4;babel-preset-current-node-syntax;Транзитивная зависимость. Версию менять только через npm update / пересборку lockfile; самостоятельный апгрейд может нарушить peer-зависимости родителя.
@babel/plugin-syntax-object-rest-spread;7.8.3;7.8.3;https://www.npmjs.com/package/%40babel%2Fplugin-syntax-object-rest-spread;npm install @babel/plugin-syntax-object-rest-spread@7.8.3;babel-preset-current-node-syntax;Транзитивная зависимость. Версию менять только через npm update / пересборку lockfile; самостоятельный апгрейд может нарушить peer-зависимости родителя.
@babel/plugin-syntax-optional-catch-binding;7.8.3;7.8.3;https://www.npmjs.com/package/%40babel%2Fplugin-syntax-optional-catch-binding;npm install @babel/plugin-syntax-optional-catch-binding@7.8.3;babel-preset-current-node-syntax;Транзитивная зависимость. Версию менять только через npm update / пересборку lockfile; самостоятельный апгрейд может нарушить peer-зависимости родителя.
@babel/plugin-syntax-optional-chaining;7.8.3;7.8.3;https://www.npmjs.com/package/%40babel%2Fplugin-syntax-optional-chaining;npm install @babel/plugin-syntax-optional-chaining@7.8.3;babel-preset-current-node-syntax;Транзитивная зависимость. Версию менять только через npm update / пересборку lockfile; самостоятельный апгрейд может нарушить peer-зависимости родителя.
@babel/plugin-syntax-private-property-in-object;7.14.5;7.14.5;https://www.npmjs.com/package/%40babel%2Fplugin-syntax-private-property-in-object;npm install @babel/plugin-syntax-private-property-in-object@7.14.5;babel-preset-current-node-syntax;Транзитивная зависимость. Версию менять только через npm update / пересборку lockfile; самостоятельный апгрейд может нарушить peer-зависимости родителя.
@babel/plugin-syntax-top-level-await;7.14.5;7.14.5;https://www.npmjs.com/package/%40babel%2Fplugin-syntax-top-level-await;npm install @babel/plugin-syntax-top-level-await@7.14.5;babel-preset-current-node-syntax;Транзитивная зависимость. Версию менять только через npm update / пересборку lockfile; самостоятельный апгрейд может нарушить peer-зависимости родителя.
@babel/plugin-syntax-typescript;7.29.7;7.29.7;https://www.npmjs.com/package/%40babel%2Fplugin-syntax-typescript;npm install @babel/plugin-syntax-typescript@7.29.7;jest-snapshot;Транзитивная зависимость. Версию менять только через npm update / пересборку lockfile; самостоятельный апгрейд может нарушить peer-зависимости родителя.
@babel/plugin-transform-arrow-functions;8.0.1;8.0.1;https://www.npmjs.com/package/%40babel%2Fplugin-transform-arrow-functions;npm install @babel/plugin-transform-arrow-functions@8.0.1;@babel/preset-env;Транзитивная зависимость. Версию менять только через npm update / пересборку lockfile; самостоятельный апгрейд может нарушить peer-зависимости родителя.
@babel/plugin-transform-async-generator-functions;8.0.1;8.0.1;https://www.npmjs.com/package/%40babel%2Fplugin-transform-async-generator-functions;npm install @babel/plugin-transform-async-generator-functions@8.0.1;@angular-devkit/build-angular, @babel/preset-env;Транзитивная зависимость. Версию менять только через npm update / пересборку lockfile; самостоятельный апгрейд может нарушить peer-зависимости родителя.
@babel/plugin-transform-async-to-generator;8.0.1;8.0.1;https://www.npmjs.com/package/%40babel%2Fplugin-transform-async-to-generator;npm install @babel/plugin-transform-async-to-generator@8.0.1;@angular-devkit/build-angular, @babel/preset-env;Транзитивная зависимость. Версию менять только через npm update / пересборку lockfile; самостоятельный апгрейд может нарушить peer-зависимости родителя.
@babel/plugin-transform-block-scoped-functions;8.0.1;8.0.1;https://www.npmjs.com/package/%40babel%2Fplugin-transform-block-scoped-functions;npm install @babel/plugin-transform-block-scoped-functions@8.0.1;@babel/preset-env;Транзитивная зависимость. Версию менять только через npm update / пересборку lockfile; самостоятельный апгрейд может нарушить peer-зависимости родителя.
@babel/plugin-transform-block-scoping;8.0.5;8.0.5;https://www.npmjs.com/package/%40babel%2Fplugin-transform-block-scoping;npm install @babel/plugin-transform-block-scoping@8.0.5;@babel/preset-env;Транзитивная зависимость. Версию менять только через npm update / пересборку lockfile; самостоятельный апгрейд может нарушить peer-зависимости родителя.
@babel/plugin-transform-class-properties;8.0.1;8.0.1;https://www.npmjs.com/package/%40babel%2Fplugin-transform-class-properties;npm install @babel/plugin-transform-class-properties@8.0.1;@babel/preset-env;Транзитивная зависимость. Версию менять только через npm update / пересборку lockfile; самостоятельный апгрейд может нарушить peer-зависимости родителя.
@babel/plugin-transform-class-static-block;8.0.5;8.0.5;https://www.npmjs.com/package/%40babel%2Fplugin-transform-class-static-block;npm install @babel/plugin-transform-class-static-block@8.0.5;@babel/preset-env;Транзитивная зависимость. Версию менять только через npm update / пересборку lockfile; самостоятельный апгрейд может нарушить peer-зависимости родителя.
@babel/plugin-transform-classes;8.0.5;8.0.5;https://www.npmjs.com/package/%40babel%2Fplugin-transform-classes;npm install @babel/plugin-transform-classes@8.0.5;@babel/preset-env;Транзитивная зависимость. Версию менять только через npm update / пересборку lockfile; самостоятельный апгрейд может нарушить peer-зависимости родителя.
@babel/plugin-transform-computed-properties;8.0.1;8.0.1;https://www.npmjs.com/package/%40babel%2Fplugin-transform-computed-properties;npm install @babel/plugin-transform-computed-properties@8.0.1;@babel/preset-env;Транзитивная зависимость. Версию менять только через npm update / пересборку lockfile; самостоятельный апгрейд может нарушить peer-зависимости родителя.
@babel/plugin-transform-destructuring;8.0.5;8.0.5;https://www.npmjs.com/package/%40babel%2Fplugin-transform-destructuring;npm install @babel/plugin-transform-destructuring@8.0.5;@babel/plugin-transform-explicit-resource-management, @babel/plugin-transform-object-rest-spread, @babel/preset-env;Транзитивная зависимость. Версию менять только через npm update / пересборку lockfile; самостоятельный апгрейд может нарушить peer-зависимости родителя.
@babel/plugin-transform-dotall-regex;8.0.1;8.0.1;https://www.npmjs.com/package/%40babel%2Fplugin-transform-dotall-regex;npm install @babel/plugin-transform-dotall-regex@8.0.1;@babel/preset-env, @babel/preset-modules;Транзитивная зависимость. Версию менять только через npm update / пересборку lockfile; самостоятельный апгрейд может нарушить peer-зависимости родителя.
@babel/plugin-transform-duplicate-keys;8.0.1;8.0.1;https://www.npmjs.com/package/%40babel%2Fplugin-transform-duplicate-keys;npm install @babel/plugin-transform-duplicate-keys@8.0.1;@babel/preset-env;Транзитивная зависимость. Версию менять только через npm update / пересборку lockfile; самостоятельный апгрейд может нарушить peer-зависимости родителя.
@babel/plugin-transform-duplicate-named-capturing-groups-regex;8.0.1;8.0.1;https://www.npmjs.com/package/%40babel%2Fplugin-transform-duplicate-named-capturing-groups-regex;npm install @babel/plugin-transform-duplicate-named-capturing-groups-regex@8.0.1;@babel/preset-env;Транзитивная зависимость. Версию менять только через npm update / пересборку lockfile; самостоятельный апгрейд может нарушить peer-зависимости родителя.
@babel/plugin-transform-dynamic-import;8.0.1;8.0.1;https://www.npmjs.com/package/%40babel%2Fplugin-transform-dynamic-import;npm install @babel/plugin-transform-dynamic-import@8.0.1;@babel/preset-env;Транзитивная зависимость. Версию менять только через npm update / пересборку lockfile; самостоятельный апгрейд может нарушить peer-зависимости родителя.
@babel/plugin-transform-explicit-resource-management;8.0.5;8.0.5;https://www.npmjs.com/package/%40babel%2Fplugin-transform-explicit-resource-management;npm install @babel/plugin-transform-explicit-resource-management@8.0.5;@babel/preset-env;Транзитивная зависимость. Версию менять только через npm update / пересборку lockfile; самостоятельный апгрейд может нарушить peer-зависимости родителя.
@babel/plugin-transform-exponentiation-operator;8.0.1;8.0.1;https://www.npmjs.com/package/%40babel%2Fplugin-transform-exponentiation-operator;npm install @babel/plugin-transform-exponentiation-operator@8.0.1;@babel/preset-env;Транзитивная зависимость. Версию менять только через npm update / пересборку lockfile; самостоятельный апгрейд может нарушить peer-зависимости родителя.
@babel/plugin-transform-export-namespace-from;8.0.1;8.0.1;https://www.npmjs.com/package/%40babel%2Fplugin-transform-export-namespace-from;npm install @babel/plugin-transform-export-namespace-from@8.0.1;@babel/preset-env;Транзитивная зависимость. Версию менять только через npm update / пересборку lockfile; самостоятельный апгрейд может нарушить peer-зависимости родителя.
@babel/plugin-transform-for-of;8.0.1;8.0.1;https://www.npmjs.com/package/%40babel%2Fplugin-transform-for-of;npm install @babel/plugin-transform-for-of@8.0.1;@babel/preset-env;Транзитивная зависимость. Версию менять только через npm update / пересборку lockfile; самостоятельный апгрейд может нарушить peer-зависимости родителя.
@babel/plugin-transform-function-name;8.0.1;8.0.1;https://www.npmjs.com/package/%40babel%2Fplugin-transform-function-name;npm install @babel/plugin-transform-function-name@8.0.1;@babel/preset-env;Транзитивная зависимость. Версию менять только через npm update / пересборку lockfile; самостоятельный апгрейд может нарушить peer-зависимости родителя.
@babel/plugin-transform-json-strings;8.0.1;8.0.1;https://www.npmjs.com/package/%40babel%2Fplugin-transform-json-strings;npm install @babel/plugin-transform-json-strings@8.0.1;@babel/preset-env;Транзитивная зависимость. Версию менять только через npm update / пересборку lockfile; самостоятельный апгрейд может нарушить peer-зависимости родителя.
@babel/plugin-transform-literals;8.0.1;8.0.1;https://www.npmjs.com/package/%40babel%2Fplugin-transform-literals;npm install @babel/plugin-transform-literals@8.0.1;@babel/preset-env;Транзитивная зависимость. Версию менять только через npm update / пересборку lockfile; самостоятельный апгрейд может нарушить peer-зависимости родителя.
@babel/plugin-transform-logical-assignment-operators;8.0.1;8.0.1;https://www.npmjs.com/package/%40babel%2Fplugin-transform-logical-assignment-operators;npm install @babel/plugin-transform-logical-assignment-operators@8.0.1;@babel/preset-env;Транзитивная зависимость. Версию менять только через npm update / пересборку lockfile; самостоятельный апгрейд может нарушить peer-зависимости родителя.
@babel/plugin-transform-member-expression-literals;8.0.1;8.0.1;https://www.npmjs.com/package/%40babel%2Fplugin-transform-member-expression-literals;npm install @babel/plugin-transform-member-expression-literals@8.0.1;@babel/preset-env;Транзитивная зависимость. Версию менять только через npm update / пересборку lockfile; самостоятельный апгрейд может нарушить peer-зависимости родителя.
@babel/plugin-transform-modules-amd;8.0.1;8.0.1;https://www.npmjs.com/package/%40babel%2Fplugin-transform-modules-amd;npm install @babel/plugin-transform-modules-amd@8.0.1;@babel/preset-env;Транзитивная зависимость. Версию менять только через npm update / пересборку lockfile; самостоятельный апгрейд может нарушить peer-зависимости родителя.
@babel/plugin-transform-modules-commonjs;8.0.1;8.0.1;https://www.npmjs.com/package/%40babel%2Fplugin-transform-modules-commonjs;npm install @babel/plugin-transform-modules-commonjs@8.0.1;@babel/preset-env;Транзитивная зависимость. Версию менять только через npm update / пересборку lockfile; самостоятельный апгрейд может нарушить peer-зависимости родителя.
@babel/plugin-transform-modules-systemjs;8.0.1;8.0.1;https://www.npmjs.com/package/%40babel%2Fplugin-transform-modules-systemjs;npm install @babel/plugin-transform-modules-systemjs@8.0.1;@babel/preset-env;Транзитивная зависимость. Версию менять только через npm update / пересборку lockfile; самостоятельный апгрейд может нарушить peer-зависимости родителя.
@babel/plugin-transform-modules-umd;8.0.1;8.0.1;https://www.npmjs.com/package/%40babel%2Fplugin-transform-modules-umd;npm install @babel/plugin-transform-modules-umd@8.0.1;@babel/preset-env;Транзитивная зависимость. Версию менять только через npm update / пересборку lockfile; самостоятельный апгрейд может нарушить peer-зависимости родителя.
@babel/plugin-transform-named-capturing-groups-regex;8.0.1;8.0.1;https://www.npmjs.com/package/%40babel%2Fplugin-transform-named-capturing-groups-regex;npm install @babel/plugin-transform-named-capturing-groups-regex@8.0.1;@babel/preset-env;Транзитивная зависимость. Версию менять только через npm update / пересборку lockfile; самостоятельный апгрейд может нарушить peer-зависимости родителя.
@babel/plugin-transform-new-target;8.0.1;8.0.1;https://www.npmjs.com/package/%40babel%2Fplugin-transform-new-target;npm install @babel/plugin-transform-new-target@8.0.1;@babel/preset-env;Транзитивная зависимость. Версию менять только через npm update / пересборку lockfile; самостоятельный апгрейд может нарушить peer-зависимости родителя.
@babel/plugin-transform-nullish-coalescing-operator;8.0.1;8.0.1;https://www.npmjs.com/package/%40babel%2Fplugin-transform-nullish-coalescing-operator;npm install @babel/plugin-transform-nullish-coalescing-operator@8.0.1;@babel/preset-env;Транзитивная зависимость. Версию менять только через npm update / пересборку lockfile; самостоятельный апгрейд может нарушить peer-зависимости родителя.
@babel/plugin-transform-numeric-separator;8.0.1;8.0.1;https://www.npmjs.com/package/%40babel%2Fplugin-transform-numeric-separator;npm install @babel/plugin-transform-numeric-separator@8.0.1;@babel/preset-env;Транзитивная зависимость. Версию менять только через npm update / пересборку lockfile; самостоятельный апгрейд может нарушить peer-зависимости родителя.
@babel/plugin-transform-object-rest-spread;8.0.1;8.0.1;https://www.npmjs.com/package/%40babel%2Fplugin-transform-object-rest-spread;npm install @babel/plugin-transform-object-rest-spread@8.0.1;@babel/preset-env;Транзитивная зависимость. Версию менять только через npm update / пересборку lockfile; самостоятельный апгрейд может нарушить peer-зависимости родителя.
@babel/plugin-transform-object-super;8.0.1;8.0.1;https://www.npmjs.com/package/%40babel%2Fplugin-transform-object-super;npm install @babel/plugin-transform-object-super@8.0.1;@babel/preset-env;Транзитивная зависимость. Версию менять только через npm update / пересборку lockfile; самостоятельный апгрейд может нарушить peer-зависимости родителя.
@babel/plugin-transform-optional-catch-binding;8.0.1;8.0.1;https://www.npmjs.com/package/%40babel%2Fplugin-transform-optional-catch-binding;npm install @babel/plugin-transform-optional-catch-binding@8.0.1;@babel/preset-env;Транзитивная зависимость. Версию менять только через npm update / пересборку lockfile; самостоятельный апгрейд может нарушить peer-зависимости родителя.
@babel/plugin-transform-optional-chaining;8.0.5;8.0.5;https://www.npmjs.com/package/%40babel%2Fplugin-transform-optional-chaining;npm install @babel/plugin-transform-optional-chaining@8.0.5;@babel/plugin-bugfix-v8-spread-parameters-in-optional-chaining, @babel/preset-env;Транзитивная зависимость. Версию менять только через npm update / пересборку lockfile; самостоятельный апгрейд может нарушить peer-зависимости родителя.
@babel/plugin-transform-parameters;8.0.5;8.0.5;https://www.npmjs.com/package/%40babel%2Fplugin-transform-parameters;npm install @babel/plugin-transform-parameters@8.0.5;@babel/plugin-transform-object-rest-spread, @babel/preset-env;Транзитивная зависимость. Версию менять только через npm update / пересборку lockfile; самостоятельный апгрейд может нарушить peer-зависимости родителя.
@babel/plugin-transform-private-methods;8.0.1;8.0.1;https://www.npmjs.com/package/%40babel%2Fplugin-transform-private-methods;npm install @babel/plugin-transform-private-methods@8.0.1;@babel/preset-env;Транзитивная зависимость. Версию менять только через npm update / пересборку lockfile; самостоятельный апгрейд может нарушить peer-зависимости родителя.
@babel/plugin-transform-private-property-in-object;8.0.5;8.0.5;https://www.npmjs.com/package/%40babel%2Fplugin-transform-private-property-in-object;npm install @babel/plugin-transform-private-property-in-object@8.0.5;@babel/preset-env;Транзитивная зависимость. Версию менять только через npm update / пересборку lockfile; самостоятельный апгрейд может нарушить peer-зависимости родителя.
@babel/plugin-transform-property-literals;8.0.1;8.0.1;https://www.npmjs.com/package/%40babel%2Fplugin-transform-property-literals;npm install @babel/plugin-transform-property-literals@8.0.1;@babel/preset-env;Транзитивная зависимость. Версию менять только через npm update / пересборку lockfile; самостоятельный апгрейд может нарушить peer-зависимости родителя.
@babel/plugin-transform-regenerator;8.0.5;8.0.5;https://www.npmjs.com/package/%40babel%2Fplugin-transform-regenerator;npm install @babel/plugin-transform-regenerator@8.0.5;@babel/preset-env;Транзитивная зависимость. Версию менять только через npm update / пересборку lockfile; самостоятельный апгрейд может нарушить peer-зависимости родителя.
@babel/plugin-transform-regexp-modifiers;8.0.1;8.0.1;https://www.npmjs.com/package/%40babel%2Fplugin-transform-regexp-modifiers;npm install @babel/plugin-transform-regexp-modifiers@8.0.1;@babel/preset-env;Транзитивная зависимость. Версию менять только через npm update / пересборку lockfile; самостоятельный апгрейд может нарушить peer-зависимости родителя.
@babel/plugin-transform-reserved-words;8.0.1;8.0.1;https://www.npmjs.com/package/%40babel%2Fplugin-transform-reserved-words;npm install @babel/plugin-transform-reserved-words@8.0.1;@babel/preset-env;Транзитивная зависимость. Версию менять только через npm update / пересборку lockfile; самостоятельный апгрейд может нарушить peer-зависимости родителя.
@babel/plugin-transform-runtime;8.0.1;8.0.1;https://www.npmjs.com/package/%40babel%2Fplugin-transform-runtime;npm install @babel/plugin-transform-runtime@8.0.1;@angular-devkit/build-angular;Транзитивная зависимость. Версию менять только через npm update / пересборку lockfile; самостоятельный апгрейд может нарушить peer-зависимости родителя.
@babel/plugin-transform-shorthand-properties;8.0.1;8.0.1;https://www.npmjs.com/package/%40babel%2Fplugin-transform-shorthand-properties;npm install @babel/plugin-transform-shorthand-properties@8.0.1;@babel/preset-env;Транзитивная зависимость. Версию менять только через npm update / пересборку lockfile; самостоятельный апгрейд может нарушить peer-зависимости родителя.
@babel/plugin-transform-spread;8.0.5;8.0.5;https://www.npmjs.com/package/%40babel%2Fplugin-transform-spread;npm install @babel/plugin-transform-spread@8.0.5;@babel/preset-env;Транзитивная зависимость. Версию менять только через npm update / пересборку lockfile; самостоятельный апгрейд может нарушить peer-зависимости родителя.
@babel/plugin-transform-sticky-regex;8.0.1;8.0.1;https://www.npmjs.com/package/%40babel%2Fplugin-transform-sticky-regex;npm install @babel/plugin-transform-sticky-regex@8.0.1;@babel/preset-env;Транзитивная зависимость. Версию менять только через npm update / пересборку lockfile; самостоятельный апгрейд может нарушить peer-зависимости родителя.
@babel/plugin-transform-template-literals;8.0.1;8.0.1;https://www.npmjs.com/package/%40babel%2Fplugin-transform-template-literals;npm install @babel/plugin-transform-template-literals@8.0.1;@babel/preset-env;Транзитивная зависимость. Версию менять только через npm update / пересборку lockfile; самостоятельный апгрейд может нарушить peer-зависимости родителя.
@babel/plugin-transform-typeof-symbol;8.0.1;8.0.1;https://www.npmjs.com/package/%40babel%2Fplugin-transform-typeof-symbol;npm install @babel/plugin-transform-typeof-symbol@8.0.1;@babel/preset-env;Транзитивная зависимость. Версию менять только через npm update / пересборку lockfile; самостоятельный апгрейд может нарушить peer-зависимости родителя.
@babel/plugin-transform-unicode-escapes;8.0.1;8.0.1;https://www.npmjs.com/package/%40babel%2Fplugin-transform-unicode-escapes;npm install @babel/plugin-transform-unicode-escapes@8.0.1;@babel/preset-env;Транзитивная зависимость. Версию менять только через npm update / пересборку lockfile; самостоятельный апгрейд может нарушить peer-зависимости родителя.
@babel/plugin-transform-unicode-property-regex;8.0.1;8.0.1;https://www.npmjs.com/package/%40babel%2Fplugin-transform-unicode-property-regex;npm install @babel/plugin-transform-unicode-property-regex@8.0.1;@babel/preset-env, @babel/preset-modules;Транзитивная зависимость. Версию менять только через npm update / пересборку lockfile; самостоятельный апгрейд может нарушить peer-зависимости родителя.
@babel/plugin-transform-unicode-regex;8.0.1;8.0.1;https://www.npmjs.com/package/%40babel%2Fplugin-transform-unicode-regex;npm install @babel/plugin-transform-unicode-regex@8.0.1;@babel/preset-env;Транзитивная зависимость. Версию менять только через npm update / пересборку lockfile; самостоятельный апгрейд может нарушить peer-зависимости родителя.
@babel/plugin-transform-unicode-sets-regex;8.0.1;8.0.1;https://www.npmjs.com/package/%40babel%2Fplugin-transform-unicode-sets-regex;npm install @babel/plugin-transform-unicode-sets-regex@8.0.1;@babel/preset-env;Транзитивная зависимость. Версию менять только через npm update / пересборку lockfile; самостоятельный апгрейд может нарушить peer-зависимости родителя.
@babel/preset-env;8.0.2;8.0.2;https://www.npmjs.com/package/%40babel%2Fpreset-env;npm install @babel/preset-env@8.0.2;@angular-devkit/build-angular;Транзитивная зависимость. Версию менять только через npm update / пересборку lockfile; самостоятельный апгрейд может нарушить peer-зависимости родителя.
@babel/preset-modules;0.2.0;0.2.0;https://www.npmjs.com/package/%40babel%2Fpreset-modules;npm install @babel/preset-modules@0.2.0;@babel/preset-env;Транзитивная зависимость. Версию менять только через npm update / пересборку lockfile; самостоятельный апгрейд может нарушить peer-зависимости родителя.
@babel/runtime;8.0.0;8.0.0;https://www.npmjs.com/package/%40babel%2Fruntime;npm install @babel/runtime@8.0.0;@angular-devkit/build-angular;Транзитивная зависимость. Версию менять только через npm update / пересборку lockfile; самостоятельный апгрейд может нарушить peer-зависимости родителя.
@babel/template;8.0.0;8.0.0;https://www.npmjs.com/package/%40babel%2Ftemplate;npm install @babel/template@8.0.0;@babel/core, @babel/helper-wrap-function, @babel/helpers, @babel/traverse;Транзитивная зависимость. Версию менять только через npm update / пересборку lockfile; самостоятельный апгрейд может нарушить peer-зависимости родителя.
@babel/traverse;8.0.5;8.0.5;https://www.npmjs.com/package/%40babel%2Ftraverse;npm install @babel/traverse@8.0.5;@babel/core, @babel/helper-create-class-features-plugin, @babel/helper-member-expression-to-functions, @babel/helper-module-imports, @babel/helper-module-transforms, @babel/helper-remap-async-to-generator, @babel/helper-replace-supers, @babel/helper-skip-transparent-expression-wrappers, @babel/helper-wrap-function, @babel/plugin-transform-async-generator-functions, @babel/plugin-transform-classes;Транзитивная зависимость. Версию менять только через npm update / пересборку lockfile; самостоятельный апгрейд может нарушить peer-зависимости родителя.
@babel/types;8.0.5;8.0.5;https://www.npmjs.com/package/%40babel%2Ftypes;npm install @babel/types@8.0.5;@babel/core, @babel/generator, @babel/helper-annotate-as-pure, @babel/helper-member-expression-to-functions, @babel/helper-module-imports, @babel/helper-optimise-call-expression, @babel/helper-skip-transparent-expression-wrappers, @babel/helper-split-export-declaration, @babel/helper-wrap-function, @babel/helpers, @babel/parser, @babel/preset-modules, @babel/template, @babel/traverse, @types/babel__core, @types/babel__generator, @types/babel__template, @types/babel__traverse, jest-snapshot;Транзитивная зависимость. Версию менять только через npm update / пересборку lockfile; самостоятельный апгрейд может нарушить peer-зависимости родителя.
@bcoe/v8-coverage;0.2.3;0.2.3;https://www.npmjs.com/package/%40bcoe%2Fv8-coverage;npm install @bcoe/v8-coverage@0.2.3;@jest/reporters;Транзитивная зависимость. Версию менять только через npm update / пересборку lockfile; самостоятельный апгрейд может нарушить peer-зависимости родителя.
@bramus/specificity;2.4.2;2.4.2;https://www.npmjs.com/package/%40bramus%2Fspecificity;npm install @bramus/specificity@2.4.2;jsdom;Транзитивная зависимость. Версию менять только через npm update / пересборку lockfile; самостоятельный апгрейд может нарушить peer-зависимости родителя.
@cacheable/memory;2.2.0;2.2.0;https://www.npmjs.com/package/%40cacheable%2Fmemory;npm install @cacheable/memory@2.2.0;cacheable;Транзитивная зависимость. Версию менять только через npm update / пересборку lockfile; самостоятельный апгрейд может нарушить peer-зависимости родителя.
@cacheable/utils;2.5.0;2.5.0;https://www.npmjs.com/package/%40cacheable%2Futils;npm install @cacheable/utils@2.5.0;@cacheable/memory, cacheable;Транзитивная зависимость. Версию менять только через npm update / пересборку lockfile; самостоятельный апгрейд может нарушить peer-зависимости родителя.
@chialab/cjs-to-esm;0.19.2;0.19.2;https://www.npmjs.com/package/%40chialab%2Fcjs-to-esm;npm install @chialab/cjs-to-esm@0.19.2;@chialab/esbuild-plugin-commonjs;Транзитивная зависимость. Версию менять только через npm update / пересборку lockfile; самостоятельный апгрейд может нарушить peer-зависимости родителя.
@chialab/esbuild-plugin-commonjs;0.19.1;0.19.1;https://www.npmjs.com/package/%40chialab%2Fesbuild-plugin-commonjs;npm install @chialab/esbuild-plugin-commonjs@0.19.1;@angular-architects/native-federation;Транзитивная зависимость. Версию менять только через npm update / пересборку lockfile; самостоятельный апгрейд может нарушить peer-зависимости родителя.
@chialab/esbuild-rna;0.19.3;0.19.3;https://www.npmjs.com/package/%40chialab%2Fesbuild-rna;npm install @chialab/esbuild-rna@0.19.3;@chialab/esbuild-plugin-commonjs;Транзитивная зависимость. Версию менять только через npm update / пересборку lockfile; самостоятельный апгрейд может нарушить peer-зависимости родителя.
@chialab/estransform;0.20.1;0.20.1;https://www.npmjs.com/package/%40chialab%2Festransform;npm install @chialab/estransform@0.20.1;@chialab/cjs-to-esm, @chialab/esbuild-rna;Транзитивная зависимость. Версию менять только через npm update / пересборку lockfile; самостоятельный апгрейд может нарушить peer-зависимости родителя.
@chialab/node-resolve;0.19.1;0.19.1;https://www.npmjs.com/package/%40chialab%2Fnode-resolve;npm install @chialab/node-resolve@0.19.1;@chialab/esbuild-rna;Транзитивная зависимость. Версию менять только через npm update / пересборку lockfile; самостоятельный апгрейд может нарушить peer-зависимости родителя.
@csstools/color-helpers;6.1.1;6.1.1;https://www.npmjs.com/package/%40csstools%2Fcolor-helpers;npm install @csstools/color-helpers@6.1.1;@csstools/css-color-parser;Транзитивная зависимость. Версию менять только через npm update / пересборку lockfile; самостоятельный апгрейд может нарушить peer-зависимости родителя.
@csstools/css-calc;3.3.0;3.3.0;https://www.npmjs.com/package/%40csstools%2Fcss-calc;npm install @csstools/css-calc@3.3.0;@asamuzakjp/css-color, @csstools/css-color-parser;Транзитивная зависимость. Версию менять только через npm update / пересборку lockfile; самостоятельный апгрейд может нарушить peer-зависимости родителя.
@csstools/css-color-parser;4.2.2;4.2.2;https://www.npmjs.com/package/%40csstools%2Fcss-color-parser;npm install @csstools/css-color-parser@4.2.2;@asamuzakjp/css-color;Транзитивная зависимость. Версию менять только через npm update / пересборку lockfile; самостоятельный апгрейд может нарушить peer-зависимости родителя.
@csstools/css-parser-algorithms;4.0.0;4.0.0;https://www.npmjs.com/package/%40csstools%2Fcss-parser-algorithms;npm install @csstools/css-parser-algorithms@4.0.0;@asamuzakjp/css-color;Транзитивная зависимость. Версию менять только через npm update / пересборку lockfile; самостоятельный апгрейд может нарушить peer-зависимости родителя.
@csstools/css-syntax-patches-for-csstree;1.1.13;1.1.13;https://www.npmjs.com/package/%40csstools%2Fcss-syntax-patches-for-csstree;npm install @csstools/css-syntax-patches-for-csstree@1.1.13;jsdom;Транзитивная зависимость. Версию менять только через npm update / пересборку lockfile; самостоятельный апгрейд может нарушить peer-зависимости родителя.
@csstools/css-tokenizer;4.0.0;4.0.0;https://www.npmjs.com/package/%40csstools%2Fcss-tokenizer;npm install @csstools/css-tokenizer@4.0.0;@asamuzakjp/css-color;Транзитивная зависимость. Версию менять только через npm update / пересборку lockfile; самостоятельный апгрейд может нарушить peer-зависимости родителя.
@discoveryjs/json-ext;1.1.0;1.1.0;https://www.npmjs.com/package/%40discoveryjs%2Fjson-ext;npm install @discoveryjs/json-ext@1.1.0;@angular-devkit/build-angular;Транзитивная зависимость. Версию менять только через npm update / пересборку lockfile; самостоятельный апгрейд может нарушить peer-зависимости родителя.
@emnapi/core;1.11.3;1.11.3;https://www.npmjs.com/package/%40emnapi%2Fcore;npm install @emnapi/core@1.11.3;@oxc-parser/binding-wasm32-wasi, @rolldown/binding-wasm32-wasi, @rspack/binding-wasm32-wasi, @unrs/resolver-binding-wasm32-wasi;Транзитивная зависимость. Версию менять только через npm update / пересборку lockfile; самостоятельный апгрейд может нарушить peer-зависимости родителя.
@emnapi/runtime;1.11.3;1.11.3;https://www.npmjs.com/package/%40emnapi%2Fruntime;npm install @emnapi/runtime@1.11.3;@oxc-parser/binding-wasm32-wasi, @rolldown/binding-wasm32-wasi, @rspack/binding-wasm32-wasi, @unrs/resolver-binding-wasm32-wasi;Транзитивная зависимость. Версию менять только через npm update / пересборку lockfile; самостоятельный апгрейд может нарушить peer-зависимости родителя.
@emnapi/wasi-threads;1.2.3;1.2.3;https://www.npmjs.com/package/%40emnapi%2Fwasi-threads;npm install @emnapi/wasi-threads@1.2.3;@emnapi/core;Транзитивная зависимость. Версию менять только через npm update / пересборку lockfile; самостоятельный апгрейд может нарушить peer-зависимости родителя.
@esbuild/aix-ppc64;0.28.2;0.28.2;https://www.npmjs.com/package/%40esbuild%2Faix-ppc64;npm install @esbuild/aix-ppc64@0.28.2;transitive (не определено по lockfile);Транзитивная зависимость. Версию менять только через npm update / пересборку lockfile; самостоятельный апгрейд может нарушить peer-зависимости родителя.
@esbuild/android-arm;0.28.2;0.28.2;https://www.npmjs.com/package/%40esbuild%2Fandroid-arm;npm install @esbuild/android-arm@0.28.2;transitive (не определено по lockfile);Транзитивная зависимость. Версию менять только через npm update / пересборку lockfile; самостоятельный апгрейд может нарушить peer-зависимости родителя.
@esbuild/android-arm64;0.28.2;0.28.2;https://www.npmjs.com/package/%40esbuild%2Fandroid-arm64;npm install @esbuild/android-arm64@0.28.2;transitive (не определено по lockfile);Транзитивная зависимость. Версию менять только через npm update / пересборку lockfile; самостоятельный апгрейд может нарушить peer-зависимости родителя.
@esbuild/android-x64;0.28.2;0.28.2;https://www.npmjs.com/package/%40esbuild%2Fandroid-x64;npm install @esbuild/android-x64@0.28.2;transitive (не определено по lockfile);Транзитивная зависимость. Версию менять только через npm update / пересборку lockfile; самостоятельный апгрейд может нарушить peer-зависимости родителя.
@esbuild/darwin-arm64;0.28.2;0.28.2;https://www.npmjs.com/package/%40esbuild%2Fdarwin-arm64;npm install @esbuild/darwin-arm64@0.28.2;transitive (не определено по lockfile);Транзитивная зависимость. Версию менять только через npm update / пересборку lockfile; самостоятельный апгрейд может нарушить peer-зависимости родителя.
@esbuild/darwin-x64;0.28.2;0.28.2;https://www.npmjs.com/package/%40esbuild%2Fdarwin-x64;npm install @esbuild/darwin-x64@0.28.2;transitive (не определено по lockfile);Транзитивная зависимость. Версию менять только через npm update / пересборку lockfile; самостоятельный апгрейд может нарушить peer-зависимости родителя.
@esbuild/freebsd-arm64;0.28.2;0.28.2;https://www.npmjs.com/package/%40esbuild%2Ffreebsd-arm64;npm install @esbuild/freebsd-arm64@0.28.2;transitive (не определено по lockfile);Транзитивная зависимость. Версию менять только через npm update / пересборку lockfile; самостоятельный апгрейд может нарушить peer-зависимости родителя.
@esbuild/freebsd-x64;0.28.2;0.28.2;https://www.npmjs.com/package/%40esbuild%2Ffreebsd-x64;npm install @esbuild/freebsd-x64@0.28.2;transitive (не определено по lockfile);Транзитивная зависимость. Версию менять только через npm update / пересборку lockfile; самостоятельный апгрейд может нарушить peer-зависимости родителя.
@esbuild/linux-arm;0.28.2;0.28.2;https://www.npmjs.com/package/%40esbuild%2Flinux-arm;npm install @esbuild/linux-arm@0.28.2;transitive (не определено по lockfile);Транзитивная зависимость. Версию менять только через npm update / пересборку lockfile; самостоятельный апгрейд может нарушить peer-зависимости родителя.
@esbuild/linux-arm64;0.28.2;0.28.2;https://www.npmjs.com/package/%40esbuild%2Flinux-arm64;npm install @esbuild/linux-arm64@0.28.2;transitive (не определено по lockfile);Транзитивная зависимость. Версию менять только через npm update / пересборку lockfile; самостоятельный апгрейд может нарушить peer-зависимости родителя.
@esbuild/linux-ia32;0.28.2;0.28.2;https://www.npmjs.com/package/%40esbuild%2Flinux-ia32;npm install @esbuild/linux-ia32@0.28.2;transitive (не определено по lockfile);Транзитивная зависимость. Версию менять только через npm update / пересборку lockfile; самостоятельный апгрейд может нарушить peer-зависимости родителя.
@esbuild/linux-loong64;0.28.2;0.28.2;https://www.npmjs.com/package/%40esbuild%2Flinux-loong64;npm install @esbuild/linux-loong64@0.28.2;transitive (не определено по lockfile);Транзитивная зависимость. Версию менять только через npm update / пересборку lockfile; самостоятельный апгрейд может нарушить peer-зависимости родителя.
@esbuild/linux-mips64el;0.28.2;0.28.2;https://www.npmjs.com/package/%40esbuild%2Flinux-mips64el;npm install @esbuild/linux-mips64el@0.28.2;transitive (не определено по lockfile);Транзитивная зависимость. Версию менять только через npm update / пересборку lockfile; самостоятельный апгрейд может нарушить peer-зависимости родителя.
@esbuild/linux-ppc64;0.28.2;0.28.2;https://www.npmjs.com/package/%40esbuild%2Flinux-ppc64;npm install @esbuild/linux-ppc64@0.28.2;transitive (не определено по lockfile);Транзитивная зависимость. Версию менять только через npm update / пересборку lockfile; самостоятельный апгрейд может нарушить peer-зависимости родителя.
@esbuild/linux-riscv64;0.28.2;0.28.2;https://www.npmjs.com/package/%40esbuild%2Flinux-riscv64;npm install @esbuild/linux-riscv64@0.28.2;transitive (не определено по lockfile);Транзитивная зависимость. Версию менять только через npm update / пересборку lockfile; самостоятельный апгрейд может нарушить peer-зависимости родителя.
@esbuild/linux-s390x;0.28.2;0.28.2;https://www.npmjs.com/package/%40esbuild%2Flinux-s390x;npm install @esbuild/linux-s390x@0.28.2;transitive (не определено по lockfile);Транзитивная зависимость. Версию менять только через npm update / пересборку lockfile; самостоятельный апгрейд может нарушить peer-зависимости родителя.
@esbuild/linux-x64;0.28.2;0.28.2;https://www.npmjs.com/package/%40esbuild%2Flinux-x64;npm install @esbuild/linux-x64@0.28.2;transitive (не определено по lockfile);Транзитивная зависимость. Версию менять только через npm update / пересборку lockfile; самостоятельный апгрейд может нарушить peer-зависимости родителя.
@esbuild/netbsd-arm64;0.28.2;0.28.2;https://www.npmjs.com/package/%40esbuild%2Fnetbsd-arm64;npm install @esbuild/netbsd-arm64@0.28.2;transitive (не определено по lockfile);Транзитивная зависимость. Версию менять только через npm update / пересборку lockfile; самостоятельный апгрейд может нарушить peer-зависимости родителя.
@esbuild/netbsd-x64;0.28.2;0.28.2;https://www.npmjs.com/package/%40esbuild%2Fnetbsd-x64;npm install @esbuild/netbsd-x64@0.28.2;transitive (не определено по lockfile);Транзитивная зависимость. Версию менять только через npm update / пересборку lockfile; самостоятельный апгрейд может нарушить peer-зависимости родителя.
@esbuild/openbsd-arm64;0.28.2;0.28.2;https://www.npmjs.com/package/%40esbuild%2Fopenbsd-arm64;npm install @esbuild/openbsd-arm64@0.28.2;transitive (не определено по lockfile);Транзитивная зависимость. Версию менять только через npm update / пересборку lockfile; самостоятельный апгрейд может нарушить peer-зависимости родителя.
@esbuild/openbsd-x64;0.28.2;0.28.2;https://www.npmjs.com/package/%40esbuild%2Fopenbsd-x64;npm install @esbuild/openbsd-x64@0.28.2;transitive (не определено по lockfile);Транзитивная зависимость. Версию менять только через npm update / пересборку lockfile; самостоятельный апгрейд может нарушить peer-зависимости родителя.
@esbuild/openharmony-arm64;0.28.2;0.28.2;https://www.npmjs.com/package/%40esbuild%2Fopenharmony-arm64;npm install @esbuild/openharmony-arm64@0.28.2;transitive (не определено по lockfile);Транзитивная зависимость. Версию менять только через npm update / пересборку lockfile; самостоятельный апгрейд может нарушить peer-зависимости родителя.
@esbuild/sunos-x64;0.28.2;0.28.2;https://www.npmjs.com/package/%40esbuild%2Fsunos-x64;npm install @esbuild/sunos-x64@0.28.2;transitive (не определено по lockfile);Транзитивная зависимость. Версию менять только через npm update / пересборку lockfile; самостоятельный апгрейд может нарушить peer-зависимости родителя.
@esbuild/win32-arm64;0.28.2;0.28.2;https://www.npmjs.com/package/%40esbuild%2Fwin32-arm64;npm install @esbuild/win32-arm64@0.28.2;transitive (не определено по lockfile);Транзитивная зависимость. Версию менять только через npm update / пересборку lockfile; самостоятельный апгрейд может нарушить peer-зависимости родителя.
@esbuild/win32-ia32;0.28.2;0.28.2;https://www.npmjs.com/package/%40esbuild%2Fwin32-ia32;npm install @esbuild/win32-ia32@0.28.2;transitive (не определено по lockfile);Транзитивная зависимость. Версию менять только через npm update / пересборку lockfile; самостоятельный апгрейд может нарушить peer-зависимости родителя.
@esbuild/win32-x64;0.28.2;0.28.2;https://www.npmjs.com/package/%40esbuild%2Fwin32-x64;npm install @esbuild/win32-x64@0.28.2;transitive (не определено по lockfile);Транзитивная зависимость. Версию менять только через npm update / пересборку lockfile; самостоятельный апгрейд может нарушить peer-зависимости родителя.
@eslint-community/eslint-utils;4.10.1;4.10.1;https://www.npmjs.com/package/%40eslint-community%2Feslint-utils;npm install @eslint-community/eslint-utils@4.10.1;@typescript-eslint/utils, eslint;Транзитивная зависимость. Версию менять только через npm update / пересборку lockfile; самостоятельный апгрейд может нарушить peer-зависимости родителя.
@eslint-community/regexpp;4.12.2;4.12.2;https://www.npmjs.com/package/%40eslint-community%2Fregexpp;npm install @eslint-community/regexpp@4.12.2;@typescript-eslint/eslint-plugin, eslint;Транзитивная зависимость. Версию менять только через npm update / пересборку lockfile; самостоятельный апгрейд может нарушить peer-зависимости родителя.
@eslint/config-array;0.23.5;0.23.5;https://www.npmjs.com/package/%40eslint%2Fconfig-array;npm install @eslint/config-array@0.23.5;eslint;Транзитивная зависимость. Версию менять только через npm update / пересборку lockfile; самостоятельный апгрейд может нарушить peer-зависимости родителя.
@eslint/config-helpers;0.7.0;0.7.0;https://www.npmjs.com/package/%40eslint%2Fconfig-helpers;npm install @eslint/config-helpers@0.7.0;eslint;Транзитивная зависимость. Версию менять только через npm update / пересборку lockfile; самостоятельный апгрейд может нарушить peer-зависимости родителя.
@eslint/core;1.2.1;1.2.1;https://www.npmjs.com/package/%40eslint%2Fcore;npm install @eslint/core@1.2.1;@eslint/config-helpers, @eslint/plugin-kit, eslint;Транзитивная зависимость. Версию менять только через npm update / пересборку lockfile; самостоятельный апгрейд может нарушить peer-зависимости родителя.
@eslint/object-schema;3.0.5;3.0.5;https://www.npmjs.com/package/%40eslint%2Fobject-schema;npm install @eslint/object-schema@3.0.5;@eslint/config-array;Транзитивная зависимость. Версию менять только через npm update / пересборку lockfile; самостоятельный апгрейд может нарушить peer-зависимости родителя.
@eslint/plugin-kit;0.7.3;0.7.3;https://www.npmjs.com/package/%40eslint%2Fplugin-kit;npm install @eslint/plugin-kit@0.7.3;eslint;Транзитивная зависимость. Версию менять только через npm update / пересборку lockfile; самостоятельный апгрейд может нарушить peer-зависимости родителя.
@exodus/bytes;1.15.1;1.15.1;https://www.npmjs.com/package/%40exodus%2Fbytes;npm install @exodus/bytes@1.15.1;html-encoding-sniffer, jsdom, whatwg-url;Транзитивная зависимость. Версию менять только через npm update / пересборку lockfile; самостоятельный апгрейд может нарушить peer-зависимости родителя.
@harperfast/extended-iterable;1.0.3;1.0.3;https://www.npmjs.com/package/%40harperfast%2Fextended-iterable;npm install @harperfast/extended-iterable@1.0.3;lmdb;Транзитивная зависимость. Версию менять только через npm update / пересборку lockfile; самостоятельный апгрейд может нарушить peer-зависимости родителя.
@hono/node-server;2.1.1;2.1.1;https://www.npmjs.com/package/%40hono%2Fnode-server;npm install @hono/node-server@2.1.1;@modelcontextprotocol/sdk;Транзитивная зависимость. Версию менять только через npm update / пересборку lockfile; самостоятельный апгрейд может нарушить peer-зависимости родителя.
@humanfs/core;0.19.2;0.19.2;https://www.npmjs.com/package/%40humanfs%2Fcore;npm install @humanfs/core@0.19.2;@humanfs/node;Транзитивная зависимость. Версию менять только через npm update / пересборку lockfile; самостоятельный апгрейд может нарушить peer-зависимости родителя.
@humanfs/node;0.16.8;0.16.8;https://www.npmjs.com/package/%40humanfs%2Fnode;npm install @humanfs/node@0.16.8;eslint;Транзитивная зависимость. Версию менять только через npm update / пересборку lockfile; самостоятельный апгрейд может нарушить peer-зависимости родителя.
@humanfs/types;0.15.0;0.15.0;https://www.npmjs.com/package/%40humanfs%2Ftypes;npm install @humanfs/types@0.15.0;@humanfs/core, @humanfs/node;Транзитивная зависимость. Версию менять только через npm update / пересборку lockfile; самостоятельный апгрейд может нарушить peer-зависимости родителя.
@humanwhocodes/module-importer;1.0.1;1.0.1;https://www.npmjs.com/package/%40humanwhocodes%2Fmodule-importer;npm install @humanwhocodes/module-importer@1.0.1;eslint;Транзитивная зависимость. Версию менять только через npm update / пересборку lockfile; самостоятельный апгрейд может нарушить peer-зависимости родителя.
@humanwhocodes/retry;0.4.3;0.4.3;https://www.npmjs.com/package/%40humanwhocodes%2Fretry;npm install @humanwhocodes/retry@0.4.3;@humanfs/node, eslint;Транзитивная зависимость. Версию менять только через npm update / пересборку lockfile; самостоятельный апгрейд может нарушить peer-зависимости родителя.
@inquirer/ansi;2.0.8;2.0.8;https://www.npmjs.com/package/%40inquirer%2Fansi;npm install @inquirer/ansi@2.0.8;@inquirer/checkbox, @inquirer/core, @inquirer/password, @inquirer/select;Транзитивная зависимость. Версию менять только через npm update / пересборку lockfile; самостоятельный апгрейд может нарушить peer-зависимости родителя.
@inquirer/checkbox;5.2.5;5.2.5;https://www.npmjs.com/package/%40inquirer%2Fcheckbox;npm install @inquirer/checkbox@5.2.5;@inquirer/prompts;Транзитивная зависимость. Версию менять только через npm update / пересборку lockfile; самостоятельный апгрейд может нарушить peer-зависимости родителя.
@inquirer/confirm;6.1.1;6.1.1;https://www.npmjs.com/package/%40inquirer%2Fconfirm;npm install @inquirer/confirm@6.1.1;@angular/build, @inquirer/prompts;Транзитивная зависимость. Версию менять только через npm update / пересборку lockfile; самостоятельный апгрейд может нарушить peer-зависимости родителя.
@inquirer/core;11.2.1;11.2.1;https://www.npmjs.com/package/%40inquirer%2Fcore;npm install @inquirer/core@11.2.1;@inquirer/checkbox, @inquirer/confirm, @inquirer/editor, @inquirer/expand, @inquirer/input, @inquirer/number, @inquirer/password, @inquirer/rawlist, @inquirer/search, @inquirer/select;Транзитивная зависимость. Версию менять только через npm update / пересборку lockfile; самостоятельный апгрейд может нарушить peer-зависимости родителя.
@inquirer/editor;5.3.3;5.3.3;https://www.npmjs.com/package/%40inquirer%2Feditor;npm install @inquirer/editor@5.3.3;@inquirer/prompts;Транзитивная зависимость. Версию менять только через npm update / пересборку lockfile; самостоятельный апгрейд может нарушить peer-зависимости родителя.
@inquirer/expand;5.1.5;5.1.5;https://www.npmjs.com/package/%40inquirer%2Fexpand;npm install @inquirer/expand@5.1.5;@inquirer/prompts;Транзитивная зависимость. Версию менять только через npm update / пересборку lockfile; самостоятельный апгрейд может нарушить peer-зависимости родителя.
@inquirer/external-editor;3.0.5;3.0.5;https://www.npmjs.com/package/%40inquirer%2Fexternal-editor;npm install @inquirer/external-editor@3.0.5;@inquirer/editor;Транзитивная зависимость. Версию менять только через npm update / пересборку lockfile; самостоятельный апгрейд может нарушить peer-зависимости родителя.
@inquirer/figures;2.0.9;2.0.9;https://www.npmjs.com/package/%40inquirer%2Ffigures;npm install @inquirer/figures@2.0.9;@inquirer/checkbox, @inquirer/core, @inquirer/search, @inquirer/select;Транзитивная зависимость. Версию менять только через npm update / пересборку lockfile; самостоятельный апгрейд может нарушить peer-зависимости родителя.
@inquirer/input;5.1.6;5.1.6;https://www.npmjs.com/package/%40inquirer%2Finput;npm install @inquirer/input@5.1.6;@inquirer/prompts;Транзитивная зависимость. Версию менять только через npm update / пересборку lockfile; самостоятельный апгрейд может нарушить peer-зависимости родителя.
@inquirer/number;4.2.3;4.2.3;https://www.npmjs.com/package/%40inquirer%2Fnumber;npm install @inquirer/number@4.2.3;@inquirer/prompts;Транзитивная зависимость. Версию менять только через npm update / пересборку lockfile; самостоятельный апгрейд может нарушить peer-зависимости родителя.
@inquirer/password;5.2.2;5.2.2;https://www.npmjs.com/package/%40inquirer%2Fpassword;npm install @inquirer/password@5.2.2;@inquirer/prompts;Транзитивная зависимость. Версию менять только через npm update / пересборку lockfile; самостоятельный апгрейд может нарушить peer-зависимости родителя.
@inquirer/prompts;8.5.2;8.5.2;https://www.npmjs.com/package/%40inquirer%2Fprompts;npm install @inquirer/prompts@8.5.2;@angular/cli;Транзитивная зависимость. Версию менять только через npm update / пересборку lockfile; самостоятельный апгрейд может нарушить peer-зависимости родителя.
@inquirer/rawlist;5.3.5;5.3.5;https://www.npmjs.com/package/%40inquirer%2Frawlist;npm install @inquirer/rawlist@5.3.5;@inquirer/prompts;Транзитивная зависимость. Версию менять только через npm update / пересборку lockfile; самостоятельный апгрейд может нарушить peer-зависимости родителя.
@inquirer/search;4.3.3;4.3.3;https://www.npmjs.com/package/%40inquirer%2Fsearch;npm install @inquirer/search@4.3.3;@inquirer/prompts;Транзитивная зависимость. Версию менять только через npm update / пересборку lockfile; самостоятельный апгрейд может нарушить peer-зависимости родителя.
@inquirer/select;5.2.5;5.2.5;https://www.npmjs.com/package/%40inquirer%2Fselect;npm install @inquirer/select@5.2.5;@inquirer/prompts;Транзитивная зависимость. Версию менять только через npm update / пересборку lockfile; самостоятельный апгрейд может нарушить peer-зависимости родителя.
@inquirer/type;4.1.1;4.1.1;https://www.npmjs.com/package/%40inquirer%2Ftype;npm install @inquirer/type@4.1.1;@inquirer/checkbox, @inquirer/confirm, @inquirer/core, @inquirer/editor, @inquirer/expand, @inquirer/input, @inquirer/number, @inquirer/password, @inquirer/rawlist, @inquirer/search, @inquirer/select, @listr2/prompt-adapter-inquirer;Транзитивная зависимость. Версию менять только через npm update / пересборку lockfile; самостоятельный апгрейд может нарушить peer-зависимости родителя.
@isaacs/cliui;8.0.2;8.0.2;https://www.npmjs.com/package/%40isaacs%2Fcliui;npm install @isaacs/cliui@8.0.2;jackspeak;Транзитивная зависимость. Версию менять только через npm update / пересборку lockfile; самостоятельный апгрейд может нарушить peer-зависимости родителя.
@istanbuljs/load-nyc-config;1.1.0;1.1.0;https://www.npmjs.com/package/%40istanbuljs%2Fload-nyc-config;npm install @istanbuljs/load-nyc-config@1.1.0;babel-plugin-istanbul;Транзитивная зависимость. Версию менять только через npm update / пересборку lockfile; самостоятельный апгрейд может нарушить peer-зависимости родителя.
@istanbuljs/schema;0.1.6;0.1.6;https://www.npmjs.com/package/%40istanbuljs%2Fschema;npm install @istanbuljs/schema@0.1.6;babel-plugin-istanbul, istanbul-lib-instrument, test-exclude;Транзитивная зависимость. Версию менять только через npm update / пересборку lockfile; самостоятельный апгрейд может нарушить peer-зависимости родителя.
@jest/console;30.5.1;30.5.1;https://www.npmjs.com/package/%40jest%2Fconsole;npm install @jest/console@30.5.1;@jest/core, @jest/reporters, @jest/test-result, jest-runner;Транзитивная зависимость. Версию менять только через npm update / пересборку lockfile; самостоятельный апгрейд может нарушить peer-зависимости родителя.
@jest/core;30.5.1;30.5.1;https://www.npmjs.com/package/%40jest%2Fcore;npm install @jest/core@30.5.1;jest, jest-cli;Транзитивная зависимость. Версию менять только через npm update / пересборку lockfile; самостоятельный апгрейд может нарушить peer-зависимости родителя.
@jest/diff-sequences;30.5.0;30.5.0;https://www.npmjs.com/package/%40jest%2Fdiff-sequences;npm install @jest/diff-sequences@30.5.0;jest-diff;Транзитивная зависимость. Версию менять только через npm update / пересборку lockfile; самостоятельный апгрейд может нарушить peer-зависимости родителя.
@jest/environment;30.5.1;30.5.1;https://www.npmjs.com/package/%40jest%2Fenvironment;npm install @jest/environment@30.5.1;@jest/environment-jsdom-abstract, @jest/globals, jest-circus, jest-environment-jsdom, jest-environment-node, jest-runner, jest-runtime;Транзитивная зависимость. Версию менять только через npm update / пересборку lockfile; самостоятельный апгрейд может нарушить peer-зависимости родителя.
@jest/environment-jsdom-abstract;30.5.1;30.5.1;https://www.npmjs.com/package/%40jest%2Fenvironment-jsdom-abstract;npm install @jest/environment-jsdom-abstract@30.5.1;jest-environment-jsdom, jest-preset-angular;Транзитивная зависимость. Версию менять только через npm update / пересборку lockfile; самостоятельный апгрейд может нарушить peer-зависимости родителя.
@jest/expect;30.5.1;30.5.1;https://www.npmjs.com/package/%40jest%2Fexpect;npm install @jest/expect@30.5.1;@jest/globals, jest-circus;Транзитивная зависимость. Версию менять только через npm update / пересборку lockfile; самостоятельный апгрейд может нарушить peer-зависимости родителя.
@jest/expect-utils;30.5.1;30.5.1;https://www.npmjs.com/package/%40jest%2Fexpect-utils;npm install @jest/expect-utils@30.5.1;expect, jest-mock, jest-snapshot;Транзитивная зависимость. Версию менять только через npm update / пересборку lockfile; самостоятельный апгрейд может нарушить peer-зависимости родителя.
@jest/fake-timers;30.5.1;30.5.1;https://www.npmjs.com/package/%40jest%2Ffake-timers;npm install @jest/fake-timers@30.5.1;@jest/environment, @jest/environment-jsdom-abstract, jest-environment-node, jest-runtime;Транзитивная зависимость. Версию менять только через npm update / пересборку lockfile; самостоятельный апгрейд может нарушить peer-зависимости родителя.
@jest/get-type;30.5.0;30.5.0;https://www.npmjs.com/package/%40jest%2Fget-type;npm install @jest/get-type@30.5.0;@jest/expect-utils, expect, jest-config, jest-diff, jest-each, jest-leak-detector, jest-matcher-utils, jest-snapshot, jest-validate;Транзитивная зависимость. Версию менять только через npm update / пересборку lockfile; самостоятельный апгрейд может нарушить peer-зависимости родителя.
@jest/globals;30.5.1;30.5.1;https://www.npmjs.com/package/%40jest%2Fglobals;npm install @jest/globals@30.5.1;jest-runtime;Транзитивная зависимость. Версию менять только через npm update / пересборку lockfile; самостоятельный апгрейд может нарушить peer-зависимости родителя.
@jest/pattern;30.5.0;30.5.0;https://www.npmjs.com/package/%40jest%2Fpattern;npm install @jest/pattern@30.5.0;@jest/core, @jest/types, jest-config;Транзитивная зависимость. Версию менять только через npm update / пересборку lockfile; самостоятельный апгрейд может нарушить peer-зависимости родителя.
@jest/react-is-18;18.3.1;18.3.1;https://www.npmjs.com/package/%40jest%2Freact-is-18;npm install @jest/react-is-18@18.3.1;pretty-format;Транзитивная зависимость. Версию менять только через npm update / пересборку lockfile; самостоятельный апгрейд может нарушить peer-зависимости родителя.
@jest/react-is-19;19.3.0;19.3.0;https://www.npmjs.com/package/%40jest%2Freact-is-19;npm install @jest/react-is-19@19.3.0;pretty-format;Транзитивная зависимость. Версию менять только через npm update / пересборку lockfile; самостоятельный апгрейд может нарушить peer-зависимости родителя.
@jest/reporters;30.5.1;30.5.1;https://www.npmjs.com/package/%40jest%2Freporters;npm install @jest/reporters@30.5.1;@jest/core;Транзитивная зависимость. Версию менять только через npm update / пересборку lockfile; самостоятельный апгрейд может нарушить peer-зависимости родителя.
@jest/schemas;30.5.0;30.5.0;https://www.npmjs.com/package/%40jest%2Fschemas;npm install @jest/schemas@30.5.0;@jest/types, pretty-format;Транзитивная зависимость. Версию менять только через npm update / пересборку lockfile; самостоятельный апгрейд может нарушить peer-зависимости родителя.
@jest/snapshot-utils;30.5.1;30.5.1;https://www.npmjs.com/package/%40jest%2Fsnapshot-utils;npm install @jest/snapshot-utils@30.5.1;jest-snapshot;Транзитивная зависимость. Версию менять только через npm update / пересборку lockfile; самостоятельный апгрейд может нарушить peer-зависимости родителя.
@jest/source-map;30.5.0;30.5.0;https://www.npmjs.com/package/%40jest%2Fsource-map;npm install @jest/source-map@30.5.0;jest-runner, jest-runtime;Транзитивная зависимость. Версию менять только через npm update / пересборку lockfile; самостоятельный апгрейд может нарушить peer-зависимости родителя.
@jest/test-result;30.5.1;30.5.1;https://www.npmjs.com/package/%40jest%2Ftest-result;npm install @jest/test-result@30.5.1;@jest/core, @jest/reporters, @jest/test-sequencer, jest-circus, jest-cli, jest-runner, jest-runtime, jest-watcher;Транзитивная зависимость. Версию менять только через npm update / пересборку lockfile; самостоятельный апгрейд может нарушить peer-зависимости родителя.
@jest/test-sequencer;30.5.1;30.5.1;https://www.npmjs.com/package/%40jest%2Ftest-sequencer;npm install @jest/test-sequencer@30.5.1;jest-config;Транзитивная зависимость. Версию менять только через npm update / пересборку lockfile; самостоятельный апгрейд может нарушить peer-зависимости родителя.
@jest/transform;30.5.1;30.5.1;https://www.npmjs.com/package/%40jest%2Ftransform;npm install @jest/transform@30.5.1;@jest/core, @jest/reporters, babel-jest, jest-runner, jest-runtime, jest-snapshot;Транзитивная зависимость. Версию менять только через npm update / пересборку lockfile; самостоятельный апгрейд может нарушить peer-зависимости родителя.
@jest/types;30.5.1;30.5.1;https://www.npmjs.com/package/%40jest%2Ftypes;npm install @jest/types@30.5.1;@jest/console, @jest/core, @jest/environment, @jest/environment-jsdom-abstract, @jest/fake-timers, @jest/globals, @jest/reporters, @jest/snapshot-utils, @jest/test-result, @jest/transform, jest, jest-circus, jest-cli, jest-config, jest-each, jest-environment-node, jest-haste-map, jest-message-util, jest-mock, jest-runner, jest-runtime, jest-snapshot, jest-util, jest-validate, jest-watcher;Транзитивная зависимость. Версию менять только через npm update / пересборку lockfile; самостоятельный апгрейд может нарушить peer-зависимости родителя.
@jridgewell/gen-mapping;0.3.13;0.3.13;https://www.npmjs.com/package/%40jridgewell%2Fgen-mapping;npm install @jridgewell/gen-mapping@0.3.13;@ampproject/remapping, @babel/generator, @jridgewell/remapping, @jridgewell/source-map;Транзитивная зависимость. Версию менять только через npm update / пересборку lockfile; самостоятельный апгрейд может нарушить peer-зависимости родителя.
@jridgewell/remapping;2.3.5;2.3.5;https://www.npmjs.com/package/%40jridgewell%2Fremapping;npm install @jridgewell/remapping@2.3.5;@babel/core;Транзитивная зависимость. Версию менять только через npm update / пересборку lockfile; самостоятельный апгрейд может нарушить peer-зависимости родителя.
@jridgewell/resolve-uri;3.1.2;3.1.2;https://www.npmjs.com/package/%40jridgewell%2Fresolve-uri;npm install @jridgewell/resolve-uri@3.1.2;@jridgewell/trace-mapping;Транзитивная зависимость. Версию менять только через npm update / пересборку lockfile; самостоятельный апгрейд может нарушить peer-зависимости родителя.
@jridgewell/source-map;0.3.11;0.3.11;https://www.npmjs.com/package/%40jridgewell%2Fsource-map;npm install @jridgewell/source-map@0.3.11;terser;Транзитивная зависимость. Версию менять только через npm update / пересборку lockfile; самостоятельный апгрейд может нарушить peer-зависимости родителя.
@jridgewell/sourcemap-codec;1.6.0;1.6.0;https://www.npmjs.com/package/%40jridgewell%2Fsourcemap-codec;npm install @jridgewell/sourcemap-codec@1.6.0;@angular/compiler-cli, @jridgewell/gen-mapping, @jridgewell/trace-mapping, magic-string;Транзитивная зависимость. Версию менять только через npm update / пересборку lockfile; самостоятельный апгрейд может нарушить peer-зависимости родителя.
@jridgewell/trace-mapping;0.3.31;0.3.31;https://www.npmjs.com/package/%40jridgewell%2Ftrace-mapping;npm install @jridgewell/trace-mapping@0.3.31;@ampproject/remapping, @babel/generator, @jest/reporters, @jest/source-map, @jest/transform, @jridgewell/gen-mapping, @jridgewell/remapping, @jridgewell/source-map, istanbul-lib-source-maps, minimizer-webpack-plugin, v8-to-istanbul;Транзитивная зависимость. Версию менять только через npm update / пересборку lockfile; самостоятельный апгрейд может нарушить peer-зависимости родителя.
@jsonjoy.com/base64;1.1.2;1.1.2;https://www.npmjs.com/package/%40jsonjoy.com%2Fbase64;npm install @jsonjoy.com/base64@1.1.2;@jsonjoy.com/json-pack;Транзитивная зависимость. Версию менять только через npm update / пересборку lockfile; самостоятельный апгрейд может нарушить peer-зависимости родителя.
@jsonjoy.com/buffers;17.67.0;17.67.0;https://www.npmjs.com/package/%40jsonjoy.com%2Fbuffers;npm install @jsonjoy.com/buffers@17.67.0;@jsonjoy.com/fs-snapshot, @jsonjoy.com/json-pack, @jsonjoy.com/util;Транзитивная зависимость. Версию менять только через npm update / пересборку lockfile; самостоятельный апгрейд может нарушить peer-зависимости родителя.
@jsonjoy.com/codegen;1.0.0;1.0.0;https://www.npmjs.com/package/%40jsonjoy.com%2Fcodegen;npm install @jsonjoy.com/codegen@1.0.0;@jsonjoy.com/json-pack, @jsonjoy.com/json-pointer, @jsonjoy.com/util;Транзитивная зависимость. Версию менять только через npm update / пересборку lockfile; самостоятельный апгрейд может нарушить peer-зависимости родителя.
@jsonjoy.com/fs-core;4.75.0;4.75.0;https://www.npmjs.com/package/%40jsonjoy.com%2Ffs-core;npm install @jsonjoy.com/fs-core@4.75.0;@jsonjoy.com/fs-fsa, @jsonjoy.com/fs-node, memfs;Транзитивная зависимость. Версию менять только через npm update / пересборку lockfile; самостоятельный апгрейд может нарушить peer-зависимости родителя.
@jsonjoy.com/fs-fsa;4.75.0;4.75.0;https://www.npmjs.com/package/%40jsonjoy.com%2Ffs-fsa;npm install @jsonjoy.com/fs-fsa@4.75.0;@jsonjoy.com/fs-node-to-fsa, memfs;Транзитивная зависимость. Версию менять только через npm update / пересборку lockfile; самостоятельный апгрейд может нарушить peer-зависимости родителя.
@jsonjoy.com/fs-node;4.75.0;4.75.0;https://www.npmjs.com/package/%40jsonjoy.com%2Ffs-node;npm install @jsonjoy.com/fs-node@4.75.0;memfs;Транзитивная зависимость. Версию менять только через npm update / пересборку lockfile; самостоятельный апгрейд может нарушить peer-зависимости родителя.
@jsonjoy.com/fs-node-builtins;4.75.0;4.75.0;https://www.npmjs.com/package/%40jsonjoy.com%2Ffs-node-builtins;npm install @jsonjoy.com/fs-node-builtins@4.75.0;@jsonjoy.com/fs-core, @jsonjoy.com/fs-fsa, @jsonjoy.com/fs-node, @jsonjoy.com/fs-node-to-fsa, @jsonjoy.com/fs-node-utils, memfs;Транзитивная зависимость. Версию менять только через npm update / пересборку lockfile; самостоятельный апгрейд может нарушить peer-зависимости родителя.
@jsonjoy.com/fs-node-to-fsa;4.75.0;4.75.0;https://www.npmjs.com/package/%40jsonjoy.com%2Ffs-node-to-fsa;npm install @jsonjoy.com/fs-node-to-fsa@4.75.0;memfs;Транзитивная зависимость. Версию менять только через npm update / пересборку lockfile; самостоятельный апгрейд может нарушить peer-зависимости родителя.
@jsonjoy.com/fs-node-utils;4.75.0;4.75.0;https://www.npmjs.com/package/%40jsonjoy.com%2Ffs-node-utils;npm install @jsonjoy.com/fs-node-utils@4.75.0;@jsonjoy.com/fs-core, @jsonjoy.com/fs-fsa, @jsonjoy.com/fs-node, @jsonjoy.com/fs-node-to-fsa, @jsonjoy.com/fs-print, @jsonjoy.com/fs-snapshot, memfs;Транзитивная зависимость. Версию менять только через npm update / пересборку lockfile; самостоятельный апгрейд может нарушить peer-зависимости родителя.
@jsonjoy.com/fs-print;4.75.0;4.75.0;https://www.npmjs.com/package/%40jsonjoy.com%2Ffs-print;npm install @jsonjoy.com/fs-print@4.75.0;@jsonjoy.com/fs-node, memfs;Транзитивная зависимость. Версию менять только через npm update / пересборку lockfile; самостоятельный апгрейд может нарушить peer-зависимости родителя.
@jsonjoy.com/fs-snapshot;4.75.0;4.75.0;https://www.npmjs.com/package/%40jsonjoy.com%2Ffs-snapshot;npm install @jsonjoy.com/fs-snapshot@4.75.0;@jsonjoy.com/fs-node, memfs;Транзитивная зависимость. Версию менять только через npm update / пересборку lockfile; самостоятельный апгрейд может нарушить peer-зависимости родителя.
@jsonjoy.com/json-pack;1.21.0;1.21.0;https://www.npmjs.com/package/%40jsonjoy.com%2Fjson-pack;npm install @jsonjoy.com/json-pack@1.21.0;@jsonjoy.com/fs-snapshot, memfs;Транзитивная зависимость. Версию менять только через npm update / пересборку lockfile; самостоятельный апгрейд может нарушить peer-зависимости родителя.
@jsonjoy.com/json-pointer;1.0.2;1.0.2;https://www.npmjs.com/package/%40jsonjoy.com%2Fjson-pointer;npm install @jsonjoy.com/json-pointer@1.0.2;@jsonjoy.com/json-pack;Транзитивная зависимость. Версию менять только через npm update / пересборку lockfile; самостоятельный апгрейд может нарушить peer-зависимости родителя.
@jsonjoy.com/util;1.9.0;1.9.0;https://www.npmjs.com/package/%40jsonjoy.com%2Futil;npm install @jsonjoy.com/util@1.9.0;@jsonjoy.com/fs-snapshot, @jsonjoy.com/json-pack, @jsonjoy.com/json-pointer, memfs;Транзитивная зависимость. Версию менять только через npm update / пересборку lockfile; самостоятельный апгрейд может нарушить peer-зависимости родителя.
@keyv/bigmap;1.3.1;1.3.1;https://www.npmjs.com/package/%40keyv%2Fbigmap;npm install @keyv/bigmap@1.3.1;@cacheable/memory;Транзитивная зависимость. Версию менять только через npm update / пересборку lockfile; самостоятельный апгрейд может нарушить peer-зависимости родителя.
@keyv/serialize;1.1.1;1.1.1;https://www.npmjs.com/package/%40keyv%2Fserialize;npm install @keyv/serialize@1.1.1;keyv;Транзитивная зависимость. Версию менять только через npm update / пересборку lockfile; самостоятельный апгрейд может нарушить peer-зависимости родителя.
@leichtgewicht/ip-codec;2.0.5;2.0.5;https://www.npmjs.com/package/%40leichtgewicht%2Fip-codec;npm install @leichtgewicht/ip-codec@2.0.5;dns-packet;Транзитивная зависимость. Версию менять только через npm update / пересборку lockfile; самостоятельный апгрейд может нарушить peer-зависимости родителя.
@listr2/prompt-adapter-inquirer;4.2.5;4.2.5;https://www.npmjs.com/package/%40listr2%2Fprompt-adapter-inquirer;npm install @listr2/prompt-adapter-inquirer@4.2.5;@angular/cli;Транзитивная зависимость. Версию менять только через npm update / пересборку lockfile; самостоятельный апгрейд может нарушить peer-зависимости родителя.
@lmdb/lmdb-darwin-arm64;3.5.6;3.5.6;https://www.npmjs.com/package/%40lmdb%2Flmdb-darwin-arm64;npm install @lmdb/lmdb-darwin-arm64@3.5.6;transitive (не определено по lockfile);Транзитивная зависимость. Версию менять только через npm update / пересборку lockfile; самостоятельный апгрейд может нарушить peer-зависимости родителя.
@lmdb/lmdb-darwin-x64;3.5.6;3.5.6;https://www.npmjs.com/package/%40lmdb%2Flmdb-darwin-x64;npm install @lmdb/lmdb-darwin-x64@3.5.6;transitive (не определено по lockfile);Транзитивная зависимость. Версию менять только через npm update / пересборку lockfile; самостоятельный апгрейд может нарушить peer-зависимости родителя.
@lmdb/lmdb-linux-arm;3.5.6;3.5.6;https://www.npmjs.com/package/%40lmdb%2Flmdb-linux-arm;npm install @lmdb/lmdb-linux-arm@3.5.6;transitive (не определено по lockfile);Транзитивная зависимость. Версию менять только через npm update / пересборку lockfile; самостоятельный апгрейд может нарушить peer-зависимости родителя.
@lmdb/lmdb-linux-arm64;3.5.6;3.5.6;https://www.npmjs.com/package/%40lmdb%2Flmdb-linux-arm64;npm install @lmdb/lmdb-linux-arm64@3.5.6;transitive (не определено по lockfile);Транзитивная зависимость. Версию менять только через npm update / пересборку lockfile; самостоятельный апгрейд может нарушить peer-зависимости родителя.
@lmdb/lmdb-linux-x64;3.5.6;3.5.6;https://www.npmjs.com/package/%40lmdb%2Flmdb-linux-x64;npm install @lmdb/lmdb-linux-x64@3.5.6;transitive (не определено по lockfile);Транзитивная зависимость. Версию менять только через npm update / пересборку lockfile; самостоятельный апгрейд может нарушить peer-зависимости родителя.
@lmdb/lmdb-win32-arm64;3.5.6;3.5.6;https://www.npmjs.com/package/%40lmdb%2Flmdb-win32-arm64;npm install @lmdb/lmdb-win32-arm64@3.5.6;transitive (не определено по lockfile);Транзитивная зависимость. Версию менять только через npm update / пересборку lockfile; самостоятельный апгрейд может нарушить peer-зависимости родителя.
@lmdb/lmdb-win32-x64;3.5.6;3.5.6;https://www.npmjs.com/package/%40lmdb%2Flmdb-win32-x64;npm install @lmdb/lmdb-win32-x64@3.5.6;transitive (не определено по lockfile);Транзитивная зависимость. Версию менять только через npm update / пересборку lockfile; самостоятельный апгрейд может нарушить peer-зависимости родителя.
@modelcontextprotocol/sdk;1.30.0;1.30.0;https://www.npmjs.com/package/%40modelcontextprotocol%2Fsdk;npm install @modelcontextprotocol/sdk@1.30.0;@angular/cli;Транзитивная зависимость. Версию менять только через npm update / пересборку lockfile; самостоятельный апгрейд может нарушить peer-зависимости родителя.
@module-federation/bridge-react-webpack-plugin;2.9.0;2.9.0;https://www.npmjs.com/package/%40module-federation%2Fbridge-react-webpack-plugin;npm install @module-federation/bridge-react-webpack-plugin@2.9.0;@module-federation/enhanced, @module-federation/rspack;Транзитивная зависимость. Версию менять только через npm update / пересборку lockfile; самостоятельный апгрейд может нарушить peer-зависимости родителя.
@module-federation/cli;2.9.0;2.9.0;https://www.npmjs.com/package/%40module-federation%2Fcli;npm install @module-federation/cli@2.9.0;@module-federation/enhanced;Транзитивная зависимость. Версию менять только через npm update / пересборку lockfile; самостоятельный апгрейд может нарушить peer-зависимости родителя.
@module-federation/dts-plugin;2.9.0;2.9.0;https://www.npmjs.com/package/%40module-federation%2Fdts-plugin;npm install @module-federation/dts-plugin@2.9.0;@module-federation/cli, @module-federation/enhanced, @module-federation/manifest, @module-federation/rspack;Транзитивная зависимость. Версию менять только через npm update / пересборку lockfile; самостоятельный апгрейд может нарушить peer-зависимости родителя.
@module-federation/enhanced;2.9.0;2.9.0;https://www.npmjs.com/package/%40module-federation%2Fenhanced;npm install @module-federation/enhanced@2.9.0;transitive (не определено по lockfile);Транзитивная зависимость. Версию менять только через npm update / пересборку lockfile; самостоятельный апгрейд может нарушить peer-зависимости родителя.
@module-federation/error-codes;2.9.0;2.9.0;https://www.npmjs.com/package/%40module-federation%2Ferror-codes;npm install @module-federation/error-codes@2.9.0;@module-federation/dts-plugin, @module-federation/enhanced, @module-federation/runtime, @module-federation/runtime-core, @module-federation/webpack-bundler-runtime;Транзитивная зависимость. Версию менять только через npm update / пересборку lockfile; самостоятельный апгрейд может нарушить peer-зависимости родителя.
@module-federation/inject-external-runtime-core-plugin;2.9.0;2.9.0;https://www.npmjs.com/package/%40module-federation%2Finject-external-runtime-core-plugin;npm install @module-federation/inject-external-runtime-core-plugin@2.9.0;@module-federation/enhanced, @module-federation/rspack;Транзитивная зависимость. Версию менять только через npm update / пересборку lockfile; самостоятельный апгрейд может нарушить peer-зависимости родителя.
@module-federation/managers;2.9.0;2.9.0;https://www.npmjs.com/package/%40module-federation%2Fmanagers;npm install @module-federation/managers@2.9.0;@module-federation/dts-plugin, @module-federation/enhanced, @module-federation/manifest, @module-federation/rspack;Транзитивная зависимость. Версию менять только через npm update / пересборку lockfile; самостоятельный апгрейд может нарушить peer-зависимости родителя.
@module-federation/manifest;2.9.0;2.9.0;https://www.npmjs.com/package/%40module-federation%2Fmanifest;npm install @module-federation/manifest@2.9.0;@module-federation/enhanced, @module-federation/rspack;Транзитивная зависимость. Версию менять только через npm update / пересборку lockfile; самостоятельный апгрейд может нарушить peer-зависимости родителя.
@module-federation/rspack;2.9.0;2.9.0;https://www.npmjs.com/package/%40module-federation%2Frspack;npm install @module-federation/rspack@2.9.0;@module-federation/enhanced;Транзитивная зависимость. Версию менять только через npm update / пересборку lockfile; самостоятельный апгрейд может нарушить peer-зависимости родителя.
@module-federation/runtime;2.9.0;2.9.0;https://www.npmjs.com/package/%40module-federation%2Fruntime;npm install @module-federation/runtime@2.9.0;@module-federation/runtime-tools, @module-federation/webpack-bundler-runtime;Транзитивная зависимость. Версию менять только через npm update / пересборку lockfile; самостоятельный апгрейд может нарушить peer-зависимости родителя.
@module-federation/runtime-core;2.9.0;2.9.0;https://www.npmjs.com/package/%40module-federation%2Fruntime-core;npm install @module-federation/runtime-core@2.9.0;@module-federation/runtime;Транзитивная зависимость. Версию менять только через npm update / пересборку lockfile; самостоятельный апгрейд может нарушить peer-зависимости родителя.
@module-federation/runtime-tools;2.9.0;2.9.0;https://www.npmjs.com/package/%40module-federation%2Fruntime-tools;npm install @module-federation/runtime-tools@2.9.0;@module-federation/enhanced, @module-federation/rspack;Транзитивная зависимость. Версию менять только через npm update / пересборку lockfile; самостоятельный апгрейд может нарушить peer-зависимости родителя.
@module-federation/sdk;2.9.0;2.9.0;https://www.npmjs.com/package/%40module-federation%2Fsdk;npm install @module-federation/sdk@2.9.0;@module-federation/bridge-react-webpack-plugin, @module-federation/cli, @module-federation/dts-plugin, @module-federation/enhanced, @module-federation/managers, @module-federation/manifest, @module-federation/rspack, @module-federation/runtime, @module-federation/runtime-core, @module-federation/webpack-bundler-runtime;Транзитивная зависимость. Версию менять только через npm update / пересборку lockfile; самостоятельный апгрейд может нарушить peer-зависимости родителя.
@module-federation/third-party-dts-extractor;2.9.0;2.9.0;https://www.npmjs.com/package/%40module-federation%2Fthird-party-dts-extractor;npm install @module-federation/third-party-dts-extractor@2.9.0;@module-federation/dts-plugin;Транзитивная зависимость. Версию менять только через npm update / пересборку lockfile; самостоятельный апгрейд может нарушить peer-зависимости родителя.
@module-federation/webpack-bundler-runtime;2.9.0;2.9.0;https://www.npmjs.com/package/%40module-federation%2Fwebpack-bundler-runtime;npm install @module-federation/webpack-bundler-runtime@2.9.0;@module-federation/enhanced, @module-federation/runtime-tools;Транзитивная зависимость. Версию менять только через npm update / пересборку lockfile; самостоятельный апгрейд может нарушить peer-зависимости родителя.
@msgpackr-extract/msgpackr-extract-darwin-arm64;3.0.4;3.0.4;https://www.npmjs.com/package/%40msgpackr-extract%2Fmsgpackr-extract-darwin-arm64;npm install @msgpackr-extract/msgpackr-extract-darwin-arm64@3.0.4;transitive (не определено по lockfile);Транзитивная зависимость. Версию менять только через npm update / пересборку lockfile; самостоятельный апгрейд может нарушить peer-зависимости родителя.
@msgpackr-extract/msgpackr-extract-darwin-x64;3.0.4;3.0.4;https://www.npmjs.com/package/%40msgpackr-extract%2Fmsgpackr-extract-darwin-x64;npm install @msgpackr-extract/msgpackr-extract-darwin-x64@3.0.4;transitive (не определено по lockfile);Транзитивная зависимость. Версию менять только через npm update / пересборку lockfile; самостоятельный апгрейд может нарушить peer-зависимости родителя.
@msgpackr-extract/msgpackr-extract-linux-arm;3.0.4;3.0.4;https://www.npmjs.com/package/%40msgpackr-extract%2Fmsgpackr-extract-linux-arm;npm install @msgpackr-extract/msgpackr-extract-linux-arm@3.0.4;transitive (не определено по lockfile);Транзитивная зависимость. Версию менять только через npm update / пересборку lockfile; самостоятельный апгрейд может нарушить peer-зависимости родителя.
@msgpackr-extract/msgpackr-extract-linux-arm64;3.0.4;3.0.4;https://www.npmjs.com/package/%40msgpackr-extract%2Fmsgpackr-extract-linux-arm64;npm install @msgpackr-extract/msgpackr-extract-linux-arm64@3.0.4;transitive (не определено по lockfile);Транзитивная зависимость. Версию менять только через npm update / пересборку lockfile; самостоятельный апгрейд может нарушить peer-зависимости родителя.
@msgpackr-extract/msgpackr-extract-linux-x64;3.0.4;3.0.4;https://www.npmjs.com/package/%40msgpackr-extract%2Fmsgpackr-extract-linux-x64;npm install @msgpackr-extract/msgpackr-extract-linux-x64@3.0.4;transitive (не определено по lockfile);Транзитивная зависимость. Версию менять только через npm update / пересборку lockfile; самостоятельный апгрейд может нарушить peer-зависимости родителя.
@msgpackr-extract/msgpackr-extract-win32-x64;3.0.4;3.0.4;https://www.npmjs.com/package/%40msgpackr-extract%2Fmsgpackr-extract-win32-x64;npm install @msgpackr-extract/msgpackr-extract-win32-x64@3.0.4;transitive (не определено по lockfile);Транзитивная зависимость. Версию менять только через npm update / пересборку lockfile; самостоятельный апгрейд может нарушить peer-зависимости родителя.
@napi-rs/nice;1.1.1;1.1.1;https://www.npmjs.com/package/%40napi-rs%2Fnice;npm install @napi-rs/nice@1.1.1;transitive (не определено по lockfile);Транзитивная зависимость. Версию менять только через npm update / пересборку lockfile; самостоятельный апгрейд может нарушить peer-зависимости родителя.
@napi-rs/nice-android-arm-eabi;1.1.1;1.1.1;https://www.npmjs.com/package/%40napi-rs%2Fnice-android-arm-eabi;npm install @napi-rs/nice-android-arm-eabi@1.1.1;transitive (не определено по lockfile);Транзитивная зависимость. Версию менять только через npm update / пересборку lockfile; самостоятельный апгрейд может нарушить peer-зависимости родителя.
@napi-rs/nice-android-arm64;1.1.1;1.1.1;https://www.npmjs.com/package/%40napi-rs%2Fnice-android-arm64;npm install @napi-rs/nice-android-arm64@1.1.1;transitive (не определено по lockfile);Транзитивная зависимость. Версию менять только через npm update / пересборку lockfile; самостоятельный апгрейд может нарушить peer-зависимости родителя.
@napi-rs/nice-darwin-arm64;1.1.1;1.1.1;https://www.npmjs.com/package/%40napi-rs%2Fnice-darwin-arm64;npm install @napi-rs/nice-darwin-arm64@1.1.1;transitive (не определено по lockfile);Транзитивная зависимость. Версию менять только через npm update / пересборку lockfile; самостоятельный апгрейд может нарушить peer-зависимости родителя.
@napi-rs/nice-darwin-x64;1.1.1;1.1.1;https://www.npmjs.com/package/%40napi-rs%2Fnice-darwin-x64;npm install @napi-rs/nice-darwin-x64@1.1.1;transitive (не определено по lockfile);Транзитивная зависимость. Версию менять только через npm update / пересборку lockfile; самостоятельный апгрейд может нарушить peer-зависимости родителя.
@napi-rs/nice-freebsd-x64;1.1.1;1.1.1;https://www.npmjs.com/package/%40napi-rs%2Fnice-freebsd-x64;npm install @napi-rs/nice-freebsd-x64@1.1.1;transitive (не определено по lockfile);Транзитивная зависимость. Версию менять только через npm update / пересборку lockfile; самостоятельный апгрейд может нарушить peer-зависимости родителя.
@napi-rs/nice-linux-arm-gnueabihf;1.1.1;1.1.1;https://www.npmjs.com/package/%40napi-rs%2Fnice-linux-arm-gnueabihf;npm install @napi-rs/nice-linux-arm-gnueabihf@1.1.1;transitive (не определено по lockfile);Транзитивная зависимость. Версию менять только через npm update / пересборку lockfile; самостоятельный апгрейд может нарушить peer-зависимости родителя.
@napi-rs/nice-linux-arm64-gnu;1.1.1;1.1.1;https://www.npmjs.com/package/%40napi-rs%2Fnice-linux-arm64-gnu;npm install @napi-rs/nice-linux-arm64-gnu@1.1.1;transitive (не определено по lockfile);Транзитивная зависимость. Версию менять только через npm update / пересборку lockfile; самостоятельный апгрейд может нарушить peer-зависимости родителя.
@napi-rs/nice-linux-arm64-musl;1.1.1;1.1.1;https://www.npmjs.com/package/%40napi-rs%2Fnice-linux-arm64-musl;npm install @napi-rs/nice-linux-arm64-musl@1.1.1;transitive (не определено по lockfile);Транзитивная зависимость. Версию менять только через npm update / пересборку lockfile; самостоятельный апгрейд может нарушить peer-зависимости родителя.
@napi-rs/nice-linux-ppc64-gnu;1.1.1;1.1.1;https://www.npmjs.com/package/%40napi-rs%2Fnice-linux-ppc64-gnu;npm install @napi-rs/nice-linux-ppc64-gnu@1.1.1;transitive (не определено по lockfile);Транзитивная зависимость. Версию менять только через npm update / пересборку lockfile; самостоятельный апгрейд может нарушить peer-зависимости родителя.
@napi-rs/nice-linux-riscv64-gnu;1.1.1;1.1.1;https://www.npmjs.com/package/%40napi-rs%2Fnice-linux-riscv64-gnu;npm install @napi-rs/nice-linux-riscv64-gnu@1.1.1;transitive (не определено по lockfile);Транзитивная зависимость. Версию менять только через npm update / пересборку lockfile; самостоятельный апгрейд может нарушить peer-зависимости родителя.
@napi-rs/nice-linux-s390x-gnu;1.1.1;1.1.1;https://www.npmjs.com/package/%40napi-rs%2Fnice-linux-s390x-gnu;npm install @napi-rs/nice-linux-s390x-gnu@1.1.1;transitive (не определено по lockfile);Транзитивная зависимость. Версию менять только через npm update / пересборку lockfile; самостоятельный апгрейд может нарушить peer-зависимости родителя.
@napi-rs/nice-linux-x64-gnu;1.1.1;1.1.1;https://www.npmjs.com/package/%40napi-rs%2Fnice-linux-x64-gnu;npm install @napi-rs/nice-linux-x64-gnu@1.1.1;transitive (не определено по lockfile);Транзитивная зависимость. Версию менять только через npm update / пересборку lockfile; самостоятельный апгрейд может нарушить peer-зависимости родителя.
@napi-rs/nice-linux-x64-musl;1.1.1;1.1.1;https://www.npmjs.com/package/%40napi-rs%2Fnice-linux-x64-musl;npm install @napi-rs/nice-linux-x64-musl@1.1.1;transitive (не определено по lockfile);Транзитивная зависимость. Версию менять только через npm update / пересборку lockfile; самостоятельный апгрейд может нарушить peer-зависимости родителя.
@napi-rs/nice-openharmony-arm64;1.1.1;1.1.1;https://www.npmjs.com/package/%40napi-rs%2Fnice-openharmony-arm64;npm install @napi-rs/nice-openharmony-arm64@1.1.1;transitive (не определено по lockfile);Транзитивная зависимость. Версию менять только через npm update / пересборку lockfile; самостоятельный апгрейд может нарушить peer-зависимости родителя.
@napi-rs/nice-win32-arm64-msvc;1.1.1;1.1.1;https://www.npmjs.com/package/%40napi-rs%2Fnice-win32-arm64-msvc;npm install @napi-rs/nice-win32-arm64-msvc@1.1.1;transitive (не определено по lockfile);Транзитивная зависимость. Версию менять только через npm update / пересборку lockfile; самостоятельный апгрейд может нарушить peer-зависимости родителя.
@napi-rs/nice-win32-ia32-msvc;1.1.1;1.1.1;https://www.npmjs.com/package/%40napi-rs%2Fnice-win32-ia32-msvc;npm install @napi-rs/nice-win32-ia32-msvc@1.1.1;transitive (не определено по lockfile);Транзитивная зависимость. Версию менять только через npm update / пересборку lockfile; самостоятельный апгрейд может нарушить peer-зависимости родителя.
@napi-rs/nice-win32-x64-msvc;1.1.1;1.1.1;https://www.npmjs.com/package/%40napi-rs%2Fnice-win32-x64-msvc;npm install @napi-rs/nice-win32-x64-msvc@1.1.1;transitive (не определено по lockfile);Транзитивная зависимость. Версию менять только через npm update / пересборку lockfile; самостоятельный апгрейд может нарушить peer-зависимости родителя.
@napi-rs/wasm-runtime;1.1.6;1.1.6;https://www.npmjs.com/package/%40napi-rs%2Fwasm-runtime;npm install @napi-rs/wasm-runtime@1.1.6;@oxc-parser/binding-wasm32-wasi, @rolldown/binding-wasm32-wasi, @rspack/binding-wasm32-wasi, @unrs/resolver-binding-wasm32-wasi;Транзитивная зависимость. Версию менять только через npm update / пересборку lockfile; самостоятельный апгрейд может нарушить peer-зависимости родителя.
@ngtools/webpack;22.1.8;22.1.8;https://www.npmjs.com/package/%40ngtools%2Fwebpack;npm install @ngtools/webpack@22.1.8;@angular-devkit/build-angular;Транзитивная зависимость. Версию менять только через npm update / пересборку lockfile; самостоятельный апгрейд может нарушить peer-зависимости родителя.
@noble/hashes;1.4.0;1.4.0;https://www.npmjs.com/package/%40noble%2Fhashes;npm install @noble/hashes@1.4.0;pkijs;Транзитивная зависимость. Версию менять только через npm update / пересборку lockfile; самостоятельный апгрейд может нарушить peer-зависимости родителя.
@nodelib/fs.scandir;2.1.5;2.1.5;https://www.npmjs.com/package/%40nodelib%2Ffs.scandir;npm install @nodelib/fs.scandir@2.1.5;@nodelib/fs.walk;Транзитивная зависимость. Версию менять только через npm update / пересборку lockfile; самостоятельный апгрейд может нарушить peer-зависимости родителя.
@nodelib/fs.stat;2.0.5;2.0.5;https://www.npmjs.com/package/%40nodelib%2Ffs.stat;npm install @nodelib/fs.stat@2.0.5;@nodelib/fs.scandir, fast-glob;Транзитивная зависимость. Версию менять только через npm update / пересборку lockfile; самостоятельный апгрейд может нарушить peer-зависимости родителя.
@nodelib/fs.walk;1.2.8;1.2.8;https://www.npmjs.com/package/%40nodelib%2Ffs.walk;npm install @nodelib/fs.walk@1.2.8;fast-glob;Транзитивная зависимость. Версию менять только через npm update / пересборку lockfile; самостоятельный апгрейд может нарушить peer-зависимости родителя.
@oxc-parser/binding-android-arm-eabi;0.142.0;0.142.0;https://www.npmjs.com/package/%40oxc-parser%2Fbinding-android-arm-eabi;npm install @oxc-parser/binding-android-arm-eabi@0.142.0;transitive (не определено по lockfile);Транзитивная зависимость. Версию менять только через npm update / пересборку lockfile; самостоятельный апгрейд может нарушить peer-зависимости родителя.
@oxc-parser/binding-android-arm64;0.142.0;0.142.0;https://www.npmjs.com/package/%40oxc-parser%2Fbinding-android-arm64;npm install @oxc-parser/binding-android-arm64@0.142.0;transitive (не определено по lockfile);Транзитивная зависимость. Версию менять только через npm update / пересборку lockfile; самостоятельный апгрейд может нарушить peer-зависимости родителя.
@oxc-parser/binding-darwin-arm64;0.142.0;0.142.0;https://www.npmjs.com/package/%40oxc-parser%2Fbinding-darwin-arm64;npm install @oxc-parser/binding-darwin-arm64@0.142.0;transitive (не определено по lockfile);Транзитивная зависимость. Версию менять только через npm update / пересборку lockfile; самостоятельный апгрейд может нарушить peer-зависимости родителя.
@oxc-parser/binding-darwin-x64;0.142.0;0.142.0;https://www.npmjs.com/package/%40oxc-parser%2Fbinding-darwin-x64;npm install @oxc-parser/binding-darwin-x64@0.142.0;transitive (не определено по lockfile);Транзитивная зависимость. Версию менять только через npm update / пересборку lockfile; самостоятельный апгрейд может нарушить peer-зависимости родителя.
@oxc-parser/binding-freebsd-x64;0.142.0;0.142.0;https://www.npmjs.com/package/%40oxc-parser%2Fbinding-freebsd-x64;npm install @oxc-parser/binding-freebsd-x64@0.142.0;transitive (не определено по lockfile);Транзитивная зависимость. Версию менять только через npm update / пересборку lockfile; самостоятельный апгрейд может нарушить peer-зависимости родителя.
@oxc-parser/binding-linux-arm-gnueabihf;0.142.0;0.142.0;https://www.npmjs.com/package/%40oxc-parser%2Fbinding-linux-arm-gnueabihf;npm install @oxc-parser/binding-linux-arm-gnueabihf@0.142.0;transitive (не определено по lockfile);Транзитивная зависимость. Версию менять только через npm update / пересборку lockfile; самостоятельный апгрейд может нарушить peer-зависимости родителя.
@oxc-parser/binding-linux-arm-musleabihf;0.142.0;0.142.0;https://www.npmjs.com/package/%40oxc-parser%2Fbinding-linux-arm-musleabihf;npm install @oxc-parser/binding-linux-arm-musleabihf@0.142.0;transitive (не определено по lockfile);Транзитивная зависимость. Версию менять только через npm update / пересборку lockfile; самостоятельный апгрейд может нарушить peer-зависимости родителя.
@oxc-parser/binding-linux-arm64-gnu;0.142.0;0.142.0;https://www.npmjs.com/package/%40oxc-parser%2Fbinding-linux-arm64-gnu;npm install @oxc-parser/binding-linux-arm64-gnu@0.142.0;transitive (не определено по lockfile);Транзитивная зависимость. Версию менять только через npm update / пересборку lockfile; самостоятельный апгрейд может нарушить peer-зависимости родителя.
@oxc-parser/binding-linux-arm64-musl;0.142.0;0.142.0;https://www.npmjs.com/package/%40oxc-parser%2Fbinding-linux-arm64-musl;npm install @oxc-parser/binding-linux-arm64-musl@0.142.0;transitive (не определено по lockfile);Транзитивная зависимость. Версию менять только через npm update / пересборку lockfile; самостоятельный апгрейд может нарушить peer-зависимости родителя.
@oxc-parser/binding-linux-ppc64-gnu;0.142.0;0.142.0;https://www.npmjs.com/package/%40oxc-parser%2Fbinding-linux-ppc64-gnu;npm install @oxc-parser/binding-linux-ppc64-gnu@0.142.0;transitive (не определено по lockfile);Транзитивная зависимость. Версию менять только через npm update / пересборку lockfile; самостоятельный апгрейд может нарушить peer-зависимости родителя.
@oxc-parser/binding-linux-riscv64-gnu;0.142.0;0.142.0;https://www.npmjs.com/package/%40oxc-parser%2Fbinding-linux-riscv64-gnu;npm install @oxc-parser/binding-linux-riscv64-gnu@0.142.0;transitive (не определено по lockfile);Транзитивная зависимость. Версию менять только через npm update / пересборку lockfile; самостоятельный апгрейд может нарушить peer-зависимости родителя.
@oxc-parser/binding-linux-riscv64-musl;0.142.0;0.142.0;https://www.npmjs.com/package/%40oxc-parser%2Fbinding-linux-riscv64-musl;npm install @oxc-parser/binding-linux-riscv64-musl@0.142.0;transitive (не определено по lockfile);Транзитивная зависимость. Версию менять только через npm update / пересборку lockfile; самостоятельный апгрейд может нарушить peer-зависимости родителя.
@oxc-parser/binding-linux-s390x-gnu;0.142.0;0.142.0;https://www.npmjs.com/package/%40oxc-parser%2Fbinding-linux-s390x-gnu;npm install @oxc-parser/binding-linux-s390x-gnu@0.142.0;transitive (не определено по lockfile);Транзитивная зависимость. Версию менять только через npm update / пересборку lockfile; самостоятельный апгрейд может нарушить peer-зависимости родителя.
@oxc-parser/binding-linux-x64-gnu;0.142.0;0.142.0;https://www.npmjs.com/package/%40oxc-parser%2Fbinding-linux-x64-gnu;npm install @oxc-parser/binding-linux-x64-gnu@0.142.0;transitive (не определено по lockfile);Транзитивная зависимость. Версию менять только через npm update / пересборку lockfile; самостоятельный апгрейд может нарушить peer-зависимости родителя.
@oxc-parser/binding-linux-x64-musl;0.142.0;0.142.0;https://www.npmjs.com/package/%40oxc-parser%2Fbinding-linux-x64-musl;npm install @oxc-parser/binding-linux-x64-musl@0.142.0;transitive (не определено по lockfile);Транзитивная зависимость. Версию менять только через npm update / пересборку lockfile; самостоятельный апгрейд может нарушить peer-зависимости родителя.
@oxc-parser/binding-openharmony-arm64;0.142.0;0.142.0;https://www.npmjs.com/package/%40oxc-parser%2Fbinding-openharmony-arm64;npm install @oxc-parser/binding-openharmony-arm64@0.142.0;transitive (не определено по lockfile);Транзитивная зависимость. Версию менять только через npm update / пересборку lockfile; самостоятельный апгрейд может нарушить peer-зависимости родителя.
@oxc-parser/binding-wasm32-wasi;0.142.0;0.142.0;https://www.npmjs.com/package/%40oxc-parser%2Fbinding-wasm32-wasi;npm install @oxc-parser/binding-wasm32-wasi@0.142.0;transitive (не определено по lockfile);Транзитивная зависимость. Версию менять только через npm update / пересборку lockfile; самостоятельный апгрейд может нарушить peer-зависимости родителя.
@oxc-parser/binding-win32-arm64-msvc;0.142.0;0.142.0;https://www.npmjs.com/package/%40oxc-parser%2Fbinding-win32-arm64-msvc;npm install @oxc-parser/binding-win32-arm64-msvc@0.142.0;transitive (не определено по lockfile);Транзитивная зависимость. Версию менять только через npm update / пересборку lockfile; самостоятельный апгрейд может нарушить peer-зависимости родителя.
@oxc-parser/binding-win32-ia32-msvc;0.142.0;0.142.0;https://www.npmjs.com/package/%40oxc-parser%2Fbinding-win32-ia32-msvc;npm install @oxc-parser/binding-win32-ia32-msvc@0.142.0;transitive (не определено по lockfile);Транзитивная зависимость. Версию менять только через npm update / пересборку lockfile; самостоятельный апгрейд может нарушить peer-зависимости родителя.
@oxc-parser/binding-win32-x64-msvc;0.142.0;0.142.0;https://www.npmjs.com/package/%40oxc-parser%2Fbinding-win32-x64-msvc;npm install @oxc-parser/binding-win32-x64-msvc@0.142.0;transitive (не определено по lockfile);Транзитивная зависимость. Версию менять только через npm update / пересборку lockfile; самостоятельный апгрейд может нарушить peer-зависимости родителя.
@oxc-project/types;0.142.0;0.142.0;https://www.npmjs.com/package/%40oxc-project%2Ftypes;npm install @oxc-project/types@0.142.0;oxc-parser, rolldown;Транзитивная зависимость. Версию менять только через npm update / пересборку lockfile; самостоятельный апгрейд может нарушить peer-зависимости родителя.
@parcel/source-map;2.1.1;2.1.1;https://www.npmjs.com/package/%40parcel%2Fsource-map;npm install @parcel/source-map@2.1.1;@chialab/estransform;Транзитивная зависимость. Версию менять только через npm update / пересборку lockfile; самостоятельный апгрейд может нарушить peer-зависимости родителя.
@parcel/watcher;2.6.0;2.6.0;https://www.npmjs.com/package/%40parcel%2Fwatcher;npm install @parcel/watcher@2.6.0;jest-haste-map;Транзитивная зависимость. Версию менять только через npm update / пересборку lockfile; самостоятельный апгрейд может нарушить peer-зависимости родителя.
@parcel/watcher-android-arm64;2.6.0;2.6.0;https://www.npmjs.com/package/%40parcel%2Fwatcher-android-arm64;npm install @parcel/watcher-android-arm64@2.6.0;transitive (не определено по lockfile);Транзитивная зависимость. Версию менять только через npm update / пересборку lockfile; самостоятельный апгрейд может нарушить peer-зависимости родителя.
@parcel/watcher-darwin-arm64;2.6.0;2.6.0;https://www.npmjs.com/package/%40parcel%2Fwatcher-darwin-arm64;npm install @parcel/watcher-darwin-arm64@2.6.0;transitive (не определено по lockfile);Транзитивная зависимость. Версию менять только через npm update / пересборку lockfile; самостоятельный апгрейд может нарушить peer-зависимости родителя.
@parcel/watcher-darwin-x64;2.6.0;2.6.0;https://www.npmjs.com/package/%40parcel%2Fwatcher-darwin-x64;npm install @parcel/watcher-darwin-x64@2.6.0;transitive (не определено по lockfile);Транзитивная зависимость. Версию менять только через npm update / пересборку lockfile; самостоятельный апгрейд может нарушить peer-зависимости родителя.
@parcel/watcher-freebsd-x64;2.6.0;2.6.0;https://www.npmjs.com/package/%40parcel%2Fwatcher-freebsd-x64;npm install @parcel/watcher-freebsd-x64@2.6.0;transitive (не определено по lockfile);Транзитивная зависимость. Версию менять только через npm update / пересборку lockfile; самостоятельный апгрейд может нарушить peer-зависимости родителя.
@parcel/watcher-linux-arm-glibc;2.6.0;2.6.0;https://www.npmjs.com/package/%40parcel%2Fwatcher-linux-arm-glibc;npm install @parcel/watcher-linux-arm-glibc@2.6.0;transitive (не определено по lockfile);Транзитивная зависимость. Версию менять только через npm update / пересборку lockfile; самостоятельный апгрейд может нарушить peer-зависимости родителя.
@parcel/watcher-linux-arm-musl;2.6.0;2.6.0;https://www.npmjs.com/package/%40parcel%2Fwatcher-linux-arm-musl;npm install @parcel/watcher-linux-arm-musl@2.6.0;transitive (не определено по lockfile);Транзитивная зависимость. Версию менять только через npm update / пересборку lockfile; самостоятельный апгрейд может нарушить peer-зависимости родителя.
@parcel/watcher-linux-arm64-glibc;2.6.0;2.6.0;https://www.npmjs.com/package/%40parcel%2Fwatcher-linux-arm64-glibc;npm install @parcel/watcher-linux-arm64-glibc@2.6.0;transitive (не определено по lockfile);Транзитивная зависимость. Версию менять только через npm update / пересборку lockfile; самостоятельный апгрейд может нарушить peer-зависимости родителя.
@parcel/watcher-linux-arm64-musl;2.6.0;2.6.0;https://www.npmjs.com/package/%40parcel%2Fwatcher-linux-arm64-musl;npm install @parcel/watcher-linux-arm64-musl@2.6.0;transitive (не определено по lockfile);Транзитивная зависимость. Версию менять только через npm update / пересборку lockfile; самостоятельный апгрейд может нарушить peer-зависимости родителя.
@parcel/watcher-linux-x64-glibc;2.6.0;2.6.0;https://www.npmjs.com/package/%40parcel%2Fwatcher-linux-x64-glibc;npm install @parcel/watcher-linux-x64-glibc@2.6.0;transitive (не определено по lockfile);Транзитивная зависимость. Версию менять только через npm update / пересборку lockfile; самостоятельный апгрейд может нарушить peer-зависимости родителя.
@parcel/watcher-linux-x64-musl;2.6.0;2.6.0;https://www.npmjs.com/package/%40parcel%2Fwatcher-linux-x64-musl;npm install @parcel/watcher-linux-x64-musl@2.6.0;transitive (не определено по lockfile);Транзитивная зависимость. Версию менять только через npm update / пересборку lockfile; самостоятельный апгрейд может нарушить peer-зависимости родителя.
@parcel/watcher-win32-arm64;2.6.0;2.6.0;https://www.npmjs.com/package/%40parcel%2Fwatcher-win32-arm64;npm install @parcel/watcher-win32-arm64@2.6.0;transitive (не определено по lockfile);Транзитивная зависимость. Версию менять только через npm update / пересборку lockfile; самостоятельный апгрейд может нарушить peer-зависимости родителя.
@parcel/watcher-win32-x64;2.6.0;2.6.0;https://www.npmjs.com/package/%40parcel%2Fwatcher-win32-x64;npm install @parcel/watcher-win32-x64@2.6.0;transitive (не определено по lockfile);Транзитивная зависимость. Версию менять только через npm update / пересборку lockfile; самостоятельный апгрейд может нарушить peer-зависимости родителя.
@peculiar/asn1-cms;2.9.4;2.9.4;https://www.npmjs.com/package/%40peculiar%2Fasn1-cms;npm install @peculiar/asn1-cms@2.9.4;@peculiar/asn1-pfx, @peculiar/asn1-pkcs9, @peculiar/x509;Транзитивная зависимость. Версию менять только через npm update / пересборку lockfile; самостоятельный апгрейд может нарушить peer-зависимости родителя.
@peculiar/asn1-csr;2.9.4;2.9.4;https://www.npmjs.com/package/%40peculiar%2Fasn1-csr;npm install @peculiar/asn1-csr@2.9.4;@peculiar/x509;Транзитивная зависимость. Версию менять только через npm update / пересборку lockfile; самостоятельный апгрейд может нарушить peer-зависимости родителя.
@peculiar/asn1-ecc;2.9.4;2.9.4;https://www.npmjs.com/package/%40peculiar%2Fasn1-ecc;npm install @peculiar/asn1-ecc@2.9.4;@peculiar/x509;Транзитивная зависимость. Версию менять только через npm update / пересборку lockfile; самостоятельный апгрейд может нарушить peer-зависимости родителя.
@peculiar/asn1-pfx;2.9.4;2.9.4;https://www.npmjs.com/package/%40peculiar%2Fasn1-pfx;npm install @peculiar/asn1-pfx@2.9.4;@peculiar/asn1-pkcs9;Транзитивная зависимость. Версию менять только через npm update / пересборку lockfile; самостоятельный апгрейд может нарушить peer-зависимости родителя.
@peculiar/asn1-pkcs8;2.9.4;2.9.4;https://www.npmjs.com/package/%40peculiar%2Fasn1-pkcs8;npm install @peculiar/asn1-pkcs8@2.9.4;@peculiar/asn1-pfx, @peculiar/asn1-pkcs9;Транзитивная зависимость. Версию менять только через npm update / пересборку lockfile; самостоятельный апгрейд может нарушить peer-зависимости родителя.
@peculiar/asn1-pkcs9;2.9.4;2.9.4;https://www.npmjs.com/package/%40peculiar%2Fasn1-pkcs9;npm install @peculiar/asn1-pkcs9@2.9.4;@peculiar/x509;Транзитивная зависимость. Версию менять только через npm update / пересборку lockfile; самостоятельный апгрейд может нарушить peer-зависимости родителя.
@peculiar/asn1-rsa;2.9.4;2.9.4;https://www.npmjs.com/package/%40peculiar%2Fasn1-rsa;npm install @peculiar/asn1-rsa@2.9.4;@peculiar/asn1-pfx, @peculiar/x509;Транзитивная зависимость. Версию менять только через npm update / пересборку lockfile; самостоятельный апгрейд может нарушить peer-зависимости родителя.
@peculiar/asn1-schema;2.9.4;2.9.4;https://www.npmjs.com/package/%40peculiar%2Fasn1-schema;npm install @peculiar/asn1-schema@2.9.4;@peculiar/asn1-cms, @peculiar/asn1-csr, @peculiar/asn1-ecc, @peculiar/asn1-pfx, @peculiar/asn1-pkcs8, @peculiar/asn1-pkcs9, @peculiar/asn1-rsa, @peculiar/asn1-x509, @peculiar/asn1-x509-attr, @peculiar/x509;Транзитивная зависимость. Версию менять только через npm update / пересборку lockfile; самостоятельный апгрейд может нарушить peer-зависимости родителя.
@peculiar/asn1-x509;2.9.4;2.9.4;https://www.npmjs.com/package/%40peculiar%2Fasn1-x509;npm install @peculiar/asn1-x509@2.9.4;@peculiar/asn1-cms, @peculiar/asn1-csr, @peculiar/asn1-ecc, @peculiar/asn1-pkcs8, @peculiar/asn1-pkcs9, @peculiar/asn1-rsa, @peculiar/asn1-x509-attr, @peculiar/x509;Транзитивная зависимость. Версию менять только через npm update / пересборку lockfile; самостоятельный апгрейд может нарушить peer-зависимости родителя.
@peculiar/asn1-x509-attr;2.9.4;2.9.4;https://www.npmjs.com/package/%40peculiar%2Fasn1-x509-attr;npm install @peculiar/asn1-x509-attr@2.9.4;@peculiar/asn1-cms, @peculiar/asn1-pkcs9;Транзитивная зависимость. Версию менять только через npm update / пересборку lockfile; самостоятельный апгрейд может нарушить peer-зависимости родителя.
@peculiar/utils;2.0.3;2.0.3;https://www.npmjs.com/package/%40peculiar%2Futils;npm install @peculiar/utils@2.0.3;@peculiar/asn1-schema, @peculiar/asn1-x509;Транзитивная зависимость. Версию менять только через npm update / пересборку lockfile; самостоятельный апгрейд может нарушить peer-зависимости родителя.
@peculiar/x509;1.14.3;1.14.3;https://www.npmjs.com/package/%40peculiar%2Fx509;npm install @peculiar/x509@1.14.3;selfsigned;Транзитивная зависимость. Версию менять только через npm update / пересборку lockfile; самостоятельный апгрейд может нарушить peer-зависимости родителя.
@pkgjs/parseargs;0.11.0;0.11.0;https://www.npmjs.com/package/%40pkgjs%2Fparseargs;npm install @pkgjs/parseargs@0.11.0;transitive (не определено по lockfile);Транзитивная зависимость. Версию менять только через npm update / пересборку lockfile; самостоятельный апгрейд может нарушить peer-зависимости родителя.
@pkgr/core;0.3.6;0.3.6;https://www.npmjs.com/package/%40pkgr%2Fcore;npm install @pkgr/core@0.3.6;synckit;Транзитивная зависимость. Версию менять только через npm update / пересборку lockfile; самостоятельный апгрейд может нарушить peer-зависимости родителя.
@rolldown/binding-android-arm64;1.2.0;1.2.0;https://www.npmjs.com/package/%40rolldown%2Fbinding-android-arm64;npm install @rolldown/binding-android-arm64@1.2.0;transitive (не определено по lockfile);Транзитивная зависимость. Версию менять только через npm update / пересборку lockfile; самостоятельный апгрейд может нарушить peer-зависимости родителя.
@rolldown/binding-darwin-arm64;1.2.0;1.2.0;https://www.npmjs.com/package/%40rolldown%2Fbinding-darwin-arm64;npm install @rolldown/binding-darwin-arm64@1.2.0;transitive (не определено по lockfile);Транзитивная зависимость. Версию менять только через npm update / пересборку lockfile; самостоятельный апгрейд может нарушить peer-зависимости родителя.
@rolldown/binding-darwin-x64;1.2.0;1.2.0;https://www.npmjs.com/package/%40rolldown%2Fbinding-darwin-x64;npm install @rolldown/binding-darwin-x64@1.2.0;transitive (не определено по lockfile);Транзитивная зависимость. Версию менять только через npm update / пересборку lockfile; самостоятельный апгрейд может нарушить peer-зависимости родителя.
@rolldown/binding-freebsd-x64;1.2.0;1.2.0;https://www.npmjs.com/package/%40rolldown%2Fbinding-freebsd-x64;npm install @rolldown/binding-freebsd-x64@1.2.0;transitive (не определено по lockfile);Транзитивная зависимость. Версию менять только через npm update / пересборку lockfile; самостоятельный апгрейд может нарушить peer-зависимости родителя.
@rolldown/binding-linux-arm-gnueabihf;1.2.0;1.2.0;https://www.npmjs.com/package/%40rolldown%2Fbinding-linux-arm-gnueabihf;npm install @rolldown/binding-linux-arm-gnueabihf@1.2.0;transitive (не определено по lockfile);Транзитивная зависимость. Версию менять только через npm update / пересборку lockfile; самостоятельный апгрейд может нарушить peer-зависимости родителя.
@rolldown/binding-linux-arm64-gnu;1.2.0;1.2.0;https://www.npmjs.com/package/%40rolldown%2Fbinding-linux-arm64-gnu;npm install @rolldown/binding-linux-arm64-gnu@1.2.0;transitive (не определено по lockfile);Транзитивная зависимость. Версию менять только через npm update / пересборку lockfile; самостоятельный апгрейд может нарушить peer-зависимости родителя.
@rolldown/binding-linux-arm64-musl;1.2.0;1.2.0;https://www.npmjs.com/package/%40rolldown%2Fbinding-linux-arm64-musl;npm install @rolldown/binding-linux-arm64-musl@1.2.0;transitive (не определено по lockfile);Транзитивная зависимость. Версию менять только через npm update / пересборку lockfile; самостоятельный апгрейд может нарушить peer-зависимости родителя.
@rolldown/binding-linux-ppc64-gnu;1.2.0;1.2.0;https://www.npmjs.com/package/%40rolldown%2Fbinding-linux-ppc64-gnu;npm install @rolldown/binding-linux-ppc64-gnu@1.2.0;transitive (не определено по lockfile);Транзитивная зависимость. Версию менять только через npm update / пересборку lockfile; самостоятельный апгрейд может нарушить peer-зависимости родителя.
@rolldown/binding-linux-s390x-gnu;1.2.0;1.2.0;https://www.npmjs.com/package/%40rolldown%2Fbinding-linux-s390x-gnu;npm install @rolldown/binding-linux-s390x-gnu@1.2.0;transitive (не определено по lockfile);Транзитивная зависимость. Версию менять только через npm update / пересборку lockfile; самостоятельный апгрейд может нарушить peer-зависимости родителя.
@rolldown/binding-linux-x64-gnu;1.2.0;1.2.0;https://www.npmjs.com/package/%40rolldown%2Fbinding-linux-x64-gnu;npm install @rolldown/binding-linux-x64-gnu@1.2.0;transitive (не определено по lockfile);Транзитивная зависимость. Версию менять только через npm update / пересборку lockfile; самостоятельный апгрейд может нарушить peer-зависимости родителя.
@rolldown/binding-linux-x64-musl;1.2.0;1.2.0;https://www.npmjs.com/package/%40rolldown%2Fbinding-linux-x64-musl;npm install @rolldown/binding-linux-x64-musl@1.2.0;transitive (не определено по lockfile);Транзитивная зависимость. Версию менять только через npm update / пересборку lockfile; самостоятельный апгрейд может нарушить peer-зависимости родителя.
@rolldown/binding-openharmony-arm64;1.2.0;1.2.0;https://www.npmjs.com/package/%40rolldown%2Fbinding-openharmony-arm64;npm install @rolldown/binding-openharmony-arm64@1.2.0;transitive (не определено по lockfile);Транзитивная зависимость. Версию менять только через npm update / пересборку lockfile; самостоятельный апгрейд может нарушить peer-зависимости родителя.
@rolldown/binding-wasm32-wasi;1.2.0;1.2.0;https://www.npmjs.com/package/%40rolldown%2Fbinding-wasm32-wasi;npm install @rolldown/binding-wasm32-wasi@1.2.0;transitive (не определено по lockfile);Транзитивная зависимость. Версию менять только через npm update / пересборку lockfile; самостоятельный апгрейд может нарушить peer-зависимости родителя.
@rolldown/binding-win32-arm64-msvc;1.2.0;1.2.0;https://www.npmjs.com/package/%40rolldown%2Fbinding-win32-arm64-msvc;npm install @rolldown/binding-win32-arm64-msvc@1.2.0;transitive (не определено по lockfile);Транзитивная зависимость. Версию менять только через npm update / пересборку lockfile; самостоятельный апгрейд может нарушить peer-зависимости родителя.
@rolldown/binding-win32-x64-msvc;1.2.0;1.2.0;https://www.npmjs.com/package/%40rolldown%2Fbinding-win32-x64-msvc;npm install @rolldown/binding-win32-x64-msvc@1.2.0;transitive (не определено по lockfile);Транзитивная зависимость. Версию менять только через npm update / пересборку lockfile; самостоятельный апгрейд может нарушить peer-зависимости родителя.
@rolldown/pluginutils;1.0.1;1.0.1;https://www.npmjs.com/package/%40rolldown%2Fpluginutils;npm install @rolldown/pluginutils@1.0.1;rolldown;Транзитивная зависимость. Версию менять только через npm update / пересборку lockfile; самостоятельный апгрейд может нарушить peer-зависимости родителя.
@rspack/binding;2.2.3;2.2.3;https://www.npmjs.com/package/%40rspack%2Fbinding;npm install @rspack/binding@2.2.3;@rspack/core;Транзитивная зависимость. Версию менять только через npm update / пересборку lockfile; самостоятельный апгрейд может нарушить peer-зависимости родителя.
@rspack/binding-darwin-arm64;2.2.3;2.2.3;https://www.npmjs.com/package/%40rspack%2Fbinding-darwin-arm64;npm install @rspack/binding-darwin-arm64@2.2.3;transitive (не определено по lockfile);Транзитивная зависимость. Версию менять только через npm update / пересборку lockfile; самостоятельный апгрейд может нарушить peer-зависимости родителя.
@rspack/binding-darwin-x64;2.2.3;2.2.3;https://www.npmjs.com/package/%40rspack%2Fbinding-darwin-x64;npm install @rspack/binding-darwin-x64@2.2.3;transitive (не определено по lockfile);Транзитивная зависимость. Версию менять только через npm update / пересборку lockfile; самостоятельный апгрейд может нарушить peer-зависимости родителя.
@rspack/binding-linux-arm64-gnu;2.2.3;2.2.3;https://www.npmjs.com/package/%40rspack%2Fbinding-linux-arm64-gnu;npm install @rspack/binding-linux-arm64-gnu@2.2.3;transitive (не определено по lockfile);Транзитивная зависимость. Версию менять только через npm update / пересборку lockfile; самостоятельный апгрейд может нарушить peer-зависимости родителя.
@rspack/binding-linux-arm64-musl;2.2.3;2.2.3;https://www.npmjs.com/package/%40rspack%2Fbinding-linux-arm64-musl;npm install @rspack/binding-linux-arm64-musl@2.2.3;transitive (не определено по lockfile);Транзитивная зависимость. Версию менять только через npm update / пересборку lockfile; самостоятельный апгрейд может нарушить peer-зависимости родителя.
@rspack/binding-linux-ppc64-gnu;2.2.3;2.2.3;https://www.npmjs.com/package/%40rspack%2Fbinding-linux-ppc64-gnu;npm install @rspack/binding-linux-ppc64-gnu@2.2.3;transitive (не определено по lockfile);Транзитивная зависимость. Версию менять только через npm update / пересборку lockfile; самостоятельный апгрейд может нарушить peer-зависимости родителя.
@rspack/binding-linux-riscv64-gnu;2.2.3;2.2.3;https://www.npmjs.com/package/%40rspack%2Fbinding-linux-riscv64-gnu;npm install @rspack/binding-linux-riscv64-gnu@2.2.3;transitive (не определено по lockfile);Транзитивная зависимость. Версию менять только через npm update / пересборку lockfile; самостоятельный апгрейд может нарушить peer-зависимости родителя.
@rspack/binding-linux-riscv64-musl;2.2.3;2.2.3;https://www.npmjs.com/package/%40rspack%2Fbinding-linux-riscv64-musl;npm install @rspack/binding-linux-riscv64-musl@2.2.3;transitive (не определено по lockfile);Транзитивная зависимость. Версию менять только через npm update / пересборку lockfile; самостоятельный апгрейд может нарушить peer-зависимости родителя.
@rspack/binding-linux-s390x-gnu;2.2.3;2.2.3;https://www.npmjs.com/package/%40rspack%2Fbinding-linux-s390x-gnu;npm install @rspack/binding-linux-s390x-gnu@2.2.3;transitive (не определено по lockfile);Транзитивная зависимость. Версию менять только через npm update / пересборку lockfile; самостоятельный апгрейд может нарушить peer-зависимости родителя.
@rspack/binding-linux-x64-gnu;2.2.3;2.2.3;https://www.npmjs.com/package/%40rspack%2Fbinding-linux-x64-gnu;npm install @rspack/binding-linux-x64-gnu@2.2.3;transitive (не определено по lockfile);Транзитивная зависимость. Версию менять только через npm update / пересборку lockfile; самостоятельный апгрейд может нарушить peer-зависимости родителя.
@rspack/binding-linux-x64-musl;2.2.3;2.2.3;https://www.npmjs.com/package/%40rspack%2Fbinding-linux-x64-musl;npm install @rspack/binding-linux-x64-musl@2.2.3;transitive (не определено по lockfile);Транзитивная зависимость. Версию менять только через npm update / пересборку lockfile; самостоятельный апгрейд может нарушить peer-зависимости родителя.
@rspack/binding-wasm32-wasi;2.2.3;2.2.3;https://www.npmjs.com/package/%40rspack%2Fbinding-wasm32-wasi;npm install @rspack/binding-wasm32-wasi@2.2.3;transitive (не определено по lockfile);Транзитивная зависимость. Версию менять только через npm update / пересборку lockfile; самостоятельный апгрейд может нарушить peer-зависимости родителя.
@rspack/binding-win32-arm64-msvc;2.2.3;2.2.3;https://www.npmjs.com/package/%40rspack%2Fbinding-win32-arm64-msvc;npm install @rspack/binding-win32-arm64-msvc@2.2.3;transitive (не определено по lockfile);Транзитивная зависимость. Версию менять только через npm update / пересборку lockfile; самостоятельный апгрейд может нарушить peer-зависимости родителя.
@rspack/binding-win32-ia32-msvc;2.2.3;2.2.3;https://www.npmjs.com/package/%40rspack%2Fbinding-win32-ia32-msvc;npm install @rspack/binding-win32-ia32-msvc@2.2.3;transitive (не определено по lockfile);Транзитивная зависимость. Версию менять только через npm update / пересборку lockfile; самостоятельный апгрейд может нарушить peer-зависимости родителя.
@rspack/binding-win32-x64-msvc;2.2.3;2.2.3;https://www.npmjs.com/package/%40rspack%2Fbinding-win32-x64-msvc;npm install @rspack/binding-win32-x64-msvc@2.2.3;transitive (не определено по lockfile);Транзитивная зависимость. Версию менять только через npm update / пересборку lockfile; самостоятельный апгрейд может нарушить peer-зависимости родителя.
@rspack/core;2.2.3;2.2.3;https://www.npmjs.com/package/%40rspack%2Fcore;npm install @rspack/core@2.2.3;transitive (не определено по lockfile);Транзитивная зависимость. Версию менять только через npm update / пересборку lockfile; самостоятельный апгрейд может нарушить peer-зависимости родителя.
@schematics/angular;22.1.8;22.1.8;https://www.npmjs.com/package/%40schematics%2Fangular;npm install @schematics/angular@22.1.8;@angular-builders/common, @angular-builders/jest, @angular/cli;Транзитивная зависимость. Версию менять только через npm update / пересборку lockfile; самостоятельный апгрейд может нарушить peer-зависимости родителя.
@sinclair/typebox;0.34.52;0.34.52;https://www.npmjs.com/package/%40sinclair%2Ftypebox;npm install @sinclair/typebox@0.34.52;@jest/schemas;Транзитивная зависимость. Версию менять только через npm update / пересборку lockfile; самостоятельный апгрейд может нарушить peer-зависимости родителя.
@sinonjs/commons;3.0.1;3.0.1;https://www.npmjs.com/package/%40sinonjs%2Fcommons;npm install @sinonjs/commons@3.0.1;@sinonjs/fake-timers;Транзитивная зависимость. Версию менять только через npm update / пересборку lockfile; самостоятельный апгрейд может нарушить peer-зависимости родителя.
@sinonjs/fake-timers;15.4.0;15.4.0;https://www.npmjs.com/package/%40sinonjs%2Ffake-timers;npm install @sinonjs/fake-timers@15.4.0;@jest/fake-timers;Транзитивная зависимость. Версию менять только через npm update / пересборку lockfile; самостоятельный апгрейд может нарушить peer-зависимости родителя.
@softarc/native-federation;4.5.0;4.5.0;https://www.npmjs.com/package/%40softarc%2Fnative-federation;npm install @softarc/native-federation@4.5.0;@angular-architects/native-federation;Транзитивная зависимость. Версию менять только через npm update / пересборку lockfile; самостоятельный апгрейд может нарушить peer-зависимости родителя.
@softarc/native-federation-orchestrator;4.6.1;4.6.1;https://www.npmjs.com/package/%40softarc%2Fnative-federation-orchestrator;npm install @softarc/native-federation-orchestrator@4.6.1;@angular-architects/native-federation;Транзитивная зависимость. Версию менять только через npm update / пересборку lockfile; самостоятельный апгрейд может нарушить peer-зависимости родителя.
@softarc/native-federation-runtime;3.5.6;3.5.6;https://www.npmjs.com/package/%40softarc%2Fnative-federation-runtime;npm install @softarc/native-federation-runtime@3.5.6;@softarc/native-federation-node;Транзитивная зависимость. Версию менять только через npm update / пересборку lockfile; самостоятельный апгрейд может нарушить peer-зависимости родителя.
@softarc/sheriff-core;0.19.6;0.19.6;https://www.npmjs.com/package/%40softarc%2Fsheriff-core;npm install @softarc/sheriff-core@0.19.6;@softarc/native-federation;Транзитивная зависимость. Версию менять только через npm update / пересборку lockfile; самостоятельный апгрейд может нарушить peer-зависимости родителя.
@standard-schema/spec;1.1.0;1.1.0;https://www.npmjs.com/package/%40standard-schema%2Fspec;npm install @standard-schema/spec@1.1.0;@angular/forms;Транзитивная зависимость. Версию менять только через npm update / пересборку lockfile; самостоятельный апгрейд может нарушить peer-зависимости родителя.
@tybys/wasm-util;0.10.3;0.10.3;https://www.npmjs.com/package/%40tybys%2Fwasm-util;npm install @tybys/wasm-util@0.10.3;@napi-rs/wasm-runtime;Транзитивная зависимость. Версию менять только через npm update / пересборку lockfile; самостоятельный апгрейд может нарушить peer-зависимости родителя.
@types/babel__core;7.20.5;7.20.5;https://www.npmjs.com/package/%40types%2Fbabel__core;npm install @types/babel__core@7.20.5;babel-jest, babel-plugin-jest-hoist;Транзитивная зависимость. Версию менять только через npm update / пересборку lockfile; самостоятельный апгрейд может нарушить peer-зависимости родителя.
@types/babel__generator;7.27.0;7.27.0;https://www.npmjs.com/package/%40types%2Fbabel__generator;npm install @types/babel__generator@7.27.0;@types/babel__core;Транзитивная зависимость. Версию менять только через npm update / пересборку lockfile; самостоятельный апгрейд может нарушить peer-зависимости родителя.
@types/babel__template;7.4.4;7.4.4;https://www.npmjs.com/package/%40types%2Fbabel__template;npm install @types/babel__template@7.4.4;@types/babel__core;Транзитивная зависимость. Версию менять только через npm update / пересборку lockfile; самостоятельный апгрейд может нарушить peer-зависимости родителя.
@types/babel__traverse;7.28.0;7.28.0;https://www.npmjs.com/package/%40types%2Fbabel__traverse;npm install @types/babel__traverse@7.28.0;@types/babel__core;Транзитивная зависимость. Версию менять только через npm update / пересборку lockfile; самостоятельный апгрейд может нарушить peer-зависимости родителя.
@types/body-parser;1.19.6;1.19.6;https://www.npmjs.com/package/%40types%2Fbody-parser;npm install @types/body-parser@1.19.6;@types/express;Транзитивная зависимость. Версию менять только через npm update / пересборку lockfile; самостоятельный апгрейд может нарушить peer-зависимости родителя.
@types/bonjour;3.5.13;3.5.13;https://www.npmjs.com/package/%40types%2Fbonjour;npm install @types/bonjour@3.5.13;webpack-dev-server;Транзитивная зависимость. Версию менять только через npm update / пересборку lockfile; самостоятельный апгрейд может нарушить peer-зависимости родителя.
@types/connect;3.4.38;3.4.38;https://www.npmjs.com/package/%40types%2Fconnect;npm install @types/connect@3.4.38;@types/body-parser;Транзитивная зависимость. Версию менять только через npm update / пересборку lockfile; самостоятельный апгрейд может нарушить peer-зависимости родителя.
@types/connect-history-api-fallback;1.5.4;1.5.4;https://www.npmjs.com/package/%40types%2Fconnect-history-api-fallback;npm install @types/connect-history-api-fallback@1.5.4;webpack-dev-server;Транзитивная зависимость. Версию менять только через npm update / пересборку lockfile; самостоятельный апгрейд может нарушить peer-зависимости родителя.
@types/esrecurse;4.3.1;4.3.1;https://www.npmjs.com/package/%40types%2Fesrecurse;npm install @types/esrecurse@4.3.1;eslint-scope;Транзитивная зависимость. Версию менять только через npm update / пересборку lockfile; самостоятельный апгрейд может нарушить peer-зависимости родителя.
@types/estree;1.0.9;1.0.9;https://www.npmjs.com/package/%40types%2Festree;npm install @types/estree@1.0.9;eslint, eslint-scope, webpack;Транзитивная зависимость. Версию менять только через npm update / пересборку lockfile; самостоятельный апгрейд может нарушить peer-зависимости родителя.
@types/express;4.17.25;4.17.25;https://www.npmjs.com/package/%40types%2Fexpress;npm install @types/express@4.17.25;@types/serve-index, webpack-dev-server;Транзитивная зависимость. Версию менять только через npm update / пересборку lockfile; самостоятельный апгрейд может нарушить peer-зависимости родителя.
@types/express-serve-static-core;4.19.9;4.19.9;https://www.npmjs.com/package/%40types%2Fexpress-serve-static-core;npm install @types/express-serve-static-core@4.19.9;@types/connect-history-api-fallback, @types/express, webpack-dev-server;Транзитивная зависимость. Версию менять только через npm update / пересборку lockfile; самостоятельный апгрейд может нарушить peer-зависимости родителя.
@types/gensync;1.0.5;1.0.5;https://www.npmjs.com/package/%40types%2Fgensync;npm install @types/gensync@1.0.5;@babel/core;Транзитивная зависимость. Версию менять только через npm update / пересборку lockfile; самостоятельный апгрейд может нарушить peer-зависимости родителя.
@types/http-errors;2.0.5;2.0.5;https://www.npmjs.com/package/%40types%2Fhttp-errors;npm install @types/http-errors@2.0.5;@types/serve-static;Транзитивная зависимость. Версию менять только через npm update / пересборку lockfile; самостоятельный апгрейд может нарушить peer-зависимости родителя.
@types/http-proxy;1.17.17;1.17.17;https://www.npmjs.com/package/%40types%2Fhttp-proxy;npm install @types/http-proxy@1.17.17;http-proxy-middleware;Транзитивная зависимость. Версию менять только через npm update / пересборку lockfile; самостоятельный апгрейд может нарушить peer-зависимости родителя.
@types/istanbul-lib-coverage;2.0.6;2.0.6;https://www.npmjs.com/package/%40types%2Fistanbul-lib-coverage;npm install @types/istanbul-lib-coverage@2.0.6;@jest/test-result, @jest/types, @types/istanbul-lib-report, v8-to-istanbul;Транзитивная зависимость. Версию менять только через npm update / пересборку lockfile; самостоятельный апгрейд может нарушить peer-зависимости родителя.
@types/istanbul-lib-report;3.0.3;3.0.3;https://www.npmjs.com/package/%40types%2Fistanbul-lib-report;npm install @types/istanbul-lib-report@3.0.3;@types/istanbul-reports;Транзитивная зависимость. Версию менять только через npm update / пересборку lockfile; самостоятельный апгрейд может нарушить peer-зависимости родителя.
@types/istanbul-reports;3.0.4;3.0.4;https://www.npmjs.com/package/%40types%2Fistanbul-reports;npm install @types/istanbul-reports@3.0.4;@jest/types;Транзитивная зависимость. Версию менять только через npm update / пересборку lockfile; самостоятельный апгрейд может нарушить peer-зависимости родителя.
@types/jsdom;30.0.0;30.0.0;https://www.npmjs.com/package/%40types%2Fjsdom;npm install @types/jsdom@30.0.0;jest-environment-jsdom;Транзитивная зависимость. Версию менять только через npm update / пересборку lockfile; самостоятельный апгрейд может нарушить peer-зависимости родителя.
@types/jsesc;2.5.1;2.5.1;https://www.npmjs.com/package/%40types%2Fjsesc;npm install @types/jsesc@2.5.1;@babel/generator;Транзитивная зависимость. Версию менять только через npm update / пересборку lockfile; самостоятельный апгрейд может нарушить peer-зависимости родителя.
@types/json-schema;7.0.15;7.0.15;https://www.npmjs.com/package/%40types%2Fjson-schema;npm install @types/json-schema@7.0.15;@eslint/core, schema-utils, webpack;Транзитивная зависимость. Версию менять только через npm update / пересборку lockfile; самостоятельный апгрейд может нарушить peer-зависимости родителя.
@types/less;3.0.8;3.0.8;https://www.npmjs.com/package/%40types%2Fless;npm install @types/less@3.0.8;less-loader;Транзитивная зависимость. Версию менять только через npm update / пересборку lockfile; самостоятельный апгрейд может нарушить peer-зависимости родителя.
@types/mime;1.3.5;1.3.5;https://www.npmjs.com/package/%40types%2Fmime;npm install @types/mime@1.3.5;@types/send;Транзитивная зависимость. Версию менять только через npm update / пересборку lockfile; самостоятельный апгрейд может нарушить peer-зависимости родителя.
@types/node;22.20.2;22.20.2;https://www.npmjs.com/package/%40types%2Fnode;npm install @types/node@22.20.2;@jest/console, @jest/core, @jest/environment, @jest/environment-jsdom-abstract, @jest/fake-timers, @jest/pattern, @jest/reporters, @jest/types, @types/body-parser, @types/bonjour, @types/connect, @types/connect-history-api-fallback, @types/express-serve-static-core, @types/http-proxy, @types/jsdom, @types/send, @types/serve-static, @types/sockjs, @types/ws, jest-circus, jest-environment-node, jest-haste-map, jest-mock, jest-runner, jest-runtime, jest-util, jest-watcher, jest-worker;Транзитивная зависимость. Версию менять только через npm update / пересборку lockfile; самостоятельный апгрейд может нарушить peer-зависимости родителя.
@types/qs;6.15.1;6.15.1;https://www.npmjs.com/package/%40types%2Fqs;npm install @types/qs@6.15.1;@types/express, @types/express-serve-static-core;Транзитивная зависимость. Версию менять только через npm update / пересборку lockfile; самостоятельный апгрейд может нарушить peer-зависимости родителя.
@types/range-parser;1.2.7;1.2.7;https://www.npmjs.com/package/%40types%2Frange-parser;npm install @types/range-parser@1.2.7;@types/express-serve-static-core;Транзитивная зависимость. Версию менять только через npm update / пересборку lockfile; самостоятельный апгрейд может нарушить peer-зависимости родителя.
@types/retry;0.12.2;0.12.2;https://www.npmjs.com/package/%40types%2Fretry;npm install @types/retry@0.12.2;p-retry;Транзитивная зависимость. Версию менять только через npm update / пересборку lockfile; самостоятельный апгрейд может нарушить peer-зависимости родителя.
@types/send;1.2.1;1.2.1;https://www.npmjs.com/package/%40types%2Fsend;npm install @types/send@1.2.1;@types/express-serve-static-core, @types/serve-static;Транзитивная зависимость. Версию менять только через npm update / пересборку lockfile; самостоятельный апгрейд может нарушить peer-зависимости родителя.
@types/serve-index;1.9.4;1.9.4;https://www.npmjs.com/package/%40types%2Fserve-index;npm install @types/serve-index@1.9.4;webpack-dev-server;Транзитивная зависимость. Версию менять только через npm update / пересборку lockfile; самостоятельный апгрейд может нарушить peer-зависимости родителя.
@types/serve-static;1.15.10;1.15.10;https://www.npmjs.com/package/%40types%2Fserve-static;npm install @types/serve-static@1.15.10;@types/express, webpack-dev-server;Транзитивная зависимость. Версию менять только через npm update / пересборку lockfile; самостоятельный апгрейд может нарушить peer-зависимости родителя.
@types/sockjs;0.3.36;0.3.36;https://www.npmjs.com/package/%40types%2Fsockjs;npm install @types/sockjs@0.3.36;webpack-dev-server;Транзитивная зависимость. Версию менять только через npm update / пересборку lockfile; самостоятельный апгрейд может нарушить peer-зависимости родителя.
@types/stack-utils;2.0.3;2.0.3;https://www.npmjs.com/package/%40types%2Fstack-utils;npm install @types/stack-utils@2.0.3;jest-message-util;Транзитивная зависимость. Версию менять только через npm update / пересборку lockfile; самостоятельный апгрейд может нарушить peer-зависимости родителя.
@types/tough-cookie;4.0.5;4.0.5;https://www.npmjs.com/package/%40types%2Ftough-cookie;npm install @types/tough-cookie@4.0.5;@types/jsdom;Транзитивная зависимость. Версию менять только через npm update / пересборку lockfile; самостоятельный апгрейд может нарушить peer-зависимости родителя.
@types/ws;8.18.1;8.18.1;https://www.npmjs.com/package/%40types%2Fws;npm install @types/ws@8.18.1;webpack-dev-server;Транзитивная зависимость. Версию менять только через npm update / пересборку lockfile; самостоятельный апгрейд может нарушить peer-зависимости родителя.
@types/yargs;17.0.35;17.0.35;https://www.npmjs.com/package/%40types%2Fyargs;npm install @types/yargs@17.0.35;@jest/types;Транзитивная зависимость. Версию менять только через npm update / пересборку lockfile; самостоятельный апгрейд может нарушить peer-зависимости родителя.
@types/yargs-parser;21.0.3;21.0.3;https://www.npmjs.com/package/%40types%2Fyargs-parser;npm install @types/yargs-parser@21.0.3;@types/yargs;Транзитивная зависимость. Версию менять только через npm update / пересборку lockfile; самостоятельный апгрейд может нарушить peer-зависимости родителя.
@typescript-eslint/eslint-plugin;8.70.0;8.70.0;https://www.npmjs.com/package/%40typescript-eslint%2Feslint-plugin;npm install @typescript-eslint/eslint-plugin@8.70.0;typescript-eslint;Транзитивная зависимость. Версию менять только через npm update / пересборку lockfile; самостоятельный апгрейд может нарушить peer-зависимости родителя.
@typescript-eslint/parser;8.70.0;8.70.0;https://www.npmjs.com/package/%40typescript-eslint%2Fparser;npm install @typescript-eslint/parser@8.70.0;typescript-eslint;Транзитивная зависимость. Версию менять только через npm update / пересборку lockfile; самостоятельный апгрейд может нарушить peer-зависимости родителя.
@typescript-eslint/project-service;8.70.0;8.70.0;https://www.npmjs.com/package/%40typescript-eslint%2Fproject-service;npm install @typescript-eslint/project-service@8.70.0;@typescript-eslint/typescript-estree;Транзитивная зависимость. Версию менять только через npm update / пересборку lockfile; самостоятельный апгрейд может нарушить peer-зависимости родителя.
@typescript-eslint/scope-manager;8.70.0;8.70.0;https://www.npmjs.com/package/%40typescript-eslint%2Fscope-manager;npm install @typescript-eslint/scope-manager@8.70.0;@typescript-eslint/eslint-plugin, @typescript-eslint/parser, @typescript-eslint/utils;Транзитивная зависимость. Версию менять только через npm update / пересборку lockfile; самостоятельный апгрейд может нарушить peer-зависимости родителя.
@typescript-eslint/tsconfig-utils;8.70.0;8.70.0;https://www.npmjs.com/package/%40typescript-eslint%2Ftsconfig-utils;npm install @typescript-eslint/tsconfig-utils@8.70.0;@typescript-eslint/project-service, @typescript-eslint/typescript-estree;Транзитивная зависимость. Версию менять только через npm update / пересборку lockfile; самостоятельный апгрейд может нарушить peer-зависимости родителя.
@typescript-eslint/type-utils;8.70.0;8.70.0;https://www.npmjs.com/package/%40typescript-eslint%2Ftype-utils;npm install @typescript-eslint/type-utils@8.70.0;@typescript-eslint/eslint-plugin;Транзитивная зависимость. Версию менять только через npm update / пересборку lockfile; самостоятельный апгрейд может нарушить peer-зависимости родителя.
@typescript-eslint/types;8.70.0;8.70.0;https://www.npmjs.com/package/%40typescript-eslint%2Ftypes;npm install @typescript-eslint/types@8.70.0;@typescript-eslint/parser, @typescript-eslint/project-service, @typescript-eslint/scope-manager, @typescript-eslint/type-utils, @typescript-eslint/typescript-estree, @typescript-eslint/utils, @typescript-eslint/visitor-keys, angular-eslint;Транзитивная зависимость. Версию менять только через npm update / пересборку lockfile; самостоятельный апгрейд может нарушить peer-зависимости родителя.
@typescript-eslint/typescript-estree;8.70.0;8.70.0;https://www.npmjs.com/package/%40typescript-eslint%2Ftypescript-estree;npm install @typescript-eslint/typescript-estree@8.70.0;@typescript-eslint/parser, @typescript-eslint/type-utils, @typescript-eslint/utils, typescript-eslint;Транзитивная зависимость. Версию менять только через npm update / пересборку lockfile; самостоятельный апгрейд может нарушить peer-зависимости родителя.
@typescript-eslint/utils;8.70.0;8.70.0;https://www.npmjs.com/package/%40typescript-eslint%2Futils;npm install @typescript-eslint/utils@8.70.0;@typescript-eslint/eslint-plugin, @typescript-eslint/type-utils, angular-eslint, typescript-eslint;Транзитивная зависимость. Версию менять только через npm update / пересборку lockfile; самостоятельный апгрейд может нарушить peer-зависимости родителя.
@typescript-eslint/visitor-keys;8.70.0;8.70.0;https://www.npmjs.com/package/%40typescript-eslint%2Fvisitor-keys;npm install @typescript-eslint/visitor-keys@8.70.0;@typescript-eslint/eslint-plugin, @typescript-eslint/parser, @typescript-eslint/scope-manager, @typescript-eslint/typescript-estree;Транзитивная зависимость. Версию менять только через npm update / пересборку lockfile; самостоятельный апгрейд может нарушить peer-зависимости родителя.
@ungap/structured-clone;1.4.0;1.4.0;https://www.npmjs.com/package/%40ungap%2Fstructured-clone;npm install @ungap/structured-clone@1.4.0;jest-worker;Транзитивная зависимость. Версию менять только через npm update / пересборку lockfile; самостоятельный апгрейд может нарушить peer-зависимости родителя.
@unrs/resolver-binding-android-arm-eabi;1.12.2;1.12.2;https://www.npmjs.com/package/%40unrs%2Fresolver-binding-android-arm-eabi;npm install @unrs/resolver-binding-android-arm-eabi@1.12.2;transitive (не определено по lockfile);Транзитивная зависимость. Версию менять только через npm update / пересборку lockfile; самостоятельный апгрейд может нарушить peer-зависимости родителя.
@unrs/resolver-binding-android-arm64;1.12.2;1.12.2;https://www.npmjs.com/package/%40unrs%2Fresolver-binding-android-arm64;npm install @unrs/resolver-binding-android-arm64@1.12.2;transitive (не определено по lockfile);Транзитивная зависимость. Версию менять только через npm update / пересборку lockfile; самостоятельный апгрейд может нарушить peer-зависимости родителя.
@unrs/resolver-binding-darwin-arm64;1.12.2;1.12.2;https://www.npmjs.com/package/%40unrs%2Fresolver-binding-darwin-arm64;npm install @unrs/resolver-binding-darwin-arm64@1.12.2;transitive (не определено по lockfile);Транзитивная зависимость. Версию менять только через npm update / пересборку lockfile; самостоятельный апгрейд может нарушить peer-зависимости родителя.
@unrs/resolver-binding-darwin-x64;1.12.2;1.12.2;https://www.npmjs.com/package/%40unrs%2Fresolver-binding-darwin-x64;npm install @unrs/resolver-binding-darwin-x64@1.12.2;transitive (не определено по lockfile);Транзитивная зависимость. Версию менять только через npm update / пересборку lockfile; самостоятельный апгрейд может нарушить peer-зависимости родителя.
@unrs/resolver-binding-freebsd-x64;1.12.2;1.12.2;https://www.npmjs.com/package/%40unrs%2Fresolver-binding-freebsd-x64;npm install @unrs/resolver-binding-freebsd-x64@1.12.2;transitive (не определено по lockfile);Транзитивная зависимость. Версию менять только через npm update / пересборку lockfile; самостоятельный апгрейд может нарушить peer-зависимости родителя.
@unrs/resolver-binding-linux-arm-gnueabihf;1.12.2;1.12.2;https://www.npmjs.com/package/%40unrs%2Fresolver-binding-linux-arm-gnueabihf;npm install @unrs/resolver-binding-linux-arm-gnueabihf@1.12.2;transitive (не определено по lockfile);Транзитивная зависимость. Версию менять только через npm update / пересборку lockfile; самостоятельный апгрейд может нарушить peer-зависимости родителя.
@unrs/resolver-binding-linux-arm-musleabihf;1.12.2;1.12.2;https://www.npmjs.com/package/%40unrs%2Fresolver-binding-linux-arm-musleabihf;npm install @unrs/resolver-binding-linux-arm-musleabihf@1.12.2;transitive (не определено по lockfile);Транзитивная зависимость. Версию менять только через npm update / пересборку lockfile; самостоятельный апгрейд может нарушить peer-зависимости родителя.
@unrs/resolver-binding-linux-arm64-gnu;1.12.2;1.12.2;https://www.npmjs.com/package/%40unrs%2Fresolver-binding-linux-arm64-gnu;npm install @unrs/resolver-binding-linux-arm64-gnu@1.12.2;transitive (не определено по lockfile);Транзитивная зависимость. Версию менять только через npm update / пересборку lockfile; самостоятельный апгрейд может нарушить peer-зависимости родителя.
@unrs/resolver-binding-linux-arm64-musl;1.12.2;1.12.2;https://www.npmjs.com/package/%40unrs%2Fresolver-binding-linux-arm64-musl;npm install @unrs/resolver-binding-linux-arm64-musl@1.12.2;transitive (не определено по lockfile);Транзитивная зависимость. Версию менять только через npm update / пересборку lockfile; самостоятельный апгрейд может нарушить peer-зависимости родителя.
@unrs/resolver-binding-linux-loong64-gnu;1.12.2;1.12.2;https://www.npmjs.com/package/%40unrs%2Fresolver-binding-linux-loong64-gnu;npm install @unrs/resolver-binding-linux-loong64-gnu@1.12.2;transitive (не определено по lockfile);Транзитивная зависимость. Версию менять только через npm update / пересборку lockfile; самостоятельный апгрейд может нарушить peer-зависимости родителя.
@unrs/resolver-binding-linux-loong64-musl;1.12.2;1.12.2;https://www.npmjs.com/package/%40unrs%2Fresolver-binding-linux-loong64-musl;npm install @unrs/resolver-binding-linux-loong64-musl@1.12.2;transitive (не определено по lockfile);Транзитивная зависимость. Версию менять только через npm update / пересборку lockfile; самостоятельный апгрейд может нарушить peer-зависимости родителя.
@unrs/resolver-binding-linux-ppc64-gnu;1.12.2;1.12.2;https://www.npmjs.com/package/%40unrs%2Fresolver-binding-linux-ppc64-gnu;npm install @unrs/resolver-binding-linux-ppc64-gnu@1.12.2;transitive (не определено по lockfile);Транзитивная зависимость. Версию менять только через npm update / пересборку lockfile; самостоятельный апгрейд может нарушить peer-зависимости родителя.
@unrs/resolver-binding-linux-riscv64-gnu;1.12.2;1.12.2;https://www.npmjs.com/package/%40unrs%2Fresolver-binding-linux-riscv64-gnu;npm install @unrs/resolver-binding-linux-riscv64-gnu@1.12.2;transitive (не определено по lockfile);Транзитивная зависимость. Версию менять только через npm update / пересборку lockfile; самостоятельный апгрейд может нарушить peer-зависимости родителя.
@unrs/resolver-binding-linux-riscv64-musl;1.12.2;1.12.2;https://www.npmjs.com/package/%40unrs%2Fresolver-binding-linux-riscv64-musl;npm install @unrs/resolver-binding-linux-riscv64-musl@1.12.2;transitive (не определено по lockfile);Транзитивная зависимость. Версию менять только через npm update / пересборку lockfile; самостоятельный апгрейд может нарушить peer-зависимости родителя.
@unrs/resolver-binding-linux-s390x-gnu;1.12.2;1.12.2;https://www.npmjs.com/package/%40unrs%2Fresolver-binding-linux-s390x-gnu;npm install @unrs/resolver-binding-linux-s390x-gnu@1.12.2;transitive (не определено по lockfile);Транзитивная зависимость. Версию менять только через npm update / пересборку lockfile; самостоятельный апгрейд может нарушить peer-зависимости родителя.
@unrs/resolver-binding-linux-x64-gnu;1.12.2;1.12.2;https://www.npmjs.com/package/%40unrs%2Fresolver-binding-linux-x64-gnu;npm install @unrs/resolver-binding-linux-x64-gnu@1.12.2;transitive (не определено по lockfile);Транзитивная зависимость. Версию менять только через npm update / пересборку lockfile; самостоятельный апгрейд может нарушить peer-зависимости родителя.
@unrs/resolver-binding-linux-x64-musl;1.12.2;1.12.2;https://www.npmjs.com/package/%40unrs%2Fresolver-binding-linux-x64-musl;npm install @unrs/resolver-binding-linux-x64-musl@1.12.2;transitive (не определено по lockfile);Транзитивная зависимость. Версию менять только через npm update / пересборку lockfile; самостоятельный апгрейд может нарушить peer-зависимости родителя.
@unrs/resolver-binding-openharmony-arm64;1.12.2;1.12.2;https://www.npmjs.com/package/%40unrs%2Fresolver-binding-openharmony-arm64;npm install @unrs/resolver-binding-openharmony-arm64@1.12.2;transitive (не определено по lockfile);Транзитивная зависимость. Версию менять только через npm update / пересборку lockfile; самостоятельный апгрейд может нарушить peer-зависимости родителя.
@unrs/resolver-binding-wasm32-wasi;1.12.2;1.12.2;https://www.npmjs.com/package/%40unrs%2Fresolver-binding-wasm32-wasi;npm install @unrs/resolver-binding-wasm32-wasi@1.12.2;transitive (не определено по lockfile);Транзитивная зависимость. Версию менять только через npm update / пересборку lockfile; самостоятельный апгрейд может нарушить peer-зависимости родителя.
@unrs/resolver-binding-win32-arm64-msvc;1.12.2;1.12.2;https://www.npmjs.com/package/%40unrs%2Fresolver-binding-win32-arm64-msvc;npm install @unrs/resolver-binding-win32-arm64-msvc@1.12.2;transitive (не определено по lockfile);Транзитивная зависимость. Версию менять только через npm update / пересборку lockfile; самостоятельный апгрейд может нарушить peer-зависимости родителя.
@unrs/resolver-binding-win32-ia32-msvc;1.12.2;1.12.2;https://www.npmjs.com/package/%40unrs%2Fresolver-binding-win32-ia32-msvc;npm install @unrs/resolver-binding-win32-ia32-msvc@1.12.2;transitive (не определено по lockfile);Транзитивная зависимость. Версию менять только через npm update / пересборку lockfile; самостоятельный апгрейд может нарушить peer-зависимости родителя.
@unrs/resolver-binding-win32-x64-msvc;1.12.2;1.12.2;https://www.npmjs.com/package/%40unrs%2Fresolver-binding-win32-x64-msvc;npm install @unrs/resolver-binding-win32-x64-msvc@1.12.2;transitive (не определено по lockfile);Транзитивная зависимость. Версию менять только через npm update / пересборку lockfile; самостоятельный апгрейд может нарушить peer-зависимости родителя.
@vitejs/plugin-basic-ssl;2.3.0;2.3.0;https://www.npmjs.com/package/%40vitejs%2Fplugin-basic-ssl;npm install @vitejs/plugin-basic-ssl@2.3.0;@angular/build;Транзитивная зависимость. Версию менять только через npm update / пересборку lockfile; самостоятельный апгрейд может нарушить peer-зависимости родителя.
@webassemblyjs/ast;1.14.1;1.14.1;https://www.npmjs.com/package/%40webassemblyjs%2Fast;npm install @webassemblyjs/ast@1.14.1;@webassemblyjs/helper-wasm-section, @webassemblyjs/wasm-edit, @webassemblyjs/wasm-gen, @webassemblyjs/wasm-opt, @webassemblyjs/wasm-parser, @webassemblyjs/wast-printer, webpack;Транзитивная зависимость. Версию менять только через npm update / пересборку lockfile; самостоятельный апгрейд может нарушить peer-зависимости родителя.
@webassemblyjs/floating-point-hex-parser;1.13.2;1.13.2;https://www.npmjs.com/package/%40webassemblyjs%2Ffloating-point-hex-parser;npm install @webassemblyjs/floating-point-hex-parser@1.13.2;@webassemblyjs/helper-numbers;Транзитивная зависимость. Версию менять только через npm update / пересборку lockfile; самостоятельный апгрейд может нарушить peer-зависимости родителя.
@webassemblyjs/helper-api-error;1.13.2;1.13.2;https://www.npmjs.com/package/%40webassemblyjs%2Fhelper-api-error;npm install @webassemblyjs/helper-api-error@1.13.2;@webassemblyjs/helper-numbers, @webassemblyjs/wasm-parser;Транзитивная зависимость. Версию менять только через npm update / пересборку lockfile; самостоятельный апгрейд может нарушить peer-зависимости родителя.
@webassemblyjs/helper-buffer;1.14.1;1.14.1;https://www.npmjs.com/package/%40webassemblyjs%2Fhelper-buffer;npm install @webassemblyjs/helper-buffer@1.14.1;@webassemblyjs/helper-wasm-section, @webassemblyjs/wasm-edit, @webassemblyjs/wasm-opt;Транзитивная зависимость. Версию менять только через npm update / пересборку lockfile; самостоятельный апгрейд может нарушить peer-зависимости родителя.
@webassemblyjs/helper-numbers;1.13.2;1.13.2;https://www.npmjs.com/package/%40webassemblyjs%2Fhelper-numbers;npm install @webassemblyjs/helper-numbers@1.13.2;@webassemblyjs/ast;Транзитивная зависимость. Версию менять только через npm update / пересборку lockfile; самостоятельный апгрейд может нарушить peer-зависимости родителя.
@webassemblyjs/helper-wasm-bytecode;1.13.2;1.13.2;https://www.npmjs.com/package/%40webassemblyjs%2Fhelper-wasm-bytecode;npm install @webassemblyjs/helper-wasm-bytecode@1.13.2;@webassemblyjs/ast, @webassemblyjs/helper-wasm-section, @webassemblyjs/wasm-edit, @webassemblyjs/wasm-gen, @webassemblyjs/wasm-parser;Транзитивная зависимость. Версию менять только через npm update / пересборку lockfile; самостоятельный апгрейд может нарушить peer-зависимости родителя.
@webassemblyjs/helper-wasm-section;1.14.1;1.14.1;https://www.npmjs.com/package/%40webassemblyjs%2Fhelper-wasm-section;npm install @webassemblyjs/helper-wasm-section@1.14.1;@webassemblyjs/wasm-edit;Транзитивная зависимость. Версию менять только через npm update / пересборку lockfile; самостоятельный апгрейд может нарушить peer-зависимости родителя.
@webassemblyjs/ieee754;1.13.2;1.13.2;https://www.npmjs.com/package/%40webassemblyjs%2Fieee754;npm install @webassemblyjs/ieee754@1.13.2;@webassemblyjs/wasm-gen, @webassemblyjs/wasm-parser;Транзитивная зависимость. Версию менять только через npm update / пересборку lockfile; самостоятельный апгрейд может нарушить peer-зависимости родителя.
@webassemblyjs/leb128;1.13.2;1.13.2;https://www.npmjs.com/package/%40webassemblyjs%2Fleb128;npm install @webassemblyjs/leb128@1.13.2;@webassemblyjs/wasm-gen, @webassemblyjs/wasm-parser;Транзитивная зависимость. Версию менять только через npm update / пересборку lockfile; самостоятельный апгрейд может нарушить peer-зависимости родителя.
@webassemblyjs/utf8;1.13.2;1.13.2;https://www.npmjs.com/package/%40webassemblyjs%2Futf8;npm install @webassemblyjs/utf8@1.13.2;@webassemblyjs/wasm-gen, @webassemblyjs/wasm-parser;Транзитивная зависимость. Версию менять только через npm update / пересборку lockfile; самостоятельный апгрейд может нарушить peer-зависимости родителя.
@webassemblyjs/wasm-edit;1.14.1;1.14.1;https://www.npmjs.com/package/%40webassemblyjs%2Fwasm-edit;npm install @webassemblyjs/wasm-edit@1.14.1;webpack;Транзитивная зависимость. Версию менять только через npm update / пересборку lockfile; самостоятельный апгрейд может нарушить peer-зависимости родителя.
@webassemblyjs/wasm-gen;1.14.1;1.14.1;https://www.npmjs.com/package/%40webassemblyjs%2Fwasm-gen;npm install @webassemblyjs/wasm-gen@1.14.1;@webassemblyjs/helper-wasm-section, @webassemblyjs/wasm-edit, @webassemblyjs/wasm-opt;Транзитивная зависимость. Версию менять только через npm update / пересборку lockfile; самостоятельный апгрейд может нарушить peer-зависимости родителя.
@webassemblyjs/wasm-opt;1.14.1;1.14.1;https://www.npmjs.com/package/%40webassemblyjs%2Fwasm-opt;npm install @webassemblyjs/wasm-opt@1.14.1;@webassemblyjs/wasm-edit;Транзитивная зависимость. Версию менять только через npm update / пересборку lockfile; самостоятельный апгрейд может нарушить peer-зависимости родителя.
@webassemblyjs/wasm-parser;1.14.1;1.14.1;https://www.npmjs.com/package/%40webassemblyjs%2Fwasm-parser;npm install @webassemblyjs/wasm-parser@1.14.1;@webassemblyjs/wasm-edit, @webassemblyjs/wasm-opt, webpack;Транзитивная зависимость. Версию менять только через npm update / пересборку lockfile; самостоятельный апгрейд может нарушить peer-зависимости родителя.
@webassemblyjs/wast-printer;1.14.1;1.14.1;https://www.npmjs.com/package/%40webassemblyjs%2Fwast-printer;npm install @webassemblyjs/wast-printer@1.14.1;@webassemblyjs/wasm-edit;Транзитивная зависимость. Версию менять только через npm update / пересборку lockfile; самостоятельный апгрейд может нарушить peer-зависимости родителя.
@xtuc/ieee754;1.2.0;1.2.0;https://www.npmjs.com/package/%40xtuc%2Fieee754;npm install @xtuc/ieee754@1.2.0;@webassemblyjs/ieee754;Транзитивная зависимость. Версию менять только через npm update / пересборку lockfile; самостоятельный апгрейд может нарушить peer-зависимости родителя.
@xtuc/long;4.2.2;4.2.2;https://www.npmjs.com/package/%40xtuc%2Flong;npm install @xtuc/long@4.2.2;@webassemblyjs/helper-numbers, @webassemblyjs/leb128, @webassemblyjs/wast-printer;Транзитивная зависимость. Версию менять только через npm update / пересборку lockfile; самостоятельный апгрейд может нарушить peer-зависимости родителя.
accepts;2.0.0;2.0.0;https://www.npmjs.com/package/accepts;npm install accepts@2.0.0;express, serve-index;Транзитивная зависимость. Версию менять только через npm update / пересборку lockfile; самостоятельный апгрейд может нарушить peer-зависимости родителя.
acorn;8.18.0;8.18.0;https://www.npmjs.com/package/acorn;npm install acorn@8.18.0;espree, terser, webpack;Транзитивная зависимость. Версию менять только через npm update / пересборку lockfile; самостоятельный апгрейд может нарушить peer-зависимости родителя.
acorn-jsx;5.3.2;5.3.2;https://www.npmjs.com/package/acorn-jsx;npm install acorn-jsx@5.3.2;espree;Транзитивная зависимость. Версию менять только через npm update / пересборку lockfile; самостоятельный апгрейд может нарушить peer-зависимости родителя.
adjust-sourcemap-loader;4.0.0;4.0.0;https://www.npmjs.com/package/adjust-sourcemap-loader;npm install adjust-sourcemap-loader@4.0.0;resolve-url-loader;Транзитивная зависимость. Версию менять только через npm update / пересборку lockfile; самостоятельный апгрейд может нарушить peer-зависимости родителя.
adm-zip;0.6.0;0.6.0;https://www.npmjs.com/package/adm-zip;npm install adm-zip@0.6.0;@module-federation/dts-plugin;Транзитивная зависимость. Версию менять только через npm update / пересборку lockfile; самостоятельный апгрейд может нарушить peer-зависимости родителя.
agent-base;9.0.0;9.0.0;https://www.npmjs.com/package/agent-base;npm install agent-base@9.0.0;http-proxy-agent, https-proxy-agent;Транзитивная зависимость. Версию менять только через npm update / пересборку lockfile; самостоятельный апгрейд может нарушить peer-зависимости родителя.
ajv;8.20.0;8.20.0;https://www.npmjs.com/package/ajv;npm install ajv@8.20.0;@angular-devkit/core, @modelcontextprotocol/sdk, ajv-formats, eslint, schema-utils;Транзитивная зависимость. Версию менять только через npm update / пересборку lockfile; самостоятельный апгрейд может нарушить peer-зависимости родителя.
ajv-formats;3.0.1;3.0.1;https://www.npmjs.com/package/ajv-formats;npm install ajv-formats@3.0.1;@angular-devkit/core, @modelcontextprotocol/sdk, schema-utils;Транзитивная зависимость. Версию менять только через npm update / пересборку lockfile; самостоятельный апгрейд может нарушить peer-зависимости родителя.
ajv-keywords;5.1.0;5.1.0;https://www.npmjs.com/package/ajv-keywords;npm install ajv-keywords@5.1.0;schema-utils;Транзитивная зависимость. Версию менять только через npm update / пересборку lockfile; самостоятельный апгрейд может нарушить peer-зависимости родителя.
ansi-colors;4.1.3;4.1.3;https://www.npmjs.com/package/ansi-colors;npm install ansi-colors@4.1.3;@angular-devkit/build-angular;Транзитивная зависимость. Версию менять только через npm update / пересборку lockfile; самостоятельный апгрейд может нарушить peer-зависимости родителя.
ansi-escapes;7.3.0;7.3.0;https://www.npmjs.com/package/ansi-escapes;npm install ansi-escapes@7.3.0;@jest/core, jest-watcher, log-update;Транзитивная зависимость. Версию менять только через npm update / пересборку lockfile; самостоятельный апгрейд может нарушить peer-зависимости родителя.
ansi-html-community;0.0.8;0.0.8;https://www.npmjs.com/package/ansi-html-community;npm install ansi-html-community@0.0.8;webpack-dev-server;Транзитивная зависимость. Версию менять только через npm update / пересборку lockfile; самостоятельный апгрейд может нарушить peer-зависимости родителя.
ansi-regex;6.3.0;6.3.0;https://www.npmjs.com/package/ansi-regex;npm install ansi-regex@6.3.0;strip-ansi, strip-ansi-cjs;Транзитивная зависимость. Версию менять только через npm update / пересборку lockfile; самостоятельный апгрейд может нарушить peer-зависимости родителя.
ansi-styles;6.2.3;6.2.3;https://www.npmjs.com/package/ansi-styles;npm install ansi-styles@6.2.3;chalk, pretty-format, slice-ansi, wrap-ansi, wrap-ansi-cjs;Транзитивная зависимость. Версию менять только через npm update / пересборку lockfile; самостоятельный апгрейд может нарушить peer-зависимости родителя.
anymatch;3.1.3;3.1.3;https://www.npmjs.com/package/anymatch;npm install anymatch@3.1.3;chokidar, jest-haste-map;Транзитивная зависимость. Версию менять только через npm update / пересборку lockfile; самостоятельный апгрейд может нарушить peer-зависимости родителя.
argparse;1.0.10;1.0.10;https://www.npmjs.com/package/argparse;npm install argparse@1.0.10;js-yaml;Транзитивная зависимость. Версию менять только через npm update / пересборку lockfile; самостоятельный апгрейд может нарушить peer-зависимости родителя.
aria-query;5.3.2;5.3.2;https://www.npmjs.com/package/aria-query;npm install aria-query@5.3.2;@angular-eslint/eslint-plugin-template;Транзитивная зависимость. Версию менять только через npm update / пересборку lockfile; самостоятельный апгрейд может нарушить peer-зависимости родителя.
array-flatten;1.1.1;1.1.1;https://www.npmjs.com/package/array-flatten;npm install array-flatten@1.1.1;express;Транзитивная зависимость. Версию менять только через npm update / пересборку lockfile; самостоятельный апгрейд может нарушить peer-зависимости родителя.
asn1js;3.0.10;3.0.10;https://www.npmjs.com/package/asn1js;npm install asn1js@3.0.10;@peculiar/asn1-cms, @peculiar/asn1-csr, @peculiar/asn1-ecc, @peculiar/asn1-pfx, @peculiar/asn1-pkcs8, @peculiar/asn1-pkcs9, @peculiar/asn1-rsa, @peculiar/asn1-schema, @peculiar/asn1-x509, @peculiar/asn1-x509-attr, pkijs;Транзитивная зависимость. Версию менять только через npm update / пересборку lockfile; самостоятельный апгрейд может нарушить peer-зависимости родителя.
autoprefixer;10.5.4;10.5.4;https://www.npmjs.com/package/autoprefixer;npm install autoprefixer@10.5.4;@angular-devkit/build-angular;Транзитивная зависимость. Версию менять только через npm update / пересборку lockfile; самостоятельный апгрейд может нарушить peer-зависимости родителя.
axobject-query;4.1.0;4.1.0;https://www.npmjs.com/package/axobject-query;npm install axobject-query@4.1.0;@angular-eslint/eslint-plugin-template;Транзитивная зависимость. Версию менять только через npm update / пересборку lockfile; самостоятельный апгрейд может нарушить peer-зависимости родителя.
babel-jest;30.5.1;30.5.1;https://www.npmjs.com/package/babel-jest;npm install babel-jest@30.5.1;jest-config;Транзитивная зависимость. Версию менять только через npm update / пересборку lockfile; самостоятельный апгрейд может нарушить peer-зависимости родителя.
babel-loader;10.1.1;10.1.1;https://www.npmjs.com/package/babel-loader;npm install babel-loader@10.1.1;@angular-devkit/build-angular;Транзитивная зависимость. Версию менять только через npm update / пересборку lockfile; самостоятельный апгрейд может нарушить peer-зависимости родителя.
babel-plugin-istanbul;8.0.0;8.0.0;https://www.npmjs.com/package/babel-plugin-istanbul;npm install babel-plugin-istanbul@8.0.0;@jest/transform, babel-jest;Транзитивная зависимость. Версию менять только через npm update / пересборку lockfile; самостоятельный апгрейд может нарушить peer-зависимости родителя.
babel-plugin-jest-hoist;30.5.0;30.5.0;https://www.npmjs.com/package/babel-plugin-jest-hoist;npm install babel-plugin-jest-hoist@30.5.0;babel-preset-jest;Транзитивная зависимость. Версию менять только через npm update / пересборку lockfile; самостоятельный апгрейд может нарушить peer-зависимости родителя.
babel-plugin-polyfill-corejs3;1.0.0;1.0.0;https://www.npmjs.com/package/babel-plugin-polyfill-corejs3;npm install babel-plugin-polyfill-corejs3@1.0.0;@babel/preset-env;Транзитивная зависимость. Версию менять только через npm update / пересборку lockfile; самостоятельный апгрейд может нарушить peer-зависимости родителя.
babel-preset-current-node-syntax;1.2.0;1.2.0;https://www.npmjs.com/package/babel-preset-current-node-syntax;npm install babel-preset-current-node-syntax@1.2.0;babel-preset-jest, jest-snapshot;Транзитивная зависимость. Версию менять только через npm update / пересборку lockfile; самостоятельный апгрейд может нарушить peer-зависимости родителя.
babel-preset-jest;30.5.0;30.5.0;https://www.npmjs.com/package/babel-preset-jest;npm install babel-preset-jest@30.5.0;babel-jest;Транзитивная зависимость. Версию менять только через npm update / пересборку lockfile; самостоятельный апгрейд может нарушить peer-зависимости родителя.
balanced-match;4.0.4;4.0.4;https://www.npmjs.com/package/balanced-match;npm install balanced-match@4.0.4;brace-expansion;Транзитивная зависимость. Версию менять только через npm update / пересборку lockfile; самостоятельный апгрейд может нарушить peer-зависимости родителя.
baseline-browser-mapping;2.11.22;2.11.22;https://www.npmjs.com/package/baseline-browser-mapping;npm install baseline-browser-mapping@2.11.22;browserslist;Транзитивная зависимость. Версию менять только через npm update / пересборку lockfile; самостоятельный апгрейд может нарушить peer-зависимости родителя.
batch;0.6.1;0.6.1;https://www.npmjs.com/package/batch;npm install batch@0.6.1;serve-index;Транзитивная зависимость. Версию менять только через npm update / пересборку lockfile; самостоятельный апгрейд может нарушить peer-зависимости родителя.
beasties;0.4.3;0.4.3;https://www.npmjs.com/package/beasties;npm install beasties@0.4.3;@angular/build;Транзитивная зависимость. Версию менять только через npm update / пересборку lockfile; самостоятельный апгрейд может нарушить peer-зависимости родителя.
bidi-js;1.1.0;1.1.0;https://www.npmjs.com/package/bidi-js;npm install bidi-js@1.1.0;@asamuzakjp/dom-selector;Транзитивная зависимость. Версию менять только через npm update / пересборку lockfile; самостоятельный апгрейд может нарушить peer-зависимости родителя.
big.js;5.2.2;5.2.2;https://www.npmjs.com/package/big.js;npm install big.js@5.2.2;loader-utils;Транзитивная зависимость. Версию менять только через npm update / пересборку lockfile; самостоятельный апгрейд может нарушить peer-зависимости родителя.
binary-extensions;2.3.0;2.3.0;https://www.npmjs.com/package/binary-extensions;npm install binary-extensions@2.3.0;is-binary-path;Транзитивная зависимость. Версию менять только через npm update / пересборку lockfile; самостоятельный апгрейд может нарушить peer-зависимости родителя.
body-parser;2.3.0;2.3.0;https://www.npmjs.com/package/body-parser;npm install body-parser@2.3.0;express;Транзитивная зависимость. Версию менять только через npm update / пересборку lockfile; самостоятельный апгрейд может нарушить peer-зависимости родителя.
bonjour-service;1.4.4;1.4.4;https://www.npmjs.com/package/bonjour-service;npm install bonjour-service@1.4.4;webpack-dev-server;Транзитивная зависимость. Версию менять только через npm update / пересборку lockfile; самостоятельный апгрейд может нарушить peer-зависимости родителя.
boolbase;1.0.0;1.0.0;https://www.npmjs.com/package/boolbase;npm install boolbase@1.0.0;css-select, nth-check;Транзитивная зависимость. Версию менять только через npm update / пересборку lockfile; самостоятельный апгрейд может нарушить peer-зависимости родителя.
brace-expansion;5.0.9;5.0.9;https://www.npmjs.com/package/brace-expansion;npm install brace-expansion@5.0.9;minimatch;Транзитивная зависимость. Версию менять только через npm update / пересборку lockfile; самостоятельный апгрейд может нарушить peer-зависимости родителя.
braces;3.0.3;3.0.3;https://www.npmjs.com/package/braces;npm install braces@3.0.3;chokidar, micromatch;Транзитивная зависимость. Версию менять только через npm update / пересборку lockfile; самостоятельный апгрейд может нарушить peer-зависимости родителя.
browserslist;4.28.9;4.28.9;https://www.npmjs.com/package/browserslist;npm install browserslist@4.28.9;@angular-devkit/build-angular, @angular/build, @babel/helper-compilation-targets, autoprefixer, core-js-compat, webpack;Транзитивная зависимость. Версию менять только через npm update / пересборку lockfile; самостоятельный апгрейд может нарушить peer-зависимости родителя.
bs-logger;0.2.6;0.2.6;https://www.npmjs.com/package/bs-logger;npm install bs-logger@0.2.6;jest-preset-angular, ts-jest;Транзитивная зависимость. Версию менять только через npm update / пересборку lockfile; самостоятельный апгрейд может нарушить peer-зависимости родителя.
bser;2.1.1;2.1.1;https://www.npmjs.com/package/bser;npm install bser@2.1.1;fb-watchman;Транзитивная зависимость. Версию менять только через npm update / пересборку lockfile; самостоятельный апгрейд может нарушить peer-зависимости родителя.
buffer-from;1.1.2;1.1.2;https://www.npmjs.com/package/buffer-from;npm install buffer-from@1.1.2;source-map-support;Транзитивная зависимость. Версию менять только через npm update / пересборку lockfile; самостоятельный апгрейд может нарушить peer-зависимости родителя.
bundle-name;4.1.0;4.1.0;https://www.npmjs.com/package/bundle-name;npm install bundle-name@4.1.0;default-browser;Транзитивная зависимость. Версию менять только через npm update / пересборку lockfile; самостоятельный апгрейд может нарушить peer-зависимости родителя.
bytes;3.1.2;3.1.2;https://www.npmjs.com/package/bytes;npm install bytes@3.1.2;body-parser, compression, raw-body;Транзитивная зависимость. Версию менять только через npm update / пересборку lockfile; самостоятельный апгрейд может нарушить peer-зависимости родителя.
bytestreamjs;2.0.1;2.0.1;https://www.npmjs.com/package/bytestreamjs;npm install bytestreamjs@2.0.1;pkijs;Транзитивная зависимость. Версию менять только через npm update / пересборку lockfile; самостоятельный апгрейд может нарушить peer-зависимости родителя.
cacheable;2.5.0;2.5.0;https://www.npmjs.com/package/cacheable;npm install cacheable@2.5.0;flat-cache;Транзитивная зависимость. Версию менять только через npm update / пересборку lockfile; самостоятельный апгрейд может нарушить peer-зависимости родителя.
call-bind-apply-helpers;1.0.2;1.0.2;https://www.npmjs.com/package/call-bind-apply-helpers;npm install call-bind-apply-helpers@1.0.2;call-bound, dunder-proto, get-intrinsic;Транзитивная зависимость. Версию менять только через npm update / пересборку lockfile; самостоятельный апгрейд может нарушить peer-зависимости родителя.
call-bound;1.0.4;1.0.4;https://www.npmjs.com/package/call-bound;npm install call-bound@1.0.4;side-channel-map, side-channel-weakmap;Транзитивная зависимость. Версию менять только через npm update / пересборку lockfile; самостоятельный апгрейд может нарушить peer-зависимости родителя.
callsites;3.1.0;3.1.0;https://www.npmjs.com/package/callsites;npm install callsites@3.1.0;@jest/source-map, parent-module;Транзитивная зависимость. Версию менять только через npm update / пересборку lockfile; самостоятельный апгрейд может нарушить peer-зависимости родителя.
camelcase;5.3.1;5.3.1;https://www.npmjs.com/package/camelcase;npm install camelcase@5.3.1;@istanbuljs/load-nyc-config, jest-validate;Транзитивная зависимость. Версию менять только через npm update / пересборку lockfile; самостоятельный апгрейд может нарушить peer-зависимости родителя.
caniuse-lite;1.0.30001810;1.0.30001810;https://www.npmjs.com/package/caniuse-lite;npm install caniuse-lite@1.0.30001810;autoprefixer, browserslist;Транзитивная зависимость. Версию менять только через npm update / пересборку lockfile; самостоятельный апгрейд может нарушить peer-зависимости родителя.
chalk;5.6.2;5.6.2;https://www.npmjs.com/package/chalk;npm install chalk@5.6.2;@angular-architects/module-federation, @jest/console, @jest/core, @jest/reporters, @jest/snapshot-utils, @jest/transform, @jest/types, @softarc/native-federation, babel-jest, jest-circus, jest-cli, jest-config, jest-diff, jest-each, jest-matcher-utils, jest-message-util, jest-resolve, jest-runner, jest-runtime, jest-snapshot, jest-util, jest-validate, jest-watcher, ora;Транзитивная зависимость. Версию менять только через npm update / пересборку lockfile; самостоятельный апгрейд может нарушить peer-зависимости родителя.
char-regex;1.0.2;1.0.2;https://www.npmjs.com/package/char-regex;npm install char-regex@1.0.2;string-length;Транзитивная зависимость. Версию менять только через npm update / пересборку lockfile; самостоятельный апгрейд может нарушить peer-зависимости родителя.
chardet;2.2.0;2.2.0;https://www.npmjs.com/package/chardet;npm install chardet@2.2.0;@inquirer/external-editor;Транзитивная зависимость. Версию менять только через npm update / пересборку lockfile; самостоятельный апгрейд может нарушить peer-зависимости родителя.
chokidar;5.0.0;5.0.0;https://www.npmjs.com/package/chokidar;npm install chokidar@5.0.0;@angular/compiler-cli, sass, webpack-dev-server;Транзитивная зависимость. Версию менять только через npm update / пересборку lockfile; самостоятельный апгрейд может нарушить peer-зависимости родителя.
chrome-trace-event;1.0.4;1.0.4;https://www.npmjs.com/package/chrome-trace-event;npm install chrome-trace-event@1.0.4;webpack;Транзитивная зависимость. Версию менять только через npm update / пересборку lockfile; самостоятельный апгрейд может нарушить peer-зависимости родителя.
ci-info;4.4.0;4.4.0;https://www.npmjs.com/package/ci-info;npm install ci-info@4.4.0;@jest/core, jest-config, jest-util;Транзитивная зависимость. Версию менять только через npm update / пересборку lockfile; самостоятельный апгрейд может нарушить peer-зависимости родителя.
cjs-module-lexer;1.4.3;1.4.3;https://www.npmjs.com/package/cjs-module-lexer;npm install cjs-module-lexer@1.4.3;@chialab/estransform, jest-runtime;Транзитивная зависимость. Версию менять только через npm update / пересборку lockfile; самостоятельный апгрейд может нарушить peer-зависимости родителя.
cli-cursor;5.0.0;5.0.0;https://www.npmjs.com/package/cli-cursor;npm install cli-cursor@5.0.0;log-update, ora;Транзитивная зависимость. Версию менять только через npm update / пересборку lockfile; самостоятельный апгрейд может нарушить peer-зависимости родителя.
cli-spinners;3.4.0;3.4.0;https://www.npmjs.com/package/cli-spinners;npm install cli-spinners@3.4.0;ora;Транзитивная зависимость. Версию менять только через npm update / пересборку lockfile; самостоятельный апгрейд может нарушить peer-зависимости родителя.
cli-truncate;6.1.1;6.1.1;https://www.npmjs.com/package/cli-truncate;npm install cli-truncate@6.1.1;listr2;Транзитивная зависимость. Версию менять только через npm update / пересборку lockfile; самостоятельный апгрейд может нарушить peer-зависимости родителя.
cli-width;4.1.0;4.1.0;https://www.npmjs.com/package/cli-width;npm install cli-width@4.1.0;@inquirer/core;Транзитивная зависимость. Версию менять только через npm update / пересборку lockfile; самостоятельный апгрейд может нарушить peer-зависимости родителя.
cliui;9.0.1;9.0.1;https://www.npmjs.com/package/cliui;npm install cliui@9.0.1;yargs;Транзитивная зависимость. Версию менять только через npm update / пересборку lockfile; самостоятельный апгрейд может нарушить peer-зависимости родителя.
clone-deep;4.0.1;4.0.1;https://www.npmjs.com/package/clone-deep;npm install clone-deep@4.0.1;webpack-merge;Транзитивная зависимость. Версию менять только через npm update / пересборку lockfile; самостоятельный апгрейд может нарушить peer-зависимости родителя.
co;4.6.0;4.6.0;https://www.npmjs.com/package/co;npm install co@4.6.0;jest-circus;Транзитивная зависимость. Версию менять только через npm update / пересборку lockfile; самостоятельный апгрейд может нарушить peer-зависимости родителя.
collect-v8-coverage;1.0.3;1.0.3;https://www.npmjs.com/package/collect-v8-coverage;npm install collect-v8-coverage@1.0.3;@jest/reporters, @jest/test-result, jest-runtime;Транзитивная зависимость. Версию менять только через npm update / пересборку lockfile; самостоятельный апгрейд может нарушить peer-зависимости родителя.
color-convert;2.0.1;2.0.1;https://www.npmjs.com/package/color-convert;npm install color-convert@2.0.1;ansi-styles;Транзитивная зависимость. Версию менять только через npm update / пересборку lockfile; самостоятельный апгрейд может нарушить peer-зависимости родителя.
color-name;1.1.4;1.1.4;https://www.npmjs.com/package/color-name;npm install color-name@1.1.4;color-convert;Транзитивная зависимость. Версию менять только через npm update / пересборку lockfile; самостоятельный апгрейд может нарушить peer-зависимости родителя.
colorette;2.0.20;2.0.20;https://www.npmjs.com/package/colorette;npm install colorette@2.0.20;webpack-dev-middleware, webpack-dev-server;Транзитивная зависимость. Версию менять только через npm update / пересборку lockfile; самостоятельный апгрейд может нарушить peer-зависимости родителя.
commander;11.1.0;11.1.0;https://www.npmjs.com/package/commander;npm install commander@11.1.0;@module-federation/cli, terser;Транзитивная зависимость. Версию менять только через npm update / пересборку lockfile; самостоятельный апгрейд может нарушить peer-зависимости родителя.
compressible;2.0.18;2.0.18;https://www.npmjs.com/package/compressible;npm install compressible@2.0.18;compression;Транзитивная зависимость. Версию менять только через npm update / пересборку lockfile; самостоятельный апгрейд может нарушить peer-зависимости родителя.
compression;1.8.1;1.8.1;https://www.npmjs.com/package/compression;npm install compression@1.8.1;webpack-dev-server;Транзитивная зависимость. Версию менять только через npm update / пересборку lockfile; самостоятельный апгрейд может нарушить peer-зависимости родителя.
connect-history-api-fallback;2.0.0;2.0.0;https://www.npmjs.com/package/connect-history-api-fallback;npm install connect-history-api-fallback@2.0.0;webpack-dev-server;Транзитивная зависимость. Версию менять только через npm update / пересборку lockfile; самостоятельный апгрейд может нарушить peer-зависимости родителя.
content-disposition;1.1.0;1.1.0;https://www.npmjs.com/package/content-disposition;npm install content-disposition@1.1.0;express;Транзитивная зависимость. Версию менять только через npm update / пересборку lockfile; самостоятельный апгрейд может нарушить peer-зависимости родителя.
content-type;1.0.5;1.0.5;https://www.npmjs.com/package/content-type;npm install content-type@1.0.5;@modelcontextprotocol/sdk, body-parser, express, negotiator, type-is;Транзитивная зависимость. Версию менять только через npm update / пересборку lockfile; самостоятельный апгрейд может нарушить peer-зависимости родителя.
convert-source-map;1.9.0;1.9.0;https://www.npmjs.com/package/convert-source-map;npm install convert-source-map@1.9.0;@angular/compiler-cli, @babel/core, @jest/source-map, @jest/transform, resolve-url-loader, v8-to-istanbul;Транзитивная зависимость. Версию менять только через npm update / пересборку lockfile; самостоятельный апгрейд может нарушить peer-зависимости родителя.
cookie;0.7.2;0.7.2;https://www.npmjs.com/package/cookie;npm install cookie@0.7.2;express;Транзитивная зависимость. Версию менять только через npm update / пересборку lockfile; самостоятельный апгрейд может нарушить peer-зависимости родителя.
cookie-signature;1.2.2;1.2.2;https://www.npmjs.com/package/cookie-signature;npm install cookie-signature@1.2.2;express;Транзитивная зависимость. Версию менять только через npm update / пересборку lockfile; самостоятельный апгрейд может нарушить peer-зависимости родителя.
copy-anything;3.0.5;3.0.5;https://www.npmjs.com/package/copy-anything;npm install copy-anything@3.0.5;less;Транзитивная зависимость. Версию менять только через npm update / пересборку lockfile; самостоятельный апгрейд может нарушить peer-зависимости родителя.
copy-webpack-plugin;14.0.0;14.0.0;https://www.npmjs.com/package/copy-webpack-plugin;npm install copy-webpack-plugin@14.0.0;@angular-devkit/build-angular;Транзитивная зависимость. Версию менять только через npm update / пересборку lockfile; самостоятельный апгрейд может нарушить peer-зависимости родителя.
core-js-compat;3.50.0;3.50.0;https://www.npmjs.com/package/core-js-compat;npm install core-js-compat@3.50.0;@babel/preset-env, babel-plugin-polyfill-corejs3;Транзитивная зависимость. Версию менять только через npm update / пересборку lockfile; самостоятельный апгрейд может нарушить peer-зависимости родителя.
core-util-is;1.0.3;1.0.3;https://www.npmjs.com/package/core-util-is;npm install core-util-is@1.0.3;readable-stream;Транзитивная зависимость. Версию менять только через npm update / пересборку lockfile; самостоятельный апгрейд может нарушить peer-зависимости родителя.
cors;2.8.6;2.8.6;https://www.npmjs.com/package/cors;npm install cors@2.8.6;@modelcontextprotocol/sdk;Транзитивная зависимость. Версию менять только через npm update / пересборку lockfile; самостоятельный апгрейд может нарушить peer-зависимости родителя.
cosmiconfig;9.0.2;9.0.2;https://www.npmjs.com/package/cosmiconfig;npm install cosmiconfig@9.0.2;postcss-loader;Транзитивная зависимость. Версию менять только через npm update / пересборку lockfile; самостоятельный апгрейд может нарушить peer-зависимости родителя.
cross-spawn;7.0.6;7.0.6;https://www.npmjs.com/package/cross-spawn;npm install cross-spawn@7.0.6;@modelcontextprotocol/sdk, eslint, execa, foreground-child;Транзитивная зависимость. Версию менять только через npm update / пересборку lockfile; самостоятельный апгрейд может нарушить peer-зависимости родителя.
css-loader;7.1.4;7.1.4;https://www.npmjs.com/package/css-loader;npm install css-loader@7.1.4;@angular-devkit/build-angular;Транзитивная зависимость. Версию менять только через npm update / пересборку lockfile; самостоятельный апгрейд может нарушить peer-зависимости родителя.
css-select;6.0.0;6.0.0;https://www.npmjs.com/package/css-select;npm install css-select@6.0.0;beasties;Транзитивная зависимость. Версию менять только через npm update / пересборку lockfile; самостоятельный апгрейд может нарушить peer-зависимости родителя.
css-tree;3.2.1;3.2.1;https://www.npmjs.com/package/css-tree;npm install css-tree@3.2.1;@asamuzakjp/dom-selector, @bramus/specificity, jsdom;Транзитивная зависимость. Версию менять только через npm update / пересборку lockfile; самостоятельный апгрейд может нарушить peer-зависимости родителя.
css-what;7.0.0;7.0.0;https://www.npmjs.com/package/css-what;npm install css-what@7.0.0;beasties, css-select;Транзитивная зависимость. Версию менять только через npm update / пересборку lockfile; самостоятельный апгрейд может нарушить peer-зависимости родителя.
cssesc;3.0.0;3.0.0;https://www.npmjs.com/package/cssesc;npm install cssesc@3.0.0;postcss-selector-parser;Транзитивная зависимость. Версию менять только через npm update / пересборку lockfile; самостоятельный апгрейд может нарушить peer-зависимости родителя.
cssstyle;4.6.0;4.6.0;https://www.npmjs.com/package/cssstyle;npm install cssstyle@4.6.0;jsdom;Транзитивная зависимость. Версию менять только через npm update / пересборку lockfile; самостоятельный апгрейд может нарушить peer-зависимости родителя.
data-uri-to-buffer;4.0.1;4.0.1;https://www.npmjs.com/package/data-uri-to-buffer;npm install data-uri-to-buffer@4.0.1;node-fetch;Транзитивная зависимость. Версию менять только через npm update / пересборку lockfile; самостоятельный апгрейд может нарушить peer-зависимости родителя.
data-urls;7.0.0;7.0.0;https://www.npmjs.com/package/data-urls;npm install data-urls@7.0.0;jsdom;Транзитивная зависимость. Версию менять только через npm update / пересборку lockfile; самостоятельный апгрейд может нарушить peer-зависимости родителя.
debug;4.4.3;4.4.3;https://www.npmjs.com/package/debug;npm install debug@4.4.3;@babel/core, @babel/traverse, @eslint/config-array, @typescript-eslint/parser, @typescript-eslint/project-service, @typescript-eslint/type-utils, @typescript-eslint/typescript-estree, body-parser, compression, eslint, express, express-rate-limit, finalhandler, http-proxy-agent, http-proxy-middleware, https-proxy-agent, istanbul-lib-source-maps, needle, router, send, serve-index, spdy, spdy-transport, stream-parser;Транзитивная зависимость. Версию менять только через npm update / пересборку lockfile; самостоятельный апгрейд может нарушить peer-зависимости родителя.
decimal.js;10.6.0;10.6.0;https://www.npmjs.com/package/decimal.js;npm install decimal.js@10.6.0;jsdom;Транзитивная зависимость. Версию менять только через npm update / пересборку lockfile; самостоятельный апгрейд может нарушить peer-зависимости родителя.
dedent;1.7.2;1.7.2;https://www.npmjs.com/package/dedent;npm install dedent@1.7.2;jest-circus;Транзитивная зависимость. Версию менять только через npm update / пересборку lockfile; самостоятельный апгрейд может нарушить peer-зависимости родителя.
deep-is;0.1.4;0.1.4;https://www.npmjs.com/package/deep-is;npm install deep-is@0.1.4;optionator;Транзитивная зависимость. Версию менять только через npm update / пересборку lockfile; самостоятельный апгрейд может нарушить peer-зависимости родителя.
deepmerge;4.3.1;4.3.1;https://www.npmjs.com/package/deepmerge;npm install deepmerge@4.3.1;jest-config;Транзитивная зависимость. Версию менять только через npm update / пересборку lockfile; самостоятельный апгрейд может нарушить peer-зависимости родителя.
default-browser;5.5.1;5.5.1;https://www.npmjs.com/package/default-browser;npm install default-browser@5.5.1;open;Транзитивная зависимость. Версию менять только через npm update / пересборку lockfile; самостоятельный апгрейд может нарушить peer-зависимости родителя.
default-browser-id;5.0.1;5.0.1;https://www.npmjs.com/package/default-browser-id;npm install default-browser-id@5.0.1;default-browser;Транзитивная зависимость. Версию менять только через npm update / пересборку lockfile; самостоятельный апгрейд может нарушить peer-зависимости родителя.
define-lazy-prop;3.0.0;3.0.0;https://www.npmjs.com/package/define-lazy-prop;npm install define-lazy-prop@3.0.0;open;Транзитивная зависимость. Версию менять только через npm update / пересборку lockfile; самостоятельный апгрейд может нарушить peer-зависимости родителя.
depd;2.0.0;2.0.0;https://www.npmjs.com/package/depd;npm install depd@2.0.0;body-parser, express, http-errors, router, send;Транзитивная зависимость. Версию менять только через npm update / пересборку lockfile; самостоятельный апгрейд может нарушить peer-зависимости родителя.
destroy;1.2.0;1.2.0;https://www.npmjs.com/package/destroy;npm install destroy@1.2.0;body-parser, send;Транзитивная зависимость. Версию менять только через npm update / пересборку lockfile; самостоятельный апгрейд может нарушить peer-зависимости родителя.
detect-libc;1.0.3;1.0.3;https://www.npmjs.com/package/detect-libc;npm install detect-libc@1.0.3;@parcel/source-map, @parcel/watcher, lightningcss, node-gyp-build-optional-packages;Транзитивная зависимость. Версию менять только через npm update / пересборку lockfile; самостоятельный апгрейд может нарушить peer-зависимости родителя.
detect-newline;3.1.0;3.1.0;https://www.npmjs.com/package/detect-newline;npm install detect-newline@3.1.0;jest-docblock;Транзитивная зависимость. Версию менять только через npm update / пересборку lockfile; самостоятельный апгрейд может нарушить peer-зависимости родителя.
detect-node;2.1.0;2.1.0;https://www.npmjs.com/package/detect-node;npm install detect-node@2.1.0;spdy-transport;Транзитивная зависимость. Версию менять только через npm update / пересборку lockfile; самостоятельный апгрейд может нарушить peer-зависимости родителя.
dns-packet;5.6.1;5.6.1;https://www.npmjs.com/package/dns-packet;npm install dns-packet@5.6.1;multicast-dns;Транзитивная зависимость. Версию менять только через npm update / пересборку lockfile; самостоятельный апгрейд может нарушить peer-зависимости родителя.
dom-serializer;2.0.0;2.0.0;https://www.npmjs.com/package/dom-serializer;npm install dom-serializer@2.0.0;beasties, domutils;Транзитивная зависимость. Версию менять только через npm update / пересборку lockfile; самостоятельный апгрейд может нарушить peer-зависимости родителя.
domelementtype;2.3.0;2.3.0;https://www.npmjs.com/package/domelementtype;npm install domelementtype@2.3.0;dom-serializer, domhandler, domutils, htmlparser2;Транзитивная зависимость. Версию менять только через npm update / пересборку lockfile; самостоятельный апгрейд может нарушить peer-зависимости родителя.
domhandler;5.0.3;5.0.3;https://www.npmjs.com/package/domhandler;npm install domhandler@5.0.3;beasties, css-select, dom-serializer, domutils, htmlparser2;Транзитивная зависимость. Версию менять только через npm update / пересборку lockfile; самостоятельный апгрейд может нарушить peer-зависимости родителя.
domutils;3.2.2;3.2.2;https://www.npmjs.com/package/domutils;npm install domutils@3.2.2;css-select, htmlparser2;Транзитивная зависимость. Версию менять только через npm update / пересборку lockfile; самостоятельный апгрейд может нарушить peer-зависимости родителя.
dunder-proto;1.0.1;1.0.1;https://www.npmjs.com/package/dunder-proto;npm install dunder-proto@1.0.1;get-proto;Транзитивная зависимость. Версию менять только через npm update / пересборку lockfile; самостоятельный апгрейд может нарушить peer-зависимости родителя.
eastasianwidth;0.2.0;0.2.0;https://www.npmjs.com/package/eastasianwidth;npm install eastasianwidth@0.2.0;string-width;Транзитивная зависимость. Версию менять только через npm update / пересборку lockfile; самостоятельный апгрейд может нарушить peer-зависимости родителя.
ee-first;1.1.1;1.1.1;https://www.npmjs.com/package/ee-first;npm install ee-first@1.1.1;on-finished;Транзитивная зависимость. Версию менять только через npm update / пересборку lockfile; самостоятельный апгрейд может нарушить peer-зависимости родителя.
electron-to-chromium;1.5.427;1.5.427;https://www.npmjs.com/package/electron-to-chromium;npm install electron-to-chromium@1.5.427;browserslist;Транзитивная зависимость. Версию менять только через npm update / пересборку lockfile; самостоятельный апгрейд может нарушить peer-зависимости родителя.
emittery;0.13.1;0.13.1;https://www.npmjs.com/package/emittery;npm install emittery@0.13.1;jest-runner, jest-watcher;Транзитивная зависимость. Версию менять только через npm update / пересборку lockfile; самостоятельный апгрейд может нарушить peer-зависимости родителя.
emoji-regex;10.6.0;10.6.0;https://www.npmjs.com/package/emoji-regex;npm install emoji-regex@10.6.0;string-width, string-width-cjs;Транзитивная зависимость. Версию менять только через npm update / пересборку lockfile; самостоятельный апгрейд может нарушить peer-зависимости родителя.
emojis-list;3.0.0;3.0.0;https://www.npmjs.com/package/emojis-list;npm install emojis-list@3.0.0;loader-utils;Транзитивная зависимость. Версию менять только через npm update / пересборку lockfile; самостоятельный апгрейд может нарушить peer-зависимости родителя.
empathic;2.0.1;2.0.1;https://www.npmjs.com/package/empathic;npm install empathic@2.0.1;@babel/core;Транзитивная зависимость. Версию менять только через npm update / пересборку lockfile; самостоятельный апгрейд может нарушить peer-зависимости родителя.
encodeurl;2.0.0;2.0.0;https://www.npmjs.com/package/encodeurl;npm install encodeurl@2.0.0;express, finalhandler, send, serve-static;Транзитивная зависимость. Версию менять только через npm update / пересборку lockfile; самостоятельный апгрейд может нарушить peer-зависимости родителя.
enhanced-resolve;5.24.5;5.24.5;https://www.npmjs.com/package/enhanced-resolve;npm install enhanced-resolve@5.24.5;webpack;Транзитивная зависимость. Версию менять только через npm update / пересборку lockfile; самостоятельный апгрейд может нарушить peer-зависимости родителя.
entities;4.5.0;4.5.0;https://www.npmjs.com/package/entities;npm install entities@4.5.0;dom-serializer, htmlparser2, parse5, parse5-html-rewriting-stream;Транзитивная зависимость. Версию менять только через npm update / пересборку lockfile; самостоятельный апгрейд может нарушить peer-зависимости родителя.
env-paths;2.2.1;2.2.1;https://www.npmjs.com/package/env-paths;npm install env-paths@2.2.1;cosmiconfig;Транзитивная зависимость. Версию менять только через npm update / пересборку lockfile; самостоятельный апгрейд может нарушить peer-зависимости родителя.
environment;1.1.0;1.1.0;https://www.npmjs.com/package/environment;npm install environment@1.1.0;ansi-escapes;Транзитивная зависимость. Версию менять только через npm update / пересборку lockfile; самостоятельный апгрейд может нарушить peer-зависимости родителя.
errno;0.1.8;0.1.8;https://www.npmjs.com/package/errno;npm install errno@0.1.8;transitive (не определено по lockfile);Транзитивная зависимость. Версию менять только через npm update / пересборку lockfile; самостоятельный апгрейд может нарушить peer-зависимости родителя.
error-ex;1.3.4;1.3.4;https://www.npmjs.com/package/error-ex;npm install error-ex@1.3.4;parse-json;Транзитивная зависимость. Версию менять только через npm update / пересборку lockfile; самостоятельный апгрейд может нарушить peer-зависимости родителя.
es-define-property;1.0.1;1.0.1;https://www.npmjs.com/package/es-define-property;npm install es-define-property@1.0.1;get-intrinsic, qs;Транзитивная зависимость. Версию менять только через npm update / пересборку lockfile; самостоятельный апгрейд может нарушить peer-зависимости родителя.
es-errors;1.3.0;1.3.0;https://www.npmjs.com/package/es-errors;npm install es-errors@1.3.0;call-bind-apply-helpers, dunder-proto, es-object-atoms, get-intrinsic, side-channel, side-channel-list, side-channel-map, side-channel-weakmap;Транзитивная зависимость. Версию менять только через npm update / пересборку lockfile; самостоятельный апгрейд может нарушить peer-зависимости родителя.
es-module-lexer;1.7.0;1.7.0;https://www.npmjs.com/package/es-module-lexer;npm install es-module-lexer@1.7.0;@chialab/estransform, jest-runtime, webpack;Транзитивная зависимость. Версию менять только через npm update / пересборку lockfile; самостоятельный апгрейд может нарушить peer-зависимости родителя.
es-object-atoms;1.1.2;1.1.2;https://www.npmjs.com/package/es-object-atoms;npm install es-object-atoms@1.1.2;get-intrinsic, get-proto;Транзитивная зависимость. Версию менять только через npm update / пересборку lockfile; самостоятельный апгрейд может нарушить peer-зависимости родителя.
esbuild;0.28.2;0.28.2;https://www.npmjs.com/package/esbuild;npm install esbuild@0.28.2;@angular-architects/native-federation, @angular/build, @softarc/native-federation;Транзитивная зависимость. Версию менять только через npm update / пересборку lockfile; самостоятельный апгрейд может нарушить peer-зависимости родителя.
esbuild-wasm;0.28.2;0.28.2;https://www.npmjs.com/package/esbuild-wasm;npm install esbuild-wasm@0.28.2;@angular-devkit/build-angular, jest-preset-angular;Транзитивная зависимость. Версию менять только через npm update / пересборку lockfile; самостоятельный апгрейд может нарушить peer-зависимости родителя.
escalade;3.2.0;3.2.0;https://www.npmjs.com/package/escalade;npm install escalade@3.2.0;update-browserslist-db, yargs;Транзитивная зависимость. Версию менять только через npm update / пересборку lockfile; самостоятельный апгрейд может нарушить peer-зависимости родителя.
escape-html;1.0.3;1.0.3;https://www.npmjs.com/package/escape-html;npm install escape-html@1.0.3;express, finalhandler, send, serve-index, serve-static;Транзитивная зависимость. Версию менять только через npm update / пересборку lockfile; самостоятельный апгрейд может нарушить peer-зависимости родителя.
escape-string-regexp;4.0.0;4.0.0;https://www.npmjs.com/package/escape-string-regexp;npm install escape-string-regexp@4.0.0;eslint, stack-utils;Транзитивная зависимость. Версию менять только через npm update / пересборку lockfile; самостоятельный апгрейд может нарушить peer-зависимости родителя.
eslint-scope;9.1.2;9.1.2;https://www.npmjs.com/package/eslint-scope;npm install eslint-scope@9.1.2;@angular-eslint/template-parser, eslint, webpack;Транзитивная зависимость. Версию менять только через npm update / пересборку lockfile; самостоятельный апгрейд может нарушить peer-зависимости родителя.
eslint-visitor-keys;3.4.3;3.4.3;https://www.npmjs.com/package/eslint-visitor-keys;npm install eslint-visitor-keys@3.4.3;@eslint-community/eslint-utils, @typescript-eslint/visitor-keys, eslint, espree;Транзитивная зависимость. Версию менять только через npm update / пересборку lockfile; самостоятельный апгрейд может нарушить peer-зависимости родителя.
espree;11.2.0;11.2.0;https://www.npmjs.com/package/espree;npm install espree@11.2.0;eslint;Транзитивная зависимость. Версию менять только через npm update / пересборку lockfile; самостоятельный апгрейд может нарушить peer-зависимости родителя.
esprima;4.0.1;4.0.1;https://www.npmjs.com/package/esprima;npm install esprima@4.0.1;js-yaml;Транзитивная зависимость. Версию менять только через npm update / пересборку lockfile; самостоятельный апгрейд может нарушить peer-зависимости родителя.
esquery;1.7.0;1.7.0;https://www.npmjs.com/package/esquery;npm install esquery@1.7.0;eslint;Транзитивная зависимость. Версию менять только через npm update / пересборку lockfile; самостоятельный апгрейд может нарушить peer-зависимости родителя.
esrecurse;4.3.0;4.3.0;https://www.npmjs.com/package/esrecurse;npm install esrecurse@4.3.0;eslint-scope;Транзитивная зависимость. Версию менять только через npm update / пересборку lockfile; самостоятельный апгрейд может нарушить peer-зависимости родителя.
estraverse;5.3.0;5.3.0;https://www.npmjs.com/package/estraverse;npm install estraverse@5.3.0;eslint-scope, esquery, esrecurse;Транзитивная зависимость. Версию менять только через npm update / пересборку lockfile; самостоятельный апгрейд может нарушить peer-зависимости родителя.
esutils;2.0.3;2.0.3;https://www.npmjs.com/package/esutils;npm install esutils@2.0.3;@babel/preset-modules, eslint;Транзитивная зависимость. Версию менять только через npm update / пересборку lockfile; самостоятельный апгрейд может нарушить peer-зависимости родителя.
etag;1.8.1;1.8.1;https://www.npmjs.com/package/etag;npm install etag@1.8.1;express, send;Транзитивная зависимость. Версию менять только через npm update / пересборку lockfile; самостоятельный апгрейд может нарушить peer-зависимости родителя.
eventemitter3;4.0.7;4.0.7;https://www.npmjs.com/package/eventemitter3;npm install eventemitter3@4.0.7;http-proxy;Транзитивная зависимость. Версию менять только через npm update / пересборку lockfile; самостоятельный апгрейд может нарушить peer-зависимости родителя.
events;3.3.0;3.3.0;https://www.npmjs.com/package/events;npm install events@3.3.0;webpack;Транзитивная зависимость. Версию менять только через npm update / пересборку lockfile; самостоятельный апгрейд может нарушить peer-зависимости родителя.
eventsource;3.0.7;3.0.7;https://www.npmjs.com/package/eventsource;npm install eventsource@3.0.7;@modelcontextprotocol/sdk;Транзитивная зависимость. Версию менять только через npm update / пересборку lockfile; самостоятельный апгрейд может нарушить peer-зависимости родителя.
eventsource-parser;3.1.1;3.1.1;https://www.npmjs.com/package/eventsource-parser;npm install eventsource-parser@3.1.1;@modelcontextprotocol/sdk, eventsource;Транзитивная зависимость. Версию менять только через npm update / пересборку lockfile; самостоятельный апгрейд может нарушить peer-зависимости родителя.
execa;5.1.1;5.1.1;https://www.npmjs.com/package/execa;npm install execa@5.1.1;jest-changed-files;Транзитивная зависимость. Версию менять только через npm update / пересборку lockfile; самостоятельный апгрейд может нарушить peer-зависимости родителя.
exit-x;0.2.2;0.2.2;https://www.npmjs.com/package/exit-x;npm install exit-x@0.2.2;@jest/core, @jest/reporters, jest-cli, jest-runner;Транзитивная зависимость. Версию менять только через npm update / пересборку lockfile; самостоятельный апгрейд может нарушить peer-зависимости родителя.
expect;30.5.1;30.5.1;https://www.npmjs.com/package/expect;npm install expect@30.5.1;@jest/expect, @types/jest, jest-snapshot;Транзитивная зависимость. Версию менять только через npm update / пересборку lockfile; самостоятельный апгрейд может нарушить peer-зависимости родителя.
express;5.2.1;5.2.1;https://www.npmjs.com/package/express;npm install express@5.2.1;@modelcontextprotocol/sdk, webpack-dev-server;Транзитивная зависимость. Версию менять только через npm update / пересборку lockfile; самостоятельный апгрейд может нарушить peer-зависимости родителя.
express-rate-limit;8.7.0;8.7.0;https://www.npmjs.com/package/express-rate-limit;npm install express-rate-limit@8.7.0;@modelcontextprotocol/sdk;Транзитивная зависимость. Версию менять только через npm update / пересборку lockfile; самостоятельный апгрейд может нарушить peer-зависимости родителя.
fast-deep-equal;3.1.3;3.1.3;https://www.npmjs.com/package/fast-deep-equal;npm install fast-deep-equal@3.1.3;ajv, ajv-keywords, bonjour-service, eslint;Транзитивная зависимость. Версию менять только через npm update / пересборку lockfile; самостоятельный апгрейд может нарушить peer-зависимости родителя.
fast-glob;3.3.3;3.3.3;https://www.npmjs.com/package/fast-glob;npm install fast-glob@3.3.3;@softarc/native-federation;Транзитивная зависимость. Версию менять только через npm update / пересборку lockfile; самостоятельный апгрейд может нарушить peer-зависимости родителя.
fast-json-stable-stringify;2.1.0;2.1.0;https://www.npmjs.com/package/fast-json-stable-stringify;npm install fast-json-stable-stringify@2.1.0;@jest/core, @jest/transform, ajv, bs-logger, ts-jest;Транзитивная зависимость. Версию менять только через npm update / пересборку lockfile; самостоятельный апгрейд может нарушить peer-зависимости родителя.
fast-levenshtein;2.0.6;2.0.6;https://www.npmjs.com/package/fast-levenshtein;npm install fast-levenshtein@2.0.6;optionator;Транзитивная зависимость. Версию менять только через npm update / пересборку lockfile; самостоятельный апгрейд может нарушить peer-зависимости родителя.
fast-string-truncated-width;3.0.3;3.0.3;https://www.npmjs.com/package/fast-string-truncated-width;npm install fast-string-truncated-width@3.0.3;fast-string-width;Транзитивная зависимость. Версию менять только через npm update / пересборку lockfile; самостоятельный апгрейд может нарушить peer-зависимости родителя.
fast-string-width;3.0.2;3.0.2;https://www.npmjs.com/package/fast-string-width;npm install fast-string-width@3.0.2;fast-wrap-ansi;Транзитивная зависимость. Версию менять только через npm update / пересборку lockfile; самостоятельный апгрейд может нарушить peer-зависимости родителя.
fast-uri;3.1.7;3.1.7;https://www.npmjs.com/package/fast-uri;npm install fast-uri@3.1.7;ajv;Транзитивная зависимость. Версию менять только через npm update / пересборку lockfile; самостоятельный апгрейд может нарушить peer-зависимости родителя.
fast-wrap-ansi;0.2.2;0.2.2;https://www.npmjs.com/package/fast-wrap-ansi;npm install fast-wrap-ansi@0.2.2;@inquirer/core;Транзитивная зависимость. Версию менять только через npm update / пересборку lockfile; самостоятельный апгрейд может нарушить peer-зависимости родителя.
fastq;1.20.3;1.20.3;https://www.npmjs.com/package/fastq;npm install fastq@1.20.3;@nodelib/fs.walk;Транзитивная зависимость. Версию менять только через npm update / пересборку lockfile; самостоятельный апгрейд может нарушить peer-зависимости родителя.
faye-websocket;0.11.4;0.11.4;https://www.npmjs.com/package/faye-websocket;npm install faye-websocket@0.11.4;sockjs;Транзитивная зависимость. Версию менять только через npm update / пересборку lockfile; самостоятельный апгрейд может нарушить peer-зависимости родителя.
fb-watchman;2.0.2;2.0.2;https://www.npmjs.com/package/fb-watchman;npm install fb-watchman@2.0.2;jest-haste-map;Транзитивная зависимость. Версию менять только через npm update / пересборку lockfile; самостоятельный апгрейд может нарушить peer-зависимости родителя.
fdir;6.5.0;6.5.0;https://www.npmjs.com/package/fdir;npm install fdir@6.5.0;jest-haste-map, tinyglobby;Транзитивная зависимость. Версию менять только через npm update / пересборку lockfile; самостоятельный апгрейд может нарушить peer-зависимости родителя.
fetch-blob;3.2.0;3.2.0;https://www.npmjs.com/package/fetch-blob;npm install fetch-blob@3.2.0;formdata-polyfill, node-fetch;Транзитивная зависимость. Версию менять только через npm update / пересборку lockfile; самостоятельный апгрейд может нарушить peer-зависимости родителя.
file-entry-cache;11.1.5;11.1.5;https://www.npmjs.com/package/file-entry-cache;npm install file-entry-cache@11.1.5;eslint;Транзитивная зависимость. Версию менять только через npm update / пересборку lockfile; самостоятельный апгрейд может нарушить peer-зависимости родителя.
fill-range;7.1.1;7.1.1;https://www.npmjs.com/package/fill-range;npm install fill-range@7.1.1;braces;Транзитивная зависимость. Версию менять только через npm update / пересборку lockfile; самостоятельный апгрейд может нарушить peer-зависимости родителя.
finalhandler;2.1.1;2.1.1;https://www.npmjs.com/package/finalhandler;npm install finalhandler@2.1.1;express;Транзитивная зависимость. Версию менять только через npm update / пересборку lockfile; самостоятельный апгрейд может нарушить peer-зависимости родителя.
find-up;5.0.0;5.0.0;https://www.npmjs.com/package/find-up;npm install find-up@5.0.0;@istanbuljs/load-nyc-config, babel-loader, eslint, pkg-dir;Транзитивная зависимость. Версию менять только через npm update / пересборку lockfile; самостоятельный апгрейд может нарушить peer-зависимости родителя.
flat;5.0.2;5.0.2;https://www.npmjs.com/package/flat;npm install flat@5.0.2;webpack-merge;Транзитивная зависимость. Версию менять только через npm update / пересборку lockfile; самостоятельный апгрейд может нарушить peer-зависимости родителя.
flat-cache;6.1.23;6.1.23;https://www.npmjs.com/package/flat-cache;npm install flat-cache@6.1.23;file-entry-cache;Транзитивная зависимость. Версию менять только через npm update / пересборку lockfile; самостоятельный апгрейд может нарушить peer-зависимости родителя.
flatted;3.4.4;3.4.4;https://www.npmjs.com/package/flatted;npm install flatted@3.4.4;flat-cache;Транзитивная зависимость. Версию менять только через npm update / пересборку lockfile; самостоятельный апгрейд может нарушить peer-зависимости родителя.
follow-redirects;1.16.0;1.16.0;https://www.npmjs.com/package/follow-redirects;npm install follow-redirects@1.16.0;http-proxy;Транзитивная зависимость. Версию менять только через npm update / пересборку lockfile; самостоятельный апгрейд может нарушить peer-зависимости родителя.
foreground-child;3.3.1;3.3.1;https://www.npmjs.com/package/foreground-child;npm install foreground-child@3.3.1;glob;Транзитивная зависимость. Версию менять только через npm update / пересборку lockfile; самостоятельный апгрейд может нарушить peer-зависимости родителя.
formdata-polyfill;4.0.10;4.0.10;https://www.npmjs.com/package/formdata-polyfill;npm install formdata-polyfill@4.0.10;node-fetch;Транзитивная зависимость. Версию менять только через npm update / пересборку lockfile; самостоятельный апгрейд может нарушить peer-зависимости родителя.
forwarded;0.2.0;0.2.0;https://www.npmjs.com/package/forwarded;npm install forwarded@0.2.0;proxy-addr;Транзитивная зависимость. Версию менять только через npm update / пересборку lockfile; самостоятельный апгрейд может нарушить peer-зависимости родителя.
fraction.js;5.3.4;5.3.4;https://www.npmjs.com/package/fraction.js;npm install fraction.js@5.3.4;autoprefixer;Транзитивная зависимость. Версию менять только через npm update / пересборку lockfile; самостоятельный апгрейд может нарушить peer-зависимости родителя.
fresh;2.0.0;2.0.0;https://www.npmjs.com/package/fresh;npm install fresh@2.0.0;express, send;Транзитивная зависимость. Версию менять только через npm update / пересборку lockfile; самостоятельный апгрейд может нарушить peer-зависимости родителя.
fsevents;2.3.3;2.3.3;https://www.npmjs.com/package/fsevents;npm install fsevents@2.3.3;transitive (не определено по lockfile);Транзитивная зависимость. Версию менять только через npm update / пересборку lockfile; самостоятельный апгрейд может нарушить peer-зависимости родителя.
function-bind;1.1.2;1.1.2;https://www.npmjs.com/package/function-bind;npm install function-bind@1.1.2;call-bind-apply-helpers, get-intrinsic, hasown;Транзитивная зависимость. Версию менять только через npm update / пересборку lockfile; самостоятельный апгрейд может нарушить peer-зависимости родителя.
gensync;1.0.0-beta.2;1.0.0-beta.2;https://www.npmjs.com/package/gensync;npm install gensync@1.0.0-beta.2;@babel/core;Транзитивная зависимость. Версию менять только через npm update / пересборку lockfile; самостоятельный апгрейд может нарушить peer-зависимости родителя.
get-caller-file;2.0.5;2.0.5;https://www.npmjs.com/package/get-caller-file;npm install get-caller-file@2.0.5;yargs;Транзитивная зависимость. Версию менять только через npm update / пересборку lockfile; самостоятельный апгрейд может нарушить peer-зависимости родителя.
get-east-asian-width;1.6.0;1.6.0;https://www.npmjs.com/package/get-east-asian-width;npm install get-east-asian-width@1.6.0;is-fullwidth-code-point, string-width;Транзитивная зависимость. Версию менять только через npm update / пересборку lockfile; самостоятельный апгрейд может нарушить peer-зависимости родителя.
get-intrinsic;1.3.0;1.3.0;https://www.npmjs.com/package/get-intrinsic;npm install get-intrinsic@1.3.0;call-bound, side-channel-map, side-channel-weakmap;Транзитивная зависимость. Версию менять только через npm update / пересборку lockfile; самостоятельный апгрейд может нарушить peer-зависимости родителя.
get-package-type;0.1.0;0.1.0;https://www.npmjs.com/package/get-package-type;npm install get-package-type@0.1.0;@istanbuljs/load-nyc-config;Транзитивная зависимость. Версию менять только через npm update / пересборку lockfile; самостоятельный апгрейд может нарушить peer-зависимости родителя.
get-proto;1.0.1;1.0.1;https://www.npmjs.com/package/get-proto;npm install get-proto@1.0.1;get-intrinsic;Транзитивная зависимость. Версию менять только через npm update / пересборку lockfile; самостоятельный апгрейд может нарушить peer-зависимости родителя.
get-stream;6.0.1;6.0.1;https://www.npmjs.com/package/get-stream;npm install get-stream@6.0.1;execa;Транзитивная зависимость. Версию менять только через npm update / пересборку lockfile; самостоятельный апгрейд может нарушить peer-зависимости родителя.
get-tsconfig;4.14.3;4.14.3;https://www.npmjs.com/package/get-tsconfig;npm install get-tsconfig@4.14.3;@angular-builders/common;Транзитивная зависимость. Версию менять только через npm update / пересборку lockfile; самостоятельный апгрейд может нарушить peer-зависимости родителя.
glob;13.0.6;13.0.6;https://www.npmjs.com/package/glob;npm install glob@13.0.6;@jest/reporters, jest-config, jest-runtime, test-exclude;Транзитивная зависимость. Версию менять только через npm update / пересборку lockfile; самостоятельный апгрейд может нарушить peer-зависимости родителя.
glob-parent;6.0.2;6.0.2;https://www.npmjs.com/package/glob-parent;npm install glob-parent@6.0.2;chokidar, copy-webpack-plugin, eslint, fast-glob;Транзитивная зависимость. Версию менять только через npm update / пересборку lockfile; самостоятельный апгрейд может нарушить peer-зависимости родителя.
glob-to-regex.js;1.2.0;1.2.0;https://www.npmjs.com/package/glob-to-regex.js;npm install glob-to-regex.js@1.2.0;@jsonjoy.com/fs-node, @jsonjoy.com/fs-node-utils, memfs;Транзитивная зависимость. Версию менять только через npm update / пересборку lockfile; самостоятельный апгрейд может нарушить peer-зависимости родителя.
gopd;1.2.0;1.2.0;https://www.npmjs.com/package/gopd;npm install gopd@1.2.0;dunder-proto, get-intrinsic;Транзитивная зависимость. Версию менять только через npm update / пересборку lockfile; самостоятельный апгрейд может нарушить peer-зависимости родителя.
graceful-fs;4.2.11;4.2.11;https://www.npmjs.com/package/graceful-fs;npm install graceful-fs@4.2.11;@jest/core, @jest/reporters, @jest/snapshot-utils, @jest/source-map, @jest/test-sequencer, @jest/transform, babel-jest, enhanced-resolve, jest-config, jest-haste-map, jest-message-util, jest-resolve, jest-runner, jest-runtime, jest-snapshot, jest-util, watchpack, webpack, webpack-dev-server;Транзитивная зависимость. Версию менять только через npm update / пересборку lockfile; самостоятельный апгрейд может нарушить peer-зависимости родителя.
handle-thing;2.0.1;2.0.1;https://www.npmjs.com/package/handle-thing;npm install handle-thing@2.0.1;spdy;Транзитивная зависимость. Версию менять только через npm update / пересборку lockfile; самостоятельный апгрейд может нарушить peer-зависимости родителя.
handlebars;4.7.9;4.7.9;https://www.npmjs.com/package/handlebars;npm install handlebars@4.7.9;ts-jest;Транзитивная зависимость. Версию менять только через npm update / пересборку lockfile; самостоятельный апгрейд может нарушить peer-зависимости родителя.
has-flag;4.0.0;4.0.0;https://www.npmjs.com/package/has-flag;npm install has-flag@4.0.0;supports-color;Транзитивная зависимость. Версию менять только через npm update / пересборку lockfile; самостоятельный апгрейд может нарушить peer-зависимости родителя.
has-symbols;1.1.0;1.1.0;https://www.npmjs.com/package/has-symbols;npm install has-symbols@1.1.0;get-intrinsic;Транзитивная зависимость. Версию менять только через npm update / пересборку lockfile; самостоятельный апгрейд может нарушить peer-зависимости родителя.
hashery;1.5.1;1.5.1;https://www.npmjs.com/package/hashery;npm install hashery@1.5.1;@cacheable/utils, @keyv/bigmap;Транзитивная зависимость. Версию менять только через npm update / пересборку lockfile; самостоятельный апгрейд может нарушить peer-зависимости родителя.
hasown;2.0.4;2.0.4;https://www.npmjs.com/package/hasown;npm install hasown@2.0.4;get-intrinsic;Транзитивная зависимость. Версию менять только через npm update / пересборку lockfile; самостоятельный апгрейд может нарушить peer-зависимости родителя.
hono;4.13.7;4.13.7;https://www.npmjs.com/package/hono;npm install hono@4.13.7;@modelcontextprotocol/sdk;Транзитивная зависимость. Версию менять только через npm update / пересборку lockfile; самостоятельный апгрейд может нарушить peer-зависимости родителя.
hookified;1.15.1;1.15.1;https://www.npmjs.com/package/hookified;npm install hookified@1.15.1;@cacheable/memory, @keyv/bigmap, cacheable, flat-cache, hashery, qified;Транзитивная зависимость. Версию менять только через npm update / пересборку lockfile; самостоятельный апгрейд может нарушить peer-зависимости родителя.
hosted-git-info;10.1.1;10.1.1;https://www.npmjs.com/package/hosted-git-info;npm install hosted-git-info@10.1.1;npm-package-arg;Транзитивная зависимость. Версию менять только через npm update / пересборку lockfile; самостоятельный апгрейд может нарушить peer-зависимости родителя.
hpack.js;2.1.6;2.1.6;https://www.npmjs.com/package/hpack.js;npm install hpack.js@2.1.6;spdy-transport;Транзитивная зависимость. Версию менять только через npm update / пересборку lockfile; самостоятельный апгрейд может нарушить peer-зависимости родителя.
html-encoding-sniffer;6.0.0;6.0.0;https://www.npmjs.com/package/html-encoding-sniffer;npm install html-encoding-sniffer@6.0.0;jsdom;Транзитивная зависимость. Версию менять только через npm update / пересборку lockfile; самостоятельный апгрейд может нарушить peer-зависимости родителя.
html-escaper;2.0.2;2.0.2;https://www.npmjs.com/package/html-escaper;npm install html-escaper@2.0.2;istanbul-reports;Транзитивная зависимость. Версию менять только через npm update / пересборку lockfile; самостоятельный апгрейд может нарушить peer-зависимости родителя.
htmlparser2;10.1.0;10.1.0;https://www.npmjs.com/package/htmlparser2;npm install htmlparser2@10.1.0;beasties;Транзитивная зависимость. Версию менять только через npm update / пересборку lockfile; самостоятельный апгрейд может нарушить peer-зависимости родителя.
http-deceiver;1.2.7;1.2.7;https://www.npmjs.com/package/http-deceiver;npm install http-deceiver@1.2.7;spdy;Транзитивная зависимость. Версию менять только через npm update / пересборку lockfile; самостоятельный апгрейд может нарушить peer-зависимости родителя.
http-errors;2.0.1;2.0.1;https://www.npmjs.com/package/http-errors;npm install http-errors@2.0.1;body-parser, express, raw-body, send, serve-index;Транзитивная зависимость. Версию менять только через npm update / пересборку lockfile; самостоятельный апгрейд может нарушить peer-зависимости родителя.
http-parser-js;0.5.10;0.5.10;https://www.npmjs.com/package/http-parser-js;npm install http-parser-js@0.5.10;websocket-driver;Транзитивная зависимость. Версию менять только через npm update / пересборку lockfile; самостоятельный апгрейд может нарушить peer-зависимости родителя.
http-proxy;1.18.1;1.18.1;https://www.npmjs.com/package/http-proxy;npm install http-proxy@1.18.1;http-proxy-middleware;Транзитивная зависимость. Версию менять только через npm update / пересборку lockfile; самостоятельный апгрейд может нарушить peer-зависимости родителя.
http-proxy-agent;7.0.2;7.0.2;https://www.npmjs.com/package/http-proxy-agent;npm install http-proxy-agent@7.0.2;jsdom;Транзитивная зависимость. Версию менять только через npm update / пересборку lockfile; самостоятельный апгрейд может нарушить peer-зависимости родителя.
http-proxy-middleware;4.2.0;4.2.0;https://www.npmjs.com/package/http-proxy-middleware;npm install http-proxy-middleware@4.2.0;@angular-devkit/build-angular, webpack-dev-server;Транзитивная зависимость. Версию менять только через npm update / пересборку lockfile; самостоятельный апгрейд может нарушить peer-зависимости родителя.
https-proxy-agent;9.1.0;9.1.0;https://www.npmjs.com/package/https-proxy-agent;npm install https-proxy-agent@9.1.0;@angular/build, jsdom;Транзитивная зависимость. Версию менять только через npm update / пересборку lockfile; самостоятельный апгрейд может нарушить peer-зависимости родителя.
httpxy;0.5.5;0.5.5;https://www.npmjs.com/package/httpxy;npm install httpxy@0.5.5;http-proxy-middleware;Транзитивная зависимость. Версию менять только через npm update / пересборку lockfile; самостоятельный апгрейд может нарушить peer-зависимости родителя.
human-signals;2.1.0;2.1.0;https://www.npmjs.com/package/human-signals;npm install human-signals@2.1.0;execa;Транзитивная зависимость. Версию менять только через npm update / пересборку lockfile; самостоятельный апгрейд может нарушить peer-зависимости родителя.
hyperdyperid;1.2.0;1.2.0;https://www.npmjs.com/package/hyperdyperid;npm install hyperdyperid@1.2.0;@jsonjoy.com/json-pack;Транзитивная зависимость. Версию менять только через npm update / пересборку lockfile; самостоятельный апгрейд может нарушить peer-зависимости родителя.
iconv-lite;0.7.3;0.7.3;https://www.npmjs.com/package/iconv-lite;npm install iconv-lite@0.7.3;@inquirer/external-editor, body-parser, needle, raw-body, source-map-loader, whatwg-encoding;Транзитивная зависимость. Версию менять только через npm update / пересборку lockfile; самостоятельный апгрейд может нарушить peer-зависимости родителя.
icss-utils;5.1.0;5.1.0;https://www.npmjs.com/package/icss-utils;npm install icss-utils@5.1.0;css-loader, postcss-modules-local-by-default, postcss-modules-values;Транзитивная зависимость. Версию менять только через npm update / пересборку lockfile; самостоятельный апгрейд может нарушить peer-зависимости родителя.
ignore;7.0.8;7.0.8;https://www.npmjs.com/package/ignore;npm install ignore@7.0.8;@angular-eslint/schematics, @typescript-eslint/eslint-plugin, eslint;Транзитивная зависимость. Версию менять только через npm update / пересборку lockfile; самостоятельный апгрейд может нарушить peer-зависимости родителя.
immutable;5.1.9;5.1.9;https://www.npmjs.com/package/immutable;npm install immutable@5.1.9;sass;Транзитивная зависимость. Версию менять только через npm update / пересборку lockfile; самостоятельный апгрейд может нарушить peer-зависимости родителя.
import-fresh;3.3.1;3.3.1;https://www.npmjs.com/package/import-fresh;npm install import-fresh@3.3.1;cosmiconfig;Транзитивная зависимость. Версию менять только через npm update / пересборку lockfile; самостоятельный апгрейд может нарушить peer-зависимости родителя.
import-local;3.2.0;3.2.0;https://www.npmjs.com/package/import-local;npm install import-local@3.2.0;jest, jest-cli;Транзитивная зависимость. Версию менять только через npm update / пересборку lockfile; самостоятельный апгрейд может нарушить peer-зависимости родителя.
import-meta-resolve;4.2.0;4.2.0;https://www.npmjs.com/package/import-meta-resolve;npm install import-meta-resolve@4.2.0;@babel/core;Транзитивная зависимость. Версию менять только через npm update / пересборку lockfile; самостоятельный апгрейд может нарушить peer-зависимости родителя.
imurmurhash;0.1.4;0.1.4;https://www.npmjs.com/package/imurmurhash;npm install imurmurhash@0.1.4;eslint, write-file-atomic;Транзитивная зависимость. Версию менять только через npm update / пересборку lockfile; самостоятельный апгрейд может нарушить peer-зависимости родителя.
inherits;2.0.4;2.0.4;https://www.npmjs.com/package/inherits;npm install inherits@2.0.4;hpack.js, http-errors, readable-stream;Транзитивная зависимость. Версию менять только через npm update / пересборку lockfile; самостоятельный апгрейд может нарушить peer-зависимости родителя.
ip-address;10.7.0;10.7.0;https://www.npmjs.com/package/ip-address;npm install ip-address@10.7.0;express-rate-limit;Транзитивная зависимость. Версию менять только через npm update / пересборку lockfile; самостоятельный апгрейд может нарушить peer-зависимости родителя.
ipaddr.js;1.9.1;1.9.1;https://www.npmjs.com/package/ipaddr.js;npm install ipaddr.js@1.9.1;proxy-addr, webpack-dev-server;Транзитивная зависимость. Версию менять только через npm update / пересборку lockfile; самостоятельный апгрейд может нарушить peer-зависимости родителя.
is-arrayish;0.2.1;0.2.1;https://www.npmjs.com/package/is-arrayish;npm install is-arrayish@0.2.1;error-ex;Транзитивная зависимость. Версию менять только через npm update / пересборку lockfile; самостоятельный апгрейд может нарушить peer-зависимости родителя.
is-binary-path;2.1.0;2.1.0;https://www.npmjs.com/package/is-binary-path;npm install is-binary-path@2.1.0;chokidar;Транзитивная зависимость. Версию менять только через npm update / пересборку lockfile; самостоятельный апгрейд может нарушить peer-зависимости родителя.
is-docker;3.0.0;3.0.0;https://www.npmjs.com/package/is-docker;npm install is-docker@3.0.0;is-inside-container;Транзитивная зависимость. Версию менять только через npm update / пересборку lockfile; самостоятельный апгрейд может нарушить peer-зависимости родителя.
is-extglob;2.1.1;2.1.1;https://www.npmjs.com/package/is-extglob;npm install is-extglob@2.1.1;is-glob;Транзитивная зависимость. Версию менять только через npm update / пересборку lockfile; самостоятельный апгрейд может нарушить peer-зависимости родителя.
is-fullwidth-code-point;5.1.0;5.1.0;https://www.npmjs.com/package/is-fullwidth-code-point;npm install is-fullwidth-code-point@5.1.0;slice-ansi, string-width, string-width-cjs;Транзитивная зависимость. Версию менять только через npm update / пересборку lockfile; самостоятельный апгрейд может нарушить peer-зависимости родителя.
is-generator-fn;2.1.0;2.1.0;https://www.npmjs.com/package/is-generator-fn;npm install is-generator-fn@2.1.0;jest-circus;Транзитивная зависимость. Версию менять только через npm update / пересборку lockfile; самостоятельный апгрейд может нарушить peer-зависимости родителя.
is-glob;4.0.3;4.0.3;https://www.npmjs.com/package/is-glob;npm install is-glob@4.0.3;@parcel/watcher, chokidar, eslint, glob-parent, http-proxy-middleware;Транзитивная зависимость. Версию менять только через npm update / пересборку lockfile; самостоятельный апгрейд может нарушить peer-зависимости родителя.
is-in-ssh;1.0.0;1.0.0;https://www.npmjs.com/package/is-in-ssh;npm install is-in-ssh@1.0.0;open;Транзитивная зависимость. Версию менять только через npm update / пересборку lockfile; самостоятельный апгрейд может нарушить peer-зависимости родителя.
is-inside-container;1.0.0;1.0.0;https://www.npmjs.com/package/is-inside-container;npm install is-inside-container@1.0.0;is-wsl, open;Транзитивная зависимость. Версию менять только через npm update / пересборку lockfile; самостоятельный апгрейд может нарушить peer-зависимости родителя.
is-interactive;2.0.0;2.0.0;https://www.npmjs.com/package/is-interactive;npm install is-interactive@2.0.0;ora;Транзитивная зависимость. Версию менять только через npm update / пересборку lockfile; самостоятельный апгрейд может нарушить peer-зависимости родителя.
is-network-error;1.3.2;1.3.2;https://www.npmjs.com/package/is-network-error;npm install is-network-error@1.3.2;p-retry;Транзитивная зависимость. Версию менять только через npm update / пересборку lockfile; самостоятельный апгрейд может нарушить peer-зависимости родителя.
is-number;7.0.0;7.0.0;https://www.npmjs.com/package/is-number;npm install is-number@7.0.0;to-regex-range;Транзитивная зависимость. Версию менять только через npm update / пересборку lockfile; самостоятельный апгрейд может нарушить peer-зависимости родителя.
is-plain-obj;4.1.0;4.1.0;https://www.npmjs.com/package/is-plain-obj;npm install is-plain-obj@4.1.0;http-proxy-middleware;Транзитивная зависимость. Версию менять только через npm update / пересборку lockfile; самостоятельный апгрейд может нарушить peer-зависимости родителя.
is-plain-object;2.0.4;2.0.4;https://www.npmjs.com/package/is-plain-object;npm install is-plain-object@2.0.4;clone-deep;Транзитивная зависимость. Версию менять только через npm update / пересборку lockfile; самостоятельный апгрейд может нарушить peer-зависимости родителя.
is-potential-custom-element-name;1.0.1;1.0.1;https://www.npmjs.com/package/is-potential-custom-element-name;npm install is-potential-custom-element-name@1.0.1;@asamuzakjp/dom-selector, jsdom;Транзитивная зависимость. Версию менять только через npm update / пересборку lockfile; самостоятельный апгрейд может нарушить peer-зависимости родителя.
is-promise;4.0.0;4.0.0;https://www.npmjs.com/package/is-promise;npm install is-promise@4.0.0;router;Транзитивная зависимость. Версию менять только через npm update / пересборку lockfile; самостоятельный апгрейд может нарушить peer-зависимости родителя.
is-stream;2.0.1;2.0.1;https://www.npmjs.com/package/is-stream;npm install is-stream@2.0.1;execa;Транзитивная зависимость. Версию менять только через npm update / пересборку lockfile; самостоятельный апгрейд может нарушить peer-зависимости родителя.
is-unicode-supported;2.1.0;2.1.0;https://www.npmjs.com/package/is-unicode-supported;npm install is-unicode-supported@2.1.0;log-symbols, ora;Транзитивная зависимость. Версию менять только через npm update / пересборку lockfile; самостоятельный апгрейд может нарушить peer-зависимости родителя.
is-what;4.1.16;4.1.16;https://www.npmjs.com/package/is-what;npm install is-what@4.1.16;copy-anything;Транзитивная зависимость. Версию менять только через npm update / пересборку lockfile; самостоятельный апгрейд может нарушить peer-зависимости родителя.
is-wsl;3.1.1;3.1.1;https://www.npmjs.com/package/is-wsl;npm install is-wsl@3.1.1;wsl-utils;Транзитивная зависимость. Версию менять только через npm update / пересборку lockfile; самостоятельный апгрейд может нарушить peer-зависимости родителя.
isarray;1.0.0;1.0.0;https://www.npmjs.com/package/isarray;npm install isarray@1.0.0;readable-stream;Транзитивная зависимость. Версию менять только через npm update / пересборку lockfile; самостоятельный апгрейд может нарушить peer-зависимости родителя.
isexe;2.0.0;2.0.0;https://www.npmjs.com/package/isexe;npm install isexe@2.0.0;which;Транзитивная зависимость. Версию менять только через npm update / пересборку lockfile; самостоятельный апгрейд может нарушить peer-зависимости родителя.
isobject;3.0.1;3.0.1;https://www.npmjs.com/package/isobject;npm install isobject@3.0.1;is-plain-object;Транзитивная зависимость. Версию менять только через npm update / пересборку lockfile; самостоятельный апгрейд может нарушить peer-зависимости родителя.
isomorphic-ws;5.0.0;5.0.0;https://www.npmjs.com/package/isomorphic-ws;npm install isomorphic-ws@5.0.0;@module-federation/dts-plugin;Транзитивная зависимость. Версию менять только через npm update / пересборку lockfile; самостоятельный апгрейд может нарушить peer-зависимости родителя.
istanbul-lib-coverage;3.2.2;3.2.2;https://www.npmjs.com/package/istanbul-lib-coverage;npm install istanbul-lib-coverage@3.2.2;@jest/reporters, istanbul-lib-instrument, istanbul-lib-report, istanbul-lib-source-maps;Транзитивная зависимость. Версию менять только через npm update / пересборку lockfile; самостоятельный апгрейд может нарушить peer-зависимости родителя.
istanbul-lib-instrument;6.0.3;6.0.3;https://www.npmjs.com/package/istanbul-lib-instrument;npm install istanbul-lib-instrument@6.0.3;@angular-devkit/build-angular, @jest/reporters, babel-plugin-istanbul;Транзитивная зависимость. Версию менять только через npm update / пересборку lockfile; самостоятельный апгрейд может нарушить peer-зависимости родителя.
istanbul-lib-report;3.0.1;3.0.1;https://www.npmjs.com/package/istanbul-lib-report;npm install istanbul-lib-report@3.0.1;@jest/reporters, istanbul-reports;Транзитивная зависимость. Версию менять только через npm update / пересборку lockfile; самостоятельный апгрейд может нарушить peer-зависимости родителя.
istanbul-lib-source-maps;5.0.6;5.0.6;https://www.npmjs.com/package/istanbul-lib-source-maps;npm install istanbul-lib-source-maps@5.0.6;@jest/reporters;Транзитивная зависимость. Версию менять только через npm update / пересборку lockfile; самостоятельный апгрейд может нарушить peer-зависимости родителя.
istanbul-reports;3.2.0;3.2.0;https://www.npmjs.com/package/istanbul-reports;npm install istanbul-reports@3.2.0;@jest/reporters;Транзитивная зависимость. Версию менять только через npm update / пересборку lockfile; самостоятельный апгрейд может нарушить peer-зависимости родителя.
jackspeak;3.4.3;3.4.3;https://www.npmjs.com/package/jackspeak;npm install jackspeak@3.4.3;glob;Транзитивная зависимость. Версию менять только через npm update / пересборку lockfile; самостоятельный апгрейд может нарушить peer-зависимости родителя.
jest-changed-files;30.5.1;30.5.1;https://www.npmjs.com/package/jest-changed-files;npm install jest-changed-files@30.5.1;@jest/core;Транзитивная зависимость. Версию менять только через npm update / пересборку lockfile; самостоятельный апгрейд может нарушить peer-зависимости родителя.
jest-circus;30.5.1;30.5.1;https://www.npmjs.com/package/jest-circus;npm install jest-circus@30.5.1;jest-config;Транзитивная зависимость. Версию менять только через npm update / пересборку lockfile; самостоятельный апгрейд может нарушить peer-зависимости родителя.
jest-cli;30.5.1;30.5.1;https://www.npmjs.com/package/jest-cli;npm install jest-cli@30.5.1;jest;Транзитивная зависимость. Версию менять только через npm update / пересборку lockfile; самостоятельный апгрейд может нарушить peer-зависимости родителя.
jest-config;30.5.1;30.5.1;https://www.npmjs.com/package/jest-config;npm install jest-config@30.5.1;@jest/core, jest-cli;Транзитивная зависимость. Версию менять только через npm update / пересборку lockfile; самостоятельный апгрейд может нарушить peer-зависимости родителя.
jest-diff;30.5.1;30.5.1;https://www.npmjs.com/package/jest-diff;npm install jest-diff@30.5.1;jest-matcher-utils, jest-snapshot;Транзитивная зависимость. Версию менять только через npm update / пересборку lockfile; самостоятельный апгрейд может нарушить peer-зависимости родителя.
jest-docblock;30.5.0;30.5.0;https://www.npmjs.com/package/jest-docblock;npm install jest-docblock@30.5.0;jest-config, jest-runner;Транзитивная зависимость. Версию менять только через npm update / пересборку lockfile; самостоятельный апгрейд может нарушить peer-зависимости родителя.
jest-each;30.5.1;30.5.1;https://www.npmjs.com/package/jest-each;npm install jest-each@30.5.1;jest-circus;Транзитивная зависимость. Версию менять только через npm update / пересборку lockfile; самостоятельный апгрейд может нарушить peer-зависимости родителя.
jest-environment-node;30.5.1;30.5.1;https://www.npmjs.com/package/jest-environment-node;npm install jest-environment-node@30.5.1;jest-config, jest-runner;Транзитивная зависимость. Версию менять только через npm update / пересборку lockfile; самостоятельный апгрейд может нарушить peer-зависимости родителя.
jest-haste-map;30.5.1;30.5.1;https://www.npmjs.com/package/jest-haste-map;npm install jest-haste-map@30.5.1;@jest/core, @jest/test-sequencer, @jest/transform, jest-resolve, jest-runner, jest-runtime;Транзитивная зависимость. Версию менять только через npm update / пересборку lockfile; самостоятельный апгрейд может нарушить peer-зависимости родителя.
jest-leak-detector;30.5.1;30.5.1;https://www.npmjs.com/package/jest-leak-detector;npm install jest-leak-detector@30.5.1;jest-runner;Транзитивная зависимость. Версию менять только через npm update / пересборку lockfile; самостоятельный апгрейд может нарушить peer-зависимости родителя.
jest-matcher-utils;30.5.1;30.5.1;https://www.npmjs.com/package/jest-matcher-utils;npm install jest-matcher-utils@30.5.1;expect, jest-circus, jest-snapshot;Транзитивная зависимость. Версию менять только через npm update / пересборку lockfile; самостоятельный апгрейд может нарушить peer-зависимости родителя.
jest-message-util;30.5.1;30.5.1;https://www.npmjs.com/package/jest-message-util;npm install jest-message-util@30.5.1;@jest/console, @jest/core, @jest/fake-timers, @jest/reporters, expect, jest-circus, jest-runner, jest-runtime, jest-snapshot;Транзитивная зависимость. Версию менять только через npm update / пересборку lockfile; самостоятельный апгрейд может нарушить peer-зависимости родителя.
jest-mock;30.5.1;30.5.1;https://www.npmjs.com/package/jest-mock;npm install jest-mock@30.5.1;@jest/environment, @jest/environment-jsdom-abstract, @jest/fake-timers, @jest/globals, expect, jest-environment-node, jest-runtime;Транзитивная зависимость. Версию менять только через npm update / пересборку lockfile; самостоятельный апгрейд может нарушить peer-зависимости родителя.
jest-regex-util;30.5.0;30.5.0;https://www.npmjs.com/package/jest-regex-util;npm install jest-regex-util@30.5.0;@jest/core, @jest/pattern, @jest/transform, jest-config, jest-haste-map, jest-resolve-dependencies, jest-runtime;Транзитивная зависимость. Версию менять только через npm update / пересборку lockfile; самостоятельный апгрейд может нарушить peer-зависимости родителя.
jest-resolve;30.5.1;30.5.1;https://www.npmjs.com/package/jest-resolve;npm install jest-resolve@30.5.1;@jest/core, jest-config, jest-runner, jest-runtime;Транзитивная зависимость. Версию менять только через npm update / пересборку lockfile; самостоятельный апгрейд может нарушить peer-зависимости родителя.
jest-resolve-dependencies;30.5.1;30.5.1;https://www.npmjs.com/package/jest-resolve-dependencies;npm install jest-resolve-dependencies@30.5.1;@jest/core;Транзитивная зависимость. Версию менять только через npm update / пересборку lockfile; самостоятельный апгрейд может нарушить peer-зависимости родителя.
jest-runner;30.5.1;30.5.1;https://www.npmjs.com/package/jest-runner;npm install jest-runner@30.5.1;@jest/core, jest-config;Транзитивная зависимость. Версию менять только через npm update / пересборку lockfile; самостоятельный апгрейд может нарушить peer-зависимости родителя.
jest-runtime;30.5.1;30.5.1;https://www.npmjs.com/package/jest-runtime;npm install jest-runtime@30.5.1;@jest/core, jest-circus, jest-runner;Транзитивная зависимость. Версию менять только через npm update / пересборку lockfile; самостоятельный апгрейд может нарушить peer-зависимости родителя.
jest-snapshot;30.5.1;30.5.1;https://www.npmjs.com/package/jest-snapshot;npm install jest-snapshot@30.5.1;@jest/core, @jest/expect, jest-circus, jest-resolve-dependencies, jest-runtime;Транзитивная зависимость. Версию менять только через npm update / пересборку lockfile; самостоятельный апгрейд может нарушить peer-зависимости родителя.
jest-util;30.5.1;30.5.1;https://www.npmjs.com/package/jest-util;npm install jest-util@30.5.1;@jest/console, @jest/core, @jest/environment-jsdom-abstract, @jest/fake-timers, @jest/reporters, @jest/transform, expect, jest-changed-files, jest-circus, jest-cli, jest-config, jest-each, jest-environment-node, jest-haste-map, jest-message-util, jest-mock, jest-preset-angular, jest-resolve, jest-runner, jest-runtime, jest-snapshot, jest-watcher, jest-worker;Транзитивная зависимость. Версию менять только через npm update / пересборку lockfile; самостоятельный апгрейд может нарушить peer-зависимости родителя.
jest-validate;30.5.1;30.5.1;https://www.npmjs.com/package/jest-validate;npm install jest-validate@30.5.1;@jest/core, jest-cli, jest-config, jest-environment-node, jest-resolve;Транзитивная зависимость. Версию менять только через npm update / пересборку lockfile; самостоятельный апгрейд может нарушить peer-зависимости родителя.
jest-watcher;30.5.1;30.5.1;https://www.npmjs.com/package/jest-watcher;npm install jest-watcher@30.5.1;@jest/core, jest-runner;Транзитивная зависимость. Версию менять только через npm update / пересборку lockfile; самостоятельный апгрейд может нарушить peer-зависимости родителя.
jest-worker;30.5.1;30.5.1;https://www.npmjs.com/package/jest-worker;npm install jest-worker@30.5.1;@jest/reporters, jest-haste-map, jest-runner, minimizer-webpack-plugin;Транзитивная зависимость. Версию менять только через npm update / пересборку lockfile; самостоятельный апгрейд может нарушить peer-зависимости родителя.
jiti;2.4.2;2.4.2;https://www.npmjs.com/package/jiti;npm install jiti@2.4.2;@angular-builders/common, @module-federation/cli, postcss-loader;Транзитивная зависимость. Версию менять только через npm update / пересборку lockfile; самостоятельный апгрейд может нарушить peer-зависимости родителя.
jose;6.2.12;6.2.12;https://www.npmjs.com/package/jose;npm install jose@6.2.12;@modelcontextprotocol/sdk;Транзитивная зависимость. Версию менять только через npm update / пересборку lockfile; самостоятельный апгрейд может нарушить peer-зависимости родителя.
js-tokens;10.0.0;10.0.0;https://www.npmjs.com/package/js-tokens;npm install js-tokens@10.0.0;@babel/code-frame;Транзитивная зависимость. Версию менять только через npm update / пересборку lockfile; самостоятельный апгрейд может нарушить peer-зависимости родителя.
js-yaml;3.15.2;3.15.2;https://www.npmjs.com/package/js-yaml;npm install js-yaml@3.15.2;@istanbuljs/load-nyc-config, cosmiconfig;Транзитивная зависимость. Версию менять только через npm update / пересборку lockfile; самостоятельный апгрейд может нарушить peer-зависимости родителя.
jsdom;30.0.1;30.0.1;https://www.npmjs.com/package/jsdom;npm install jsdom@30.0.1;jest-environment-jsdom;Транзитивная зависимость. Версию менять только через npm update / пересборку lockfile; самостоятельный апгрейд может нарушить peer-зависимости родителя.
jsesc;3.1.0;3.1.0;https://www.npmjs.com/package/jsesc;npm install jsesc@3.1.0;@babel/generator, regjsparser;Транзитивная зависимость. Версию менять только через npm update / пересборку lockfile; самостоятельный апгрейд может нарушить peer-зависимости родителя.
json-parse-even-better-errors;2.3.1;2.3.1;https://www.npmjs.com/package/json-parse-even-better-errors;npm install json-parse-even-better-errors@2.3.1;parse-json;Транзитивная зависимость. Версию менять только через npm update / пересборку lockfile; самостоятельный апгрейд может нарушить peer-зависимости родителя.
json-schema-traverse;1.0.0;1.0.0;https://www.npmjs.com/package/json-schema-traverse;npm install json-schema-traverse@1.0.0;ajv;Транзитивная зависимость. Версию менять только через npm update / пересборку lockfile; самостоятельный апгрейд может нарушить peer-зависимости родителя.
json-schema-typed;8.0.2;8.0.2;https://www.npmjs.com/package/json-schema-typed;npm install json-schema-typed@8.0.2;@modelcontextprotocol/sdk;Транзитивная зависимость. Версию менять только через npm update / пересборку lockfile; самостоятельный апгрейд может нарушить peer-зависимости родителя.
json-stable-stringify-without-jsonify;1.0.1;1.0.1;https://www.npmjs.com/package/json-stable-stringify-without-jsonify;npm install json-stable-stringify-without-jsonify@1.0.1;eslint;Транзитивная зависимость. Версию менять только через npm update / пересборку lockfile; самостоятельный апгрейд может нарушить peer-зависимости родителя.
json5;2.2.3;2.2.3;https://www.npmjs.com/package/json5;npm install json5@2.2.3;@babel/core, @softarc/native-federation, loader-utils, ts-jest;Транзитивная зависимость. Версию менять только через npm update / пересборку lockfile; самостоятельный апгрейд может нарушить peer-зависимости родителя.
jsonc-parser;3.3.1;3.3.1;https://www.npmjs.com/package/jsonc-parser;npm install jsonc-parser@3.3.1;@angular-devkit/build-angular, @angular-devkit/core, @angular-devkit/schematics, @angular/build, @angular/cli, @schematics/angular;Транзитивная зависимость. Версию менять только через npm update / пересборку lockfile; самостоятельный апгрейд может нарушить peer-зависимости родителя.
karma-source-map-support;1.4.0;1.4.0;https://www.npmjs.com/package/karma-source-map-support;npm install karma-source-map-support@1.4.0;@angular-devkit/build-angular;Транзитивная зависимость. Версию менять только через npm update / пересборку lockfile; самостоятельный апгрейд может нарушить peer-зависимости родителя.
keyv;5.6.0;5.6.0;https://www.npmjs.com/package/keyv;npm install keyv@5.6.0;@cacheable/memory, @cacheable/utils, cacheable;Транзитивная зависимость. Версию менять только через npm update / пересборку lockfile; самостоятельный апгрейд может нарушить peer-зависимости родителя.
kind-of;6.0.3;6.0.3;https://www.npmjs.com/package/kind-of;npm install kind-of@6.0.3;clone-deep, shallow-clone;Транзитивная зависимость. Версию менять только через npm update / пересборку lockfile; самостоятельный апгрейд может нарушить peer-зависимости родителя.
launch-editor;2.14.1;2.14.1;https://www.npmjs.com/package/launch-editor;npm install launch-editor@2.14.1;webpack-dev-server;Транзитивная зависимость. Версию менять только через npm update / пересборку lockfile; самостоятельный апгрейд может нарушить peer-зависимости родителя.
less;4.9.0;4.9.0;https://www.npmjs.com/package/less;npm install less@4.9.0;@angular-devkit/build-angular;Транзитивная зависимость. Версию менять только через npm update / пересборку lockfile; самостоятельный апгрейд может нарушить peer-зависимости родителя.
less-loader;13.0.0;13.0.0;https://www.npmjs.com/package/less-loader;npm install less-loader@13.0.0;@angular-devkit/build-angular;Транзитивная зависимость. Версию менять только через npm update / пересборку lockfile; самостоятельный апгрейд может нарушить peer-зависимости родителя.
leven;3.1.0;3.1.0;https://www.npmjs.com/package/leven;npm install leven@3.1.0;jest-validate;Транзитивная зависимость. Версию менять только через npm update / пересборку lockfile; самостоятельный апгрейд может нарушить peer-зависимости родителя.
levn;0.4.1;0.4.1;https://www.npmjs.com/package/levn;npm install levn@0.4.1;@eslint/plugin-kit, optionator;Транзитивная зависимость. Версию менять только через npm update / пересборку lockfile; самостоятельный апгрейд может нарушить peer-зависимости родителя.
license-webpack-plugin;4.0.2;4.0.2;https://www.npmjs.com/package/license-webpack-plugin;npm install license-webpack-plugin@4.0.2;@angular-devkit/build-angular;Транзитивная зависимость. Версию менять только через npm update / пересборку lockfile; самостоятельный апгрейд может нарушить peer-зависимости родителя.
lightningcss;1.33.0;1.33.0;https://www.npmjs.com/package/lightningcss;npm install lightningcss@1.33.0;vite;Транзитивная зависимость. Версию менять только через npm update / пересборку lockfile; самостоятельный апгрейд может нарушить peer-зависимости родителя.
lightningcss-android-arm64;1.33.0;1.33.0;https://www.npmjs.com/package/lightningcss-android-arm64;npm install lightningcss-android-arm64@1.33.0;transitive (не определено по lockfile);Транзитивная зависимость. Версию менять только через npm update / пересборку lockfile; самостоятельный апгрейд может нарушить peer-зависимости родителя.
lightningcss-darwin-arm64;1.33.0;1.33.0;https://www.npmjs.com/package/lightningcss-darwin-arm64;npm install lightningcss-darwin-arm64@1.33.0;transitive (не определено по lockfile);Транзитивная зависимость. Версию менять только через npm update / пересборку lockfile; самостоятельный апгрейд может нарушить peer-зависимости родителя.
lightningcss-darwin-x64;1.33.0;1.33.0;https://www.npmjs.com/package/lightningcss-darwin-x64;npm install lightningcss-darwin-x64@1.33.0;transitive (не определено по lockfile);Транзитивная зависимость. Версию менять только через npm update / пересборку lockfile; самостоятельный апгрейд может нарушить peer-зависимости родителя.
lightningcss-freebsd-x64;1.33.0;1.33.0;https://www.npmjs.com/package/lightningcss-freebsd-x64;npm install lightningcss-freebsd-x64@1.33.0;transitive (не определено по lockfile);Транзитивная зависимость. Версию менять только через npm update / пересборку lockfile; самостоятельный апгрейд может нарушить peer-зависимости родителя.
lightningcss-linux-arm-gnueabihf;1.33.0;1.33.0;https://www.npmjs.com/package/lightningcss-linux-arm-gnueabihf;npm install lightningcss-linux-arm-gnueabihf@1.33.0;transitive (не определено по lockfile);Транзитивная зависимость. Версию менять только через npm update / пересборку lockfile; самостоятельный апгрейд может нарушить peer-зависимости родителя.
lightningcss-linux-arm64-gnu;1.33.0;1.33.0;https://www.npmjs.com/package/lightningcss-linux-arm64-gnu;npm install lightningcss-linux-arm64-gnu@1.33.0;transitive (не определено по lockfile);Транзитивная зависимость. Версию менять только через npm update / пересборку lockfile; самостоятельный апгрейд может нарушить peer-зависимости родителя.
lightningcss-linux-arm64-musl;1.33.0;1.33.0;https://www.npmjs.com/package/lightningcss-linux-arm64-musl;npm install lightningcss-linux-arm64-musl@1.33.0;transitive (не определено по lockfile);Транзитивная зависимость. Версию менять только через npm update / пересборку lockfile; самостоятельный апгрейд может нарушить peer-зависимости родителя.
lightningcss-linux-x64-gnu;1.33.0;1.33.0;https://www.npmjs.com/package/lightningcss-linux-x64-gnu;npm install lightningcss-linux-x64-gnu@1.33.0;transitive (не определено по lockfile);Транзитивная зависимость. Версию менять только через npm update / пересборку lockfile; самостоятельный апгрейд может нарушить peer-зависимости родителя.
lightningcss-linux-x64-musl;1.33.0;1.33.0;https://www.npmjs.com/package/lightningcss-linux-x64-musl;npm install lightningcss-linux-x64-musl@1.33.0;transitive (не определено по lockfile);Транзитивная зависимость. Версию менять только через npm update / пересборку lockfile; самостоятельный апгрейд может нарушить peer-зависимости родителя.
lightningcss-win32-arm64-msvc;1.33.0;1.33.0;https://www.npmjs.com/package/lightningcss-win32-arm64-msvc;npm install lightningcss-win32-arm64-msvc@1.33.0;transitive (не определено по lockfile);Транзитивная зависимость. Версию менять только через npm update / пересборку lockfile; самостоятельный апгрейд может нарушить peer-зависимости родителя.
lightningcss-win32-x64-msvc;1.33.0;1.33.0;https://www.npmjs.com/package/lightningcss-win32-x64-msvc;npm install lightningcss-win32-x64-msvc@1.33.0;transitive (не определено по lockfile);Транзитивная зависимость. Версию менять только через npm update / пересборку lockfile; самостоятельный апгрейд может нарушить peer-зависимости родителя.
lines-and-columns;1.2.4;1.2.4;https://www.npmjs.com/package/lines-and-columns;npm install lines-and-columns@1.2.4;parse-json;Транзитивная зависимость. Версию менять только через npm update / пересборку lockfile; самостоятельный апгрейд может нарушить peer-зависимости родителя.
listr2;11.0.0;11.0.0;https://www.npmjs.com/package/listr2;npm install listr2@11.0.0;@angular/build, @angular/cli;Транзитивная зависимость. Версию менять только через npm update / пересборку lockfile; самостоятельный апгрейд может нарушить peer-зависимости родителя.
lmdb;3.5.6;3.5.6;https://www.npmjs.com/package/lmdb;npm install lmdb@3.5.6;transitive (не определено по lockfile);Транзитивная зависимость. Версию менять только через npm update / пересборку lockfile; самостоятельный апгрейд может нарушить peer-зависимости родителя.
loader-utils;3.3.1;3.3.1;https://www.npmjs.com/package/loader-utils;npm install loader-utils@3.3.1;@angular-devkit/build-angular, adjust-sourcemap-loader, resolve-url-loader;Транзитивная зависимость. Версию менять только через npm update / пересборку lockfile; самостоятельный апгрейд может нарушить peer-зависимости родителя.
locate-path;6.0.0;6.0.0;https://www.npmjs.com/package/locate-path;npm install locate-path@6.0.0;find-up;Транзитивная зависимость. Версию менять только через npm update / пересборку lockfile; самостоятельный апгрейд может нарушить peer-зависимости родителя.
lodash;4.18.1;4.18.1;https://www.npmjs.com/package/lodash;npm install lodash@4.18.1;@angular-builders/jest;Транзитивная зависимость. Версию менять только через npm update / пересборку lockfile; самостоятельный апгрейд может нарушить peer-зависимости родителя.
lodash.debounce;4.0.8;4.0.8;https://www.npmjs.com/package/lodash.debounce;npm install lodash.debounce@4.0.8;@babel/helper-define-polyfill-provider;Транзитивная зависимость. Версию менять только через npm update / пересборку lockfile; самостоятельный апгрейд может нарушить peer-зависимости родителя.
lodash.memoize;4.1.2;4.1.2;https://www.npmjs.com/package/lodash.memoize;npm install lodash.memoize@4.1.2;ts-jest;Транзитивная зависимость. Версию менять только через npm update / пересборку lockfile; самостоятельный апгрейд может нарушить peer-зависимости родителя.
lodash.merge;4.6.2;4.6.2;https://www.npmjs.com/package/lodash.merge;npm install lodash.merge@4.6.2;probe-image-size;Транзитивная зависимость. Версию менять только через npm update / пересборку lockfile; самостоятельный апгрейд может нарушить peer-зависимости родителя.
log-symbols;7.0.1;7.0.1;https://www.npmjs.com/package/log-symbols;npm install log-symbols@7.0.1;ora;Транзитивная зависимость. Версию менять только через npm update / пересборку lockfile; самостоятельный апгрейд может нарушить peer-зависимости родителя.
log-update;8.0.0;8.0.0;https://www.npmjs.com/package/log-update;npm install log-update@8.0.0;listr2;Транзитивная зависимость. Версию менять только через npm update / пересборку lockfile; самостоятельный апгрейд может нарушить peer-зависимости родителя.
lru-cache;11.5.2;11.5.2;https://www.npmjs.com/package/lru-cache;npm install lru-cache@11.5.2;@asamuzakjp/css-color, @asamuzakjp/dom-selector, @babel/helper-compilation-targets, hosted-git-info, jsdom, path-scurry;Транзитивная зависимость. Версию менять только через npm update / пересборку lockfile; самостоятельный апгрейд может нарушить peer-зависимости родителя.
magic-string;1.0.0;1.0.0;https://www.npmjs.com/package/magic-string;npm install magic-string@1.0.0;@angular-devkit/schematics, @angular/build, @chialab/estransform;Транзитивная зависимость. Версию менять только через npm update / пересборку lockfile; самостоятельный апгрейд может нарушить peer-зависимости родителя.
make-dir;4.0.0;4.0.0;https://www.npmjs.com/package/make-dir;npm install make-dir@4.0.0;istanbul-lib-report;Транзитивная зависимость. Версию менять только через npm update / пересборку lockfile; самостоятельный апгрейд может нарушить peer-зависимости родителя.
make-error;1.3.6;1.3.6;https://www.npmjs.com/package/make-error;npm install make-error@1.3.6;ts-jest;Транзитивная зависимость. Версию менять только через npm update / пересборку lockfile; самостоятельный апгрейд может нарушить peer-зависимости родителя.
math-intrinsics;1.1.0;1.1.0;https://www.npmjs.com/package/math-intrinsics;npm install math-intrinsics@1.1.0;get-intrinsic;Транзитивная зависимость. Версию менять только через npm update / пересборку lockfile; самостоятельный апгрейд может нарушить peer-зависимости родителя.
mdn-data;2.27.1;2.27.1;https://www.npmjs.com/package/mdn-data;npm install mdn-data@2.27.1;css-tree;Транзитивная зависимость. Версию менять только через npm update / пересборку lockfile; самостоятельный апгрейд может нарушить peer-зависимости родителя.
media-typer;1.1.1;1.1.1;https://www.npmjs.com/package/media-typer;npm install media-typer@1.1.1;type-is;Транзитивная зависимость. Версию менять только через npm update / пересборку lockfile; самостоятельный апгрейд может нарушить peer-зависимости родителя.
memfs;4.75.0;4.75.0;https://www.npmjs.com/package/memfs;npm install memfs@4.75.0;webpack-dev-middleware;Транзитивная зависимость. Версию менять только через npm update / пересборку lockfile; самостоятельный апгрейд может нарушить peer-зависимости родителя.
merge-descriptors;2.0.0;2.0.0;https://www.npmjs.com/package/merge-descriptors;npm install merge-descriptors@2.0.0;express;Транзитивная зависимость. Версию менять только через npm update / пересборку lockfile; самостоятельный апгрейд может нарушить peer-зависимости родителя.
merge-stream;2.0.0;2.0.0;https://www.npmjs.com/package/merge-stream;npm install merge-stream@2.0.0;execa, jest-worker;Транзитивная зависимость. Версию менять только через npm update / пересборку lockfile; самостоятельный апгрейд может нарушить peer-зависимости родителя.
merge2;1.4.1;1.4.1;https://www.npmjs.com/package/merge2;npm install merge2@1.4.1;fast-glob;Транзитивная зависимость. Версию менять только через npm update / пересборку lockfile; самостоятельный апгрейд может нарушить peer-зависимости родителя.
methods;1.1.2;1.1.2;https://www.npmjs.com/package/methods;npm install methods@1.1.2;express;Транзитивная зависимость. Версию менять только через npm update / пересборку lockfile; самостоятельный апгрейд может нарушить peer-зависимости родителя.
micromatch;4.0.8;4.0.8;https://www.npmjs.com/package/micromatch;npm install micromatch@4.0.8;fast-glob, http-proxy-middleware;Транзитивная зависимость. Версию менять только через npm update / пересборку lockfile; самостоятельный апгрейд может нарушить peer-зависимости родителя.
mime;1.6.0;1.6.0;https://www.npmjs.com/package/mime;npm install mime@1.6.0;send;Транзитивная зависимость. Версию менять только через npm update / пересборку lockfile; самостоятельный апгрейд может нарушить peer-зависимости родителя.
mime-db;1.54.0;1.54.0;https://www.npmjs.com/package/mime-db;npm install mime-db@1.54.0;compressible, mime-types, webpack;Транзитивная зависимость. Версию менять только через npm update / пересборку lockfile; самостоятельный апгрейд может нарушить peer-зависимости родителя.
mime-types;3.0.2;3.0.2;https://www.npmjs.com/package/mime-types;npm install mime-types@3.0.2;accepts, express, send, serve-index, type-is, webpack-dev-middleware;Транзитивная зависимость. Версию менять только через npm update / пересборку lockfile; самостоятельный апгрейд может нарушить peer-зависимости родителя.
mimic-fn;2.1.0;2.1.0;https://www.npmjs.com/package/mimic-fn;npm install mimic-fn@2.1.0;onetime;Транзитивная зависимость. Версию менять только через npm update / пересборку lockfile; самостоятельный апгрейд может нарушить peer-зависимости родителя.
mimic-function;5.0.1;5.0.1;https://www.npmjs.com/package/mimic-function;npm install mimic-function@5.0.1;onetime;Транзитивная зависимость. Версию менять только через npm update / пересборку lockfile; самостоятельный апгрейд может нарушить peer-зависимости родителя.
mini-css-extract-plugin;2.10.2;2.10.2;https://www.npmjs.com/package/mini-css-extract-plugin;npm install mini-css-extract-plugin@2.10.2;@angular-devkit/build-angular;Транзитивная зависимость. Версию менять только через npm update / пересборку lockfile; самостоятельный апгрейд может нарушить peer-зависимости родителя.
minimalistic-assert;1.0.1;1.0.1;https://www.npmjs.com/package/minimalistic-assert;npm install minimalistic-assert@1.0.1;wbuf;Транзитивная зависимость. Версию менять только через npm update / пересборку lockfile; самостоятельный апгрейд может нарушить peer-зависимости родителя.
minimatch;10.2.6;10.2.6;https://www.npmjs.com/package/minimatch;npm install minimatch@10.2.6;@eslint/config-array, @typescript-eslint/typescript-estree, eslint, glob, test-exclude;Транзитивная зависимость. Версию менять только через npm update / пересборку lockfile; самостоятельный апгрейд может нарушить peer-зависимости родителя.
minimist;1.2.8;1.2.8;https://www.npmjs.com/package/minimist;npm install minimist@1.2.8;handlebars;Транзитивная зависимость. Версию менять только через npm update / пересборку lockfile; самостоятельный апгрейд может нарушить peer-зависимости родителя.
minimizer-webpack-plugin;5.10.1;5.10.1;https://www.npmjs.com/package/minimizer-webpack-plugin;npm install minimizer-webpack-plugin@5.10.1;webpack;Транзитивная зависимость. Версию менять только через npm update / пересборку lockfile; самостоятельный апгрейд может нарушить peer-зависимости родителя.
minipass;7.1.3;7.1.3;https://www.npmjs.com/package/minipass;npm install minipass@7.1.3;glob, path-scurry;Транзитивная зависимость. Версию менять только через npm update / пересборку lockfile; самостоятельный апгрейд может нарушить peer-зависимости родителя.
mrmime;2.0.1;2.0.1;https://www.npmjs.com/package/mrmime;npm install mrmime@2.0.1;@angular-architects/native-federation, @angular/build;Транзитивная зависимость. Версию менять только через npm update / пересборку lockfile; самостоятельный апгрейд может нарушить peer-зависимости родителя.
ms;2.1.3;2.1.3;https://www.npmjs.com/package/ms;npm install ms@2.1.3;debug, send;Транзитивная зависимость. Версию менять только через npm update / пересборку lockfile; самостоятельный апгрейд может нарушить peer-зависимости родителя.
msgpackr;1.12.1;1.12.1;https://www.npmjs.com/package/msgpackr;npm install msgpackr@1.12.1;lmdb;Транзитивная зависимость. Версию менять только через npm update / пересборку lockfile; самостоятельный апгрейд может нарушить peer-зависимости родителя.
msgpackr-extract;3.0.4;3.0.4;https://www.npmjs.com/package/msgpackr-extract;npm install msgpackr-extract@3.0.4;transitive (не определено по lockfile);Транзитивная зависимость. Версию менять только через npm update / пересборку lockfile; самостоятельный апгрейд может нарушить peer-зависимости родителя.
multicast-dns;7.2.5;7.2.5;https://www.npmjs.com/package/multicast-dns;npm install multicast-dns@7.2.5;bonjour-service;Транзитивная зависимость. Версию менять только через npm update / пересборку lockfile; самостоятельный апгрейд может нарушить peer-зависимости родителя.
mute-stream;3.0.0;3.0.0;https://www.npmjs.com/package/mute-stream;npm install mute-stream@3.0.0;@inquirer/core;Транзитивная зависимость. Версию менять только через npm update / пересборку lockfile; самостоятельный апгрейд может нарушить peer-зависимости родителя.
nanoid;3.3.19;3.3.19;https://www.npmjs.com/package/nanoid;npm install nanoid@3.3.19;postcss;Транзитивная зависимость. Версию менять только через npm update / пересборку lockfile; самостоятельный апгрейд может нарушить peer-зависимости родителя.
napi-postinstall;0.3.4;0.3.4;https://www.npmjs.com/package/napi-postinstall;npm install napi-postinstall@0.3.4;unrs-resolver;Транзитивная зависимость. Версию менять только через npm update / пересборку lockfile; самостоятельный апгрейд может нарушить peer-зависимости родителя.
natural-compare;1.4.0;1.4.0;https://www.npmjs.com/package/natural-compare;npm install natural-compare@1.4.0;@jest/snapshot-utils, @typescript-eslint/eslint-plugin, eslint;Транзитивная зависимость. Версию менять только через npm update / пересборку lockfile; самостоятельный апгрейд может нарушить peer-зависимости родителя.
needle;3.5.0;3.5.0;https://www.npmjs.com/package/needle;npm install needle@3.5.0;probe-image-size;Транзитивная зависимость. Версию менять только через npm update / пересборку lockfile; самостоятельный апгрейд может нарушить peer-зависимости родителя.
negotiator;1.1.0;1.1.0;https://www.npmjs.com/package/negotiator;npm install negotiator@1.1.0;accepts, compression;Транзитивная зависимость. Версию менять только через npm update / пересборку lockfile; самостоятельный апгрейд может нарушить peer-зависимости родителя.
neo-async;2.6.2;2.6.2;https://www.npmjs.com/package/neo-async;npm install neo-async@2.6.2;handlebars, webpack;Транзитивная зависимость. Версию менять только через npm update / пересборку lockfile; самостоятельный апгрейд может нарушить peer-зависимости родителя.
node-addon-api;6.1.0;6.1.0;https://www.npmjs.com/package/node-addon-api;npm install node-addon-api@6.1.0;@parcel/watcher, lmdb;Транзитивная зависимость. Версию менять только через npm update / пересборку lockfile; самостоятельный апгрейд может нарушить peer-зависимости родителя.
node-domexception;1.0.0;1.0.0;https://www.npmjs.com/package/node-domexception;npm install node-domexception@1.0.0;fetch-blob;Транзитивная зависимость. Версию менять только через npm update / пересборку lockfile; самостоятельный апгрейд может нарушить peer-зависимости родителя.
node-fetch;3.3.2;3.3.2;https://www.npmjs.com/package/node-fetch;npm install node-fetch@3.3.2;@angular-architects/module-federation;Транзитивная зависимость. Версию менять только через npm update / пересборку lockfile; самостоятельный апгрейд может нарушить peer-зависимости родителя.
node-gyp-build-optional-packages;5.2.2;5.2.2;https://www.npmjs.com/package/node-gyp-build-optional-packages;npm install node-gyp-build-optional-packages@5.2.2;lmdb, msgpackr-extract;Транзитивная зависимость. Версию менять только через npm update / пересборку lockfile; самостоятельный апгрейд может нарушить peer-зависимости родителя.
node-int64;0.4.0;0.4.0;https://www.npmjs.com/package/node-int64;npm install node-int64@0.4.0;bser;Транзитивная зависимость. Версию менять только через npm update / пересборку lockfile; самостоятельный апгрейд может нарушить peer-зависимости родителя.
node-releases;2.0.55;2.0.55;https://www.npmjs.com/package/node-releases;npm install node-releases@2.0.55;browserslist;Транзитивная зависимость. Версию менять только через npm update / пересборку lockfile; самостоятельный апгрейд может нарушить peer-зависимости родителя.
normalize-path;3.0.0;3.0.0;https://www.npmjs.com/package/normalize-path;npm install normalize-path@3.0.0;anymatch, chokidar, copy-webpack-plugin;Транзитивная зависимость. Версию менять только через npm update / пересборку lockfile; самостоятельный апгрейд может нарушить peer-зависимости родителя.
npm-package-arg;14.0.0;14.0.0;https://www.npmjs.com/package/npm-package-arg;npm install npm-package-arg@14.0.0;@angular/cli;Транзитивная зависимость. Версию менять только через npm update / пересборку lockfile; самостоятельный апгрейд может нарушить peer-зависимости родителя.
npm-run-path;4.0.1;4.0.1;https://www.npmjs.com/package/npm-run-path;npm install npm-run-path@4.0.1;execa;Транзитивная зависимость. Версию менять только через npm update / пересборку lockfile; самостоятельный апгрейд может нарушить peer-зависимости родителя.
nth-check;2.1.1;2.1.1;https://www.npmjs.com/package/nth-check;npm install nth-check@2.1.1;css-select;Транзитивная зависимость. Версию менять только через npm update / пересборку lockfile; самостоятельный апгрейд может нарушить peer-зависимости родителя.
nwsapi;2.2.27;2.2.27;https://www.npmjs.com/package/nwsapi;npm install nwsapi@2.2.27;jsdom;Транзитивная зависимость. Версию менять только через npm update / пересборку lockfile; самостоятельный апгрейд может нарушить peer-зависимости родителя.
object-assign;4.1.1;4.1.1;https://www.npmjs.com/package/object-assign;npm install object-assign@4.1.1;cors;Транзитивная зависимость. Версию менять только через npm update / пересборку lockfile; самостоятельный апгрейд может нарушить peer-зависимости родителя.
object-inspect;1.13.4;1.13.4;https://www.npmjs.com/package/object-inspect;npm install object-inspect@1.13.4;side-channel, side-channel-list, side-channel-map, side-channel-weakmap;Транзитивная зависимость. Версию менять только через npm update / пересборку lockfile; самостоятельный апгрейд может нарушить peer-зависимости родителя.
obuf;1.1.2;1.1.2;https://www.npmjs.com/package/obuf;npm install obuf@1.1.2;hpack.js, spdy-transport;Транзитивная зависимость. Версию менять только через npm update / пересборку lockfile; самостоятельный апгрейд может нарушить peer-зависимости родителя.
obug;2.2.1;2.2.1;https://www.npmjs.com/package/obug;npm install obug@2.2.1;@babel/core, @babel/traverse;Транзитивная зависимость. Версию менять только через npm update / пересборку lockfile; самостоятельный апгрейд может нарушить peer-зависимости родителя.
on-finished;2.4.1;2.4.1;https://www.npmjs.com/package/on-finished;npm install on-finished@2.4.1;body-parser, express, finalhandler, send, webpack-dev-middleware;Транзитивная зависимость. Версию менять только через npm update / пересборку lockfile; самостоятельный апгрейд может нарушить peer-зависимости родителя.
on-headers;1.1.0;1.1.0;https://www.npmjs.com/package/on-headers;npm install on-headers@1.1.0;compression;Транзитивная зависимость. Версию менять только через npm update / пересборку lockfile; самостоятельный апгрейд может нарушить peer-зависимости родителя.
once;1.4.0;1.4.0;https://www.npmjs.com/package/once;npm install once@1.4.0;express;Транзитивная зависимость. Версию менять только через npm update / пересборку lockfile; самостоятельный апгрейд может нарушить peer-зависимости родителя.
onetime;7.0.0;7.0.0;https://www.npmjs.com/package/onetime;npm install onetime@7.0.0;execa, restore-cursor;Транзитивная зависимость. Версию менять только через npm update / пересборку lockfile; самостоятельный апгрейд может нарушить peer-зависимости родителя.
open;11.0.0;11.0.0;https://www.npmjs.com/package/open;npm install open@11.0.0;@angular-devkit/build-angular, webpack-dev-server;Транзитивная зависимость. Версию менять только через npm update / пересборку lockfile; самостоятельный апгрейд может нарушить peer-зависимости родителя.
optionator;0.9.4;0.9.4;https://www.npmjs.com/package/optionator;npm install optionator@0.9.4;eslint;Транзитивная зависимость. Версию менять только через npm update / пересборку lockfile; самостоятельный апгрейд может нарушить peer-зависимости родителя.
ora;9.4.1;9.4.1;https://www.npmjs.com/package/ora;npm install ora@9.4.1;@angular-devkit/build-angular, @angular-devkit/schematics;Транзитивная зависимость. Версию менять только через npm update / пересборку lockfile; самостоятельный апгрейд может нарушить peer-зависимости родителя.
ordered-binary;1.6.1;1.6.1;https://www.npmjs.com/package/ordered-binary;npm install ordered-binary@1.6.1;lmdb;Транзитивная зависимость. Версию менять только через npm update / пересборку lockfile; самостоятельный апгрейд может нарушить peer-зависимости родителя.
oxc-parser;0.142.0;0.142.0;https://www.npmjs.com/package/oxc-parser;npm install oxc-parser@0.142.0;@angular/build, @chialab/estransform;Транзитивная зависимость. Версию менять только через npm update / пересборку lockfile; самостоятельный апгрейд может нарушить peer-зависимости родителя.
p-limit;3.1.0;3.1.0;https://www.npmjs.com/package/p-limit;npm install p-limit@3.1.0;jest-changed-files, jest-circus, jest-runner, p-locate;Транзитивная зависимость. Версию менять только через npm update / пересборку lockfile; самостоятельный апгрейд может нарушить peer-зависимости родителя.
p-locate;5.0.0;5.0.0;https://www.npmjs.com/package/p-locate;npm install p-locate@5.0.0;locate-path;Транзитивная зависимость. Версию менять только через npm update / пересборку lockfile; самостоятельный апгрейд может нарушить peer-зависимости родителя.
p-retry;6.2.1;6.2.1;https://www.npmjs.com/package/p-retry;npm install p-retry@6.2.1;webpack-dev-server;Транзитивная зависимость. Версию менять только через npm update / пересборку lockfile; самостоятельный апгрейд может нарушить peer-зависимости родителя.
p-try;2.2.0;2.2.0;https://www.npmjs.com/package/p-try;npm install p-try@2.2.0;p-limit;Транзитивная зависимость. Версию менять только через npm update / пересборку lockfile; самостоятельный апгрейд может нарушить peer-зависимости родителя.
package-json-from-dist;1.0.1;1.0.1;https://www.npmjs.com/package/package-json-from-dist;npm install package-json-from-dist@1.0.1;glob;Транзитивная зависимость. Версию менять только через npm update / пересборку lockfile; самостоятельный апгрейд может нарушить peer-зависимости родителя.
parent-module;1.0.1;1.0.1;https://www.npmjs.com/package/parent-module;npm install parent-module@1.0.1;import-fresh;Транзитивная зависимость. Версию менять только через npm update / пересборку lockfile; самостоятельный апгрейд может нарушить peer-зависимости родителя.
parse-json;5.2.0;5.2.0;https://www.npmjs.com/package/parse-json;npm install parse-json@5.2.0;cosmiconfig, jest-config;Транзитивная зависимость. Версию менять только через npm update / пересборку lockfile; самостоятельный апгрейд может нарушить peer-зависимости родителя.
parse-node-version;1.0.1;1.0.1;https://www.npmjs.com/package/parse-node-version;npm install parse-node-version@1.0.1;less;Транзитивная зависимость. Версию менять только через npm update / пересборку lockfile; самостоятельный апгрейд может нарушить peer-зависимости родителя.
parse5;8.0.1;8.0.1;https://www.npmjs.com/package/parse5;npm install parse5@8.0.1;@angular/cdk, @types/jsdom, jsdom, parse5-html-rewriting-stream, parse5-sax-parser;Транзитивная зависимость. Версию менять только через npm update / пересборку lockfile; самостоятельный апгрейд может нарушить peer-зависимости родителя.
parse5-html-rewriting-stream;8.0.1;8.0.1;https://www.npmjs.com/package/parse5-html-rewriting-stream;npm install parse5-html-rewriting-stream@8.0.1;@angular/build, @angular/cli;Транзитивная зависимость. Версию менять только через npm update / пересборку lockfile; самостоятельный апгрейд может нарушить peer-зависимости родителя.
parse5-sax-parser;8.0.0;8.0.0;https://www.npmjs.com/package/parse5-sax-parser;npm install parse5-sax-parser@8.0.0;parse5-html-rewriting-stream;Транзитивная зависимость. Версию менять только через npm update / пересборку lockfile; самостоятельный апгрейд может нарушить peer-зависимости родителя.
parseurl;1.3.3;1.3.3;https://www.npmjs.com/package/parseurl;npm install parseurl@1.3.3;express, finalhandler, router, serve-index, serve-static;Транзитивная зависимость. Версию менять только через npm update / пересборку lockfile; самостоятельный апгрейд может нарушить peer-зависимости родителя.
path-exists;4.0.0;4.0.0;https://www.npmjs.com/package/path-exists;npm install path-exists@4.0.0;find-up;Транзитивная зависимость. Версию менять только через npm update / пересборку lockfile; самостоятельный апгрейд может нарушить peer-зависимости родителя.
path-key;3.1.1;3.1.1;https://www.npmjs.com/package/path-key;npm install path-key@3.1.1;cross-spawn, npm-run-path;Транзитивная зависимость. Версию менять только через npm update / пересборку lockfile; самостоятельный апгрейд может нарушить peer-зависимости родителя.
path-scurry;2.0.2;2.0.2;https://www.npmjs.com/package/path-scurry;npm install path-scurry@2.0.2;glob;Транзитивная зависимость. Версию менять только через npm update / пересборку lockfile; самостоятельный апгрейд может нарушить peer-зависимости родителя.
path-to-regexp;8.4.2;8.4.2;https://www.npmjs.com/package/path-to-regexp;npm install path-to-regexp@8.4.2;express, router;Транзитивная зависимость. Версию менять только через npm update / пересборку lockfile; самостоятельный апгрейд может нарушить peer-зависимости родителя.
picocolors;1.1.1;1.1.1;https://www.npmjs.com/package/picocolors;npm install picocolors@1.1.1;@babel/code-frame, autoprefixer, beasties, launch-editor, postcss, update-browserslist-db;Транзитивная зависимость. Версию менять только через npm update / пересборку lockfile; самостоятельный апгрейд может нарушить peer-зависимости родителя.
picomatch;4.0.5;4.0.5;https://www.npmjs.com/package/picomatch;npm install picomatch@4.0.5;@angular-devkit/build-angular, @angular-devkit/core, @angular/build, @parcel/watcher, anymatch, jest-haste-map, jest-message-util, jest-util, micromatch, readdirp, tinyglobby, vite;Транзитивная зависимость. Версию менять только через npm update / пересборку lockfile; самостоятельный апгрейд может нарушить peer-зависимости родителя.
pirates;4.0.7;4.0.7;https://www.npmjs.com/package/pirates;npm install pirates@4.0.7;@jest/transform;Транзитивная зависимость. Версию менять только через npm update / пересборку lockfile; самостоятельный апгрейд может нарушить peer-зависимости родителя.
piscina;5.2.0;5.2.0;https://www.npmjs.com/package/piscina;npm install piscina@5.2.0;@angular-devkit/build-angular, @angular/build;Транзитивная зависимость. Версию менять только через npm update / пересборку lockfile; самостоятельный апгрейд может нарушить peer-зависимости родителя.
pkce-challenge;5.0.1;5.0.1;https://www.npmjs.com/package/pkce-challenge;npm install pkce-challenge@5.0.1;@modelcontextprotocol/sdk;Транзитивная зависимость. Версию менять только через npm update / пересборку lockfile; самостоятельный апгрейд может нарушить peer-зависимости родителя.
pkg-dir;4.2.0;4.2.0;https://www.npmjs.com/package/pkg-dir;npm install pkg-dir@4.2.0;import-local;Транзитивная зависимость. Версию менять только через npm update / пересборку lockfile; самостоятельный апгрейд может нарушить peer-зависимости родителя.
pkijs;3.4.0;3.4.0;https://www.npmjs.com/package/pkijs;npm install pkijs@3.4.0;selfsigned;Транзитивная зависимость. Версию менять только через npm update / пересборку lockfile; самостоятельный апгрейд может нарушить peer-зависимости родителя.
postcss;8.5.25;8.5.25;https://www.npmjs.com/package/postcss;npm install postcss@8.5.25;@angular-devkit/build-angular, beasties, css-loader, resolve-url-loader, vite;Транзитивная зависимость. Версию менять только через npm update / пересборку lockfile; самостоятельный апгрейд может нарушить peer-зависимости родителя.
postcss-loader;8.2.1;8.2.1;https://www.npmjs.com/package/postcss-loader;npm install postcss-loader@8.2.1;@angular-devkit/build-angular;Транзитивная зависимость. Версию менять только через npm update / пересборку lockfile; самостоятельный апгрейд может нарушить peer-зависимости родителя.
postcss-media-query-parser;0.2.3;0.2.3;https://www.npmjs.com/package/postcss-media-query-parser;npm install postcss-media-query-parser@0.2.3;beasties;Транзитивная зависимость. Версию менять только через npm update / пересборку lockfile; самостоятельный апгрейд может нарушить peer-зависимости родителя.
postcss-modules-extract-imports;3.1.0;3.1.0;https://www.npmjs.com/package/postcss-modules-extract-imports;npm install postcss-modules-extract-imports@3.1.0;css-loader;Транзитивная зависимость. Версию менять только через npm update / пересборку lockfile; самостоятельный апгрейд может нарушить peer-зависимости родителя.
postcss-modules-local-by-default;4.2.0;4.2.0;https://www.npmjs.com/package/postcss-modules-local-by-default;npm install postcss-modules-local-by-default@4.2.0;css-loader;Транзитивная зависимость. Версию менять только через npm update / пересборку lockfile; самостоятельный апгрейд может нарушить peer-зависимости родителя.
postcss-modules-scope;3.2.1;3.2.1;https://www.npmjs.com/package/postcss-modules-scope;npm install postcss-modules-scope@3.2.1;css-loader;Транзитивная зависимость. Версию менять только через npm update / пересборку lockfile; самостоятельный апгрейд может нарушить peer-зависимости родителя.
postcss-modules-values;4.0.0;4.0.0;https://www.npmjs.com/package/postcss-modules-values;npm install postcss-modules-values@4.0.0;css-loader;Транзитивная зависимость. Версию менять только через npm update / пересборку lockfile; самостоятельный апгрейд может нарушить peer-зависимости родителя.
postcss-safe-parser;7.1.0;7.1.0;https://www.npmjs.com/package/postcss-safe-parser;npm install postcss-safe-parser@7.1.0;beasties;Транзитивная зависимость. Версию менять только через npm update / пересборку lockfile; самостоятельный апгрейд может нарушить peer-зависимости родителя.
postcss-selector-parser;7.1.6;7.1.6;https://www.npmjs.com/package/postcss-selector-parser;npm install postcss-selector-parser@7.1.6;postcss-modules-local-by-default, postcss-modules-scope;Транзитивная зависимость. Версию менять только через npm update / пересборку lockfile; самостоятельный апгрейд может нарушить peer-зависимости родителя.
postcss-value-parser;4.2.0;4.2.0;https://www.npmjs.com/package/postcss-value-parser;npm install postcss-value-parser@4.2.0;autoprefixer, css-loader, postcss-modules-local-by-default;Транзитивная зависимость. Версию менять только через npm update / пересборку lockfile; самостоятельный апгрейд может нарушить peer-зависимости родителя.
powershell-utils;0.1.0;0.1.0;https://www.npmjs.com/package/powershell-utils;npm install powershell-utils@0.1.0;open, wsl-utils;Транзитивная зависимость. Версию менять только через npm update / пересборку lockfile; самостоятельный апгрейд может нарушить peer-зависимости родителя.
prelude-ls;1.2.1;1.2.1;https://www.npmjs.com/package/prelude-ls;npm install prelude-ls@1.2.1;levn, optionator, type-check;Транзитивная зависимость. Версию менять только через npm update / пересборку lockfile; самостоятельный апгрейд может нарушить peer-зависимости родителя.
pretty-format;30.5.1;30.5.1;https://www.npmjs.com/package/pretty-format;npm install pretty-format@30.5.1;@jest/core, @types/jest, jest-circus, jest-config, jest-diff, jest-each, jest-leak-detector, jest-matcher-utils, jest-message-util, jest-preset-angular, jest-snapshot, jest-validate;Транзитивная зависимость. Версию менять только через npm update / пересборку lockfile; самостоятельный апгрейд может нарушить peer-зависимости родителя.
probe-image-size;7.4.0;7.4.0;https://www.npmjs.com/package/probe-image-size;npm install probe-image-size@7.4.0;transitive (не определено по lockfile);Транзитивная зависимость. Версию менять только через npm update / пересборку lockfile; самостоятельный апгрейд может нарушить peer-зависимости родителя.
proc-log;7.0.0;7.0.0;https://www.npmjs.com/package/proc-log;npm install proc-log@7.0.0;npm-package-arg;Транзитивная зависимость. Версию менять только через npm update / пересборку lockfile; самостоятельный апгрейд может нарушить peer-зависимости родителя.
process-nextick-args;2.0.1;2.0.1;https://www.npmjs.com/package/process-nextick-args;npm install process-nextick-args@2.0.1;readable-stream;Транзитивная зависимость. Версию менять только через npm update / пересборку lockfile; самостоятельный апгрейд может нарушить peer-зависимости родителя.
proxy-addr;2.0.7;2.0.7;https://www.npmjs.com/package/proxy-addr;npm install proxy-addr@2.0.7;express;Транзитивная зависимость. Версию менять только через npm update / пересборку lockfile; самостоятельный апгрейд может нарушить peer-зависимости родителя.
proxy-agent-negotiate;1.1.0;1.1.0;https://www.npmjs.com/package/proxy-agent-negotiate;npm install proxy-agent-negotiate@1.1.0;https-proxy-agent;Транзитивная зависимость. Версию менять только через npm update / пересборку lockfile; самостоятельный апгрейд может нарушить peer-зависимости родителя.
prr;1.0.1;1.0.1;https://www.npmjs.com/package/prr;npm install prr@1.0.1;errno;Транзитивная зависимость. Версию менять только через npm update / пересборку lockfile; самостоятельный апгрейд может нарушить peer-зависимости родителя.
punycode;2.3.1;2.3.1;https://www.npmjs.com/package/punycode;npm install punycode@2.3.1;tr46, uri-js;Транзитивная зависимость. Версию менять только через npm update / пересборку lockfile; самостоятельный апгрейд может нарушить peer-зависимости родителя.
pure-rand;7.0.1;7.0.1;https://www.npmjs.com/package/pure-rand;npm install pure-rand@7.0.1;jest-circus;Транзитивная зависимость. Версию менять только через npm update / пересборку lockfile; самостоятельный апгрейд может нарушить peer-зависимости родителя.
pvtsutils;1.3.6;1.3.6;https://www.npmjs.com/package/pvtsutils;npm install pvtsutils@1.3.6;@peculiar/x509, asn1js, pkijs;Транзитивная зависимость. Версию менять только через npm update / пересборку lockfile; самостоятельный апгрейд может нарушить peer-зависимости родителя.
pvutils;1.2.0;1.2.0;https://www.npmjs.com/package/pvutils;npm install pvutils@1.2.0;asn1js, pkijs;Транзитивная зависимость. Версию менять только через npm update / пересборку lockfile; самостоятельный апгрейд может нарушить peer-зависимости родителя.
qified;0.10.1;0.10.1;https://www.npmjs.com/package/qified;npm install qified@0.10.1;cacheable;Транзитивная зависимость. Версию менять только через npm update / пересборку lockfile; самостоятельный апгрейд может нарушить peer-зависимости родителя.
qs;6.16.0;6.16.0;https://www.npmjs.com/package/qs;npm install qs@6.16.0;body-parser, express;Транзитивная зависимость. Версию менять только через npm update / пересборку lockfile; самостоятельный апгрейд может нарушить peer-зависимости родителя.
queue-microtask;1.2.3;1.2.3;https://www.npmjs.com/package/queue-microtask;npm install queue-microtask@1.2.3;run-parallel;Транзитивная зависимость. Версию менять только через npm update / пересборку lockfile; самостоятельный апгрейд может нарушить peer-зависимости родителя.
range-parser;1.3.0;1.3.0;https://www.npmjs.com/package/range-parser;npm install range-parser@1.3.0;express, send, webpack-dev-middleware;Транзитивная зависимость. Версию менять только через npm update / пересборку lockfile; самостоятельный апгрейд может нарушить peer-зависимости родителя.
raw-body;3.0.2;3.0.2;https://www.npmjs.com/package/raw-body;npm install raw-body@3.0.2;@modelcontextprotocol/sdk, body-parser;Транзитивная зависимость. Версию менять только через npm update / пересборку lockfile; самостоятельный апгрейд может нарушить peer-зависимости родителя.
readable-stream;3.6.2;3.6.2;https://www.npmjs.com/package/readable-stream;npm install readable-stream@3.6.2;hpack.js, spdy-transport;Транзитивная зависимость. Версию менять только через npm update / пересборку lockfile; самостоятельный апгрейд может нарушить peer-зависимости родителя.
readdirp;5.1.1;5.1.1;https://www.npmjs.com/package/readdirp;npm install readdirp@5.1.1;chokidar;Транзитивная зависимость. Версию менять только через npm update / пересборку lockfile; самостоятельный апгрейд может нарушить peer-зависимости родителя.
reflect-metadata;0.2.2;0.2.2;https://www.npmjs.com/package/reflect-metadata;npm install reflect-metadata@0.2.2;@angular/compiler-cli, @peculiar/x509;Транзитивная зависимость. Версию менять только через npm update / пересборку lockfile; самостоятельный апгрейд может нарушить peer-зависимости родителя.
regenerate;1.4.2;1.4.2;https://www.npmjs.com/package/regenerate;npm install regenerate@1.4.2;regenerate-unicode-properties, regexpu-core;Транзитивная зависимость. Версию менять только через npm update / пересборку lockfile; самостоятельный апгрейд может нарушить peer-зависимости родителя.
regenerate-unicode-properties;10.2.2;10.2.2;https://www.npmjs.com/package/regenerate-unicode-properties;npm install regenerate-unicode-properties@10.2.2;regexpu-core;Транзитивная зависимость. Версию менять только через npm update / пересборку lockfile; самостоятельный апгрейд может нарушить peer-зависимости родителя.
regex-parser;2.3.1;2.3.1;https://www.npmjs.com/package/regex-parser;npm install regex-parser@2.3.1;adjust-sourcemap-loader;Транзитивная зависимость. Версию менять только через npm update / пересборку lockfile; самостоятельный апгрейд может нарушить peer-зависимости родителя.
regexpu-core;6.4.0;6.4.0;https://www.npmjs.com/package/regexpu-core;npm install regexpu-core@6.4.0;@babel/helper-create-regexp-features-plugin;Транзитивная зависимость. Версию менять только через npm update / пересборку lockfile; самостоятельный апгрейд может нарушить peer-зависимости родителя.
regjsgen;0.8.0;0.8.0;https://www.npmjs.com/package/regjsgen;npm install regjsgen@0.8.0;regexpu-core;Транзитивная зависимость. Версию менять только через npm update / пересборку lockfile; самостоятельный апгрейд может нарушить peer-зависимости родителя.
regjsparser;0.13.2;0.13.2;https://www.npmjs.com/package/regjsparser;npm install regjsparser@0.13.2;regexpu-core;Транзитивная зависимость. Версию менять только через npm update / пересборку lockfile; самостоятельный апгрейд может нарушить peer-зависимости родителя.
require-directory;2.1.1;2.1.1;https://www.npmjs.com/package/require-directory;npm install require-directory@2.1.1;yargs;Транзитивная зависимость. Версию менять только через npm update / пересборку lockfile; самостоятельный апгрейд может нарушить peer-зависимости родителя.
require-from-string;2.0.2;2.0.2;https://www.npmjs.com/package/require-from-string;npm install require-from-string@2.0.2;ajv, bidi-js;Транзитивная зависимость. Версию менять только через npm update / пересборку lockfile; самостоятельный апгрейд может нарушить peer-зависимости родителя.
requires-port;1.0.0;1.0.0;https://www.npmjs.com/package/requires-port;npm install requires-port@1.0.0;http-proxy;Транзитивная зависимость. Версию менять только через npm update / пересборку lockfile; самостоятельный апгрейд может нарушить peer-зависимости родителя.
resolve-cwd;3.0.0;3.0.0;https://www.npmjs.com/package/resolve-cwd;npm install resolve-cwd@3.0.0;import-local;Транзитивная зависимость. Версию менять только через npm update / пересборку lockfile; самостоятельный апгрейд может нарушить peer-зависимости родителя.
resolve-from;5.0.0;5.0.0;https://www.npmjs.com/package/resolve-from;npm install resolve-from@5.0.0;@istanbuljs/load-nyc-config, import-fresh, resolve-cwd;Транзитивная зависимость. Версию менять только через npm update / пересборку lockfile; самостоятельный апгрейд может нарушить peer-зависимости родителя.
resolve-pkg-maps;1.0.0;1.0.0;https://www.npmjs.com/package/resolve-pkg-maps;npm install resolve-pkg-maps@1.0.0;get-tsconfig;Транзитивная зависимость. Версию менять только через npm update / пересборку lockfile; самостоятельный апгрейд может нарушить peer-зависимости родителя.
resolve-url-loader;5.0.0;5.0.0;https://www.npmjs.com/package/resolve-url-loader;npm install resolve-url-loader@5.0.0;@angular-devkit/build-angular;Транзитивная зависимость. Версию менять только через npm update / пересборку lockfile; самостоятельный апгрейд может нарушить peer-зависимости родителя.
restore-cursor;5.1.0;5.1.0;https://www.npmjs.com/package/restore-cursor;npm install restore-cursor@5.1.0;cli-cursor;Транзитивная зависимость. Версию менять только через npm update / пересборку lockfile; самостоятельный апгрейд может нарушить peer-зависимости родителя.
retry;0.13.1;0.13.1;https://www.npmjs.com/package/retry;npm install retry@0.13.1;p-retry;Транзитивная зависимость. Версию менять только через npm update / пересборку lockfile; самостоятельный апгрейд может нарушить peer-зависимости родителя.
reusify;1.1.0;1.1.0;https://www.npmjs.com/package/reusify;npm install reusify@1.1.0;fastq;Транзитивная зависимость. Версию менять только через npm update / пересборку lockfile; самостоятельный апгрейд может нарушить peer-зависимости родителя.
rolldown;1.2.0;1.2.0;https://www.npmjs.com/package/rolldown;npm install rolldown@1.2.0;@angular/build, vite;Транзитивная зависимость. Версию менять только через npm update / пересборку lockfile; самостоятельный апгрейд может нарушить peer-зависимости родителя.
router;2.2.0;2.2.0;https://www.npmjs.com/package/router;npm install router@2.2.0;express;Транзитивная зависимость. Версию менять только через npm update / пересборку lockfile; самостоятельный апгрейд может нарушить peer-зависимости родителя.
rrweb-cssom;0.8.0;0.8.0;https://www.npmjs.com/package/rrweb-cssom;npm install rrweb-cssom@0.8.0;cssstyle, jsdom;Транзитивная зависимость. Версию менять только через npm update / пересборку lockfile; самостоятельный апгрейд может нарушить peer-зависимости родителя.
run-applescript;7.1.0;7.1.0;https://www.npmjs.com/package/run-applescript;npm install run-applescript@7.1.0;bundle-name;Транзитивная зависимость. Версию менять только через npm update / пересборку lockfile; самостоятельный апгрейд может нарушить peer-зависимости родителя.
run-parallel;1.2.0;1.2.0;https://www.npmjs.com/package/run-parallel;npm install run-parallel@1.2.0;@nodelib/fs.scandir;Транзитивная зависимость. Версию менять только через npm update / пересборку lockfile; самостоятельный апгрейд может нарушить peer-зависимости родителя.
safe-buffer;5.2.1;5.2.1;https://www.npmjs.com/package/safe-buffer;npm install safe-buffer@5.2.1;compression, content-disposition, express, readable-stream, string_decoder, websocket-driver;Транзитивная зависимость. Версию менять только через npm update / пересборку lockfile; самостоятельный апгрейд может нарушить peer-зависимости родителя.
safer-buffer;2.1.2;2.1.2;https://www.npmjs.com/package/safer-buffer;npm install safer-buffer@2.1.2;iconv-lite;Транзитивная зависимость. Версию менять только через npm update / пересборку lockfile; самостоятельный апгрейд может нарушить peer-зависимости родителя.
sass;1.101.0;1.101.0;https://www.npmjs.com/package/sass;npm install sass@1.101.0;@angular-devkit/build-angular, @angular/build;Транзитивная зависимость. Версию менять только через npm update / пересборку lockfile; самостоятельный апгрейд может нарушить peer-зависимости родителя.
sass-loader;17.0.0;17.0.0;https://www.npmjs.com/package/sass-loader;npm install sass-loader@17.0.0;@angular-devkit/build-angular;Транзитивная зависимость. Версию менять только через npm update / пересборку lockfile; самостоятельный апгрейд может нарушить peer-зависимости родителя.
sax;1.6.1;1.6.1;https://www.npmjs.com/package/sax;npm install sax@1.6.1;needle;Транзитивная зависимость. Версию менять только через npm update / пересборку lockfile; самостоятельный апгрейд может нарушить peer-зависимости родителя.
saxes;6.0.0;6.0.0;https://www.npmjs.com/package/saxes;npm install saxes@6.0.0;jsdom;Транзитивная зависимость. Версию менять только через npm update / пересборку lockfile; самостоятельный апгрейд может нарушить peer-зависимости родителя.
schema-utils;4.3.0;4.3.0;https://www.npmjs.com/package/schema-utils;npm install schema-utils@4.3.0;@module-federation/enhanced, copy-webpack-plugin, mini-css-extract-plugin, minimizer-webpack-plugin, webpack, webpack-dev-middleware, webpack-dev-server;Транзитивная зависимость. Версию менять только через npm update / пересборку lockfile; самостоятельный апгрейд может нарушить peer-зависимости родителя.
select-hose;2.0.0;2.0.0;https://www.npmjs.com/package/select-hose;npm install select-hose@2.0.0;spdy;Транзитивная зависимость. Версию менять только через npm update / пересборку lockfile; самостоятельный апгрейд может нарушить peer-зависимости родителя.
selfsigned;5.5.0;5.5.0;https://www.npmjs.com/package/selfsigned;npm install selfsigned@5.5.0;webpack-dev-server;Транзитивная зависимость. Версию менять только через npm update / пересборку lockfile; самостоятельный апгрейд может нарушить peer-зависимости родителя.
semver;7.8.5;7.8.5;https://www.npmjs.com/package/semver;npm install semver@7.8.5;@angular-architects/module-federation, @angular-devkit/build-angular, @angular-eslint/schematics, @angular/build, @angular/cli, @angular/compiler-cli, @babel/core, @babel/helper-compilation-targets, @babel/preset-env, @softarc/native-federation-orchestrator, @typescript-eslint/typescript-estree, css-loader, istanbul-lib-instrument, jest-snapshot, make-dir, npm-package-arg, postcss-loader, ts-jest;Транзитивная зависимость. Версию менять только через npm update / пересборку lockfile; самостоятельный апгрейд может нарушить peer-зависимости родителя.
send;1.2.1;1.2.1;https://www.npmjs.com/package/send;npm install send@1.2.1;express, serve-static;Транзитивная зависимость. Версию менять только через npm update / пересборку lockfile; самостоятельный апгрейд может нарушить peer-зависимости родителя.
serialize-javascript;7.1.1;7.1.1;https://www.npmjs.com/package/serialize-javascript;npm install serialize-javascript@7.1.1;copy-webpack-plugin;Транзитивная зависимость. Версию менять только через npm update / пересборку lockfile; самостоятельный апгрейд может нарушить peer-зависимости родителя.
serve-index;1.9.2;1.9.2;https://www.npmjs.com/package/serve-index;npm install serve-index@1.9.2;webpack-dev-server;Транзитивная зависимость. Версию менять только через npm update / пересборку lockfile; самостоятельный апгрейд может нарушить peer-зависимости родителя.
serve-static;2.2.1;2.2.1;https://www.npmjs.com/package/serve-static;npm install serve-static@2.2.1;express;Транзитивная зависимость. Версию менять только через npm update / пересборку lockfile; самостоятельный апгрейд может нарушить peer-зависимости родителя.
setprototypeof;1.2.0;1.2.0;https://www.npmjs.com/package/setprototypeof;npm install setprototypeof@1.2.0;express, http-errors;Транзитивная зависимость. Версию менять только через npm update / пересборку lockfile; самостоятельный апгрейд может нарушить peer-зависимости родителя.
shallow-clone;3.0.1;3.0.1;https://www.npmjs.com/package/shallow-clone;npm install shallow-clone@3.0.1;clone-deep;Транзитивная зависимость. Версию менять только через npm update / пересборку lockfile; самостоятельный апгрейд может нарушить peer-зависимости родителя.
shebang-command;2.0.0;2.0.0;https://www.npmjs.com/package/shebang-command;npm install shebang-command@2.0.0;cross-spawn;Транзитивная зависимость. Версию менять только через npm update / пересборку lockfile; самостоятельный апгрейд может нарушить peer-зависимости родителя.
shebang-regex;3.0.0;3.0.0;https://www.npmjs.com/package/shebang-regex;npm install shebang-regex@3.0.0;shebang-command;Транзитивная зависимость. Версию менять только через npm update / пересборку lockfile; самостоятельный апгрейд может нарушить peer-зависимости родителя.
shell-quote;1.10.0;1.10.0;https://www.npmjs.com/package/shell-quote;npm install shell-quote@1.10.0;launch-editor;Транзитивная зависимость. Версию менять только через npm update / пересборку lockfile; самостоятельный апгрейд может нарушить peer-зависимости родителя.
side-channel;1.1.1;1.1.1;https://www.npmjs.com/package/side-channel;npm install side-channel@1.1.1;qs;Транзитивная зависимость. Версию менять только через npm update / пересборку lockfile; самостоятельный апгрейд может нарушить peer-зависимости родителя.
side-channel-list;1.0.1;1.0.1;https://www.npmjs.com/package/side-channel-list;npm install side-channel-list@1.0.1;side-channel;Транзитивная зависимость. Версию менять только через npm update / пересборку lockfile; самостоятельный апгрейд может нарушить peer-зависимости родителя.
side-channel-map;1.0.1;1.0.1;https://www.npmjs.com/package/side-channel-map;npm install side-channel-map@1.0.1;side-channel, side-channel-weakmap;Транзитивная зависимость. Версию менять только через npm update / пересборку lockfile; самостоятельный апгрейд может нарушить peer-зависимости родителя.
side-channel-weakmap;1.0.2;1.0.2;https://www.npmjs.com/package/side-channel-weakmap;npm install side-channel-weakmap@1.0.2;side-channel;Транзитивная зависимость. Версию менять только через npm update / пересборку lockfile; самостоятельный апгрейд может нарушить peer-зависимости родителя.
signal-exit;4.1.0;4.1.0;https://www.npmjs.com/package/signal-exit;npm install signal-exit@4.1.0;@inquirer/core, execa, foreground-child, restore-cursor, write-file-atomic;Транзитивная зависимость. Версию менять только через npm update / пересборку lockfile; самостоятельный апгрейд может нарушить peer-зависимости родителя.
slash;3.0.0;3.0.0;https://www.npmjs.com/package/slash;npm install slash@3.0.0;@jest/console, @jest/core, @jest/reporters, @jest/test-sequencer, @jest/transform, babel-jest, jest-circus, jest-config, jest-message-util, jest-resolve, jest-runtime;Транзитивная зависимость. Версию менять только через npm update / пересборку lockfile; самостоятельный апгрейд может нарушить peer-зависимости родителя.
slice-ansi;9.0.0;9.0.0;https://www.npmjs.com/package/slice-ansi;npm install slice-ansi@9.0.0;cli-truncate, log-update;Транзитивная зависимость. Версию менять только через npm update / пересборку lockfile; самостоятельный апгрейд может нарушить peer-зависимости родителя.
sockjs;0.3.24;0.3.24;https://www.npmjs.com/package/sockjs;npm install sockjs@0.3.24;webpack-dev-server;Транзитивная зависимость. Версию менять только через npm update / пересборку lockfile; самостоятельный апгрейд может нарушить peer-зависимости родителя.
source-map;0.7.6;0.7.6;https://www.npmjs.com/package/source-map;npm install source-map@0.7.6;@angular-devkit/core, handlebars, resolve-url-loader, source-map-support;Транзитивная зависимость. Версию менять только через npm update / пересборку lockfile; самостоятельный апгрейд может нарушить peer-зависимости родителя.
source-map-js;1.2.1;1.2.1;https://www.npmjs.com/package/source-map-js;npm install source-map-js@1.2.1;css-tree, postcss, sass, source-map-loader;Транзитивная зависимость. Версию менять только через npm update / пересборку lockfile; самостоятельный апгрейд может нарушить peer-зависимости родителя.
source-map-loader;5.0.0;5.0.0;https://www.npmjs.com/package/source-map-loader;npm install source-map-loader@5.0.0;@angular-devkit/build-angular;Транзитивная зависимость. Версию менять только через npm update / пересборку lockfile; самостоятельный апгрейд может нарушить peer-зависимости родителя.
source-map-support;0.5.21;0.5.21;https://www.npmjs.com/package/source-map-support;npm install source-map-support@0.5.21;@angular-devkit/build-angular, @angular/build, karma-source-map-support, terser;Транзитивная зависимость. Версию менять только через npm update / пересборку lockfile; самостоятельный апгрейд может нарушить peer-зависимости родителя.
spdy;4.0.2;4.0.2;https://www.npmjs.com/package/spdy;npm install spdy@4.0.2;webpack-dev-server;Транзитивная зависимость. Версию менять только через npm update / пересборку lockfile; самостоятельный апгрейд может нарушить peer-зависимости родителя.
spdy-transport;3.0.0;3.0.0;https://www.npmjs.com/package/spdy-transport;npm install spdy-transport@3.0.0;spdy;Транзитивная зависимость. Версию менять только через npm update / пересборку lockfile; самостоятельный апгрейд может нарушить peer-зависимости родителя.
sprintf-js;1.0.3;1.0.3;https://www.npmjs.com/package/sprintf-js;npm install sprintf-js@1.0.3;argparse;Транзитивная зависимость. Версию менять только через npm update / пересборку lockfile; самостоятельный апгрейд может нарушить peer-зависимости родителя.
stack-utils;2.0.6;2.0.6;https://www.npmjs.com/package/stack-utils;npm install stack-utils@2.0.6;jest-circus, jest-message-util;Транзитивная зависимость. Версию менять только через npm update / пересборку lockfile; самостоятельный апгрейд может нарушить peer-зависимости родителя.
statuses;2.0.2;2.0.2;https://www.npmjs.com/package/statuses;npm install statuses@2.0.2;express, finalhandler, http-errors, send;Транзитивная зависимость. Версию менять только через npm update / пересборку lockfile; самостоятельный апгрейд может нарушить peer-зависимости родителя.
stdin-discarder;0.3.2;0.3.2;https://www.npmjs.com/package/stdin-discarder;npm install stdin-discarder@0.3.2;ora;Транзитивная зависимость. Версию менять только через npm update / пересборку lockfile; самостоятельный апгрейд может нарушить peer-зависимости родителя.
stream-parser;0.3.1;0.3.1;https://www.npmjs.com/package/stream-parser;npm install stream-parser@0.3.1;probe-image-size;Транзитивная зависимость. Версию менять только через npm update / пересборку lockfile; самостоятельный апгрейд может нарушить peer-зависимости родителя.
string_decoder;1.3.0;1.3.0;https://www.npmjs.com/package/string_decoder;npm install string_decoder@1.3.0;readable-stream;Транзитивная зависимость. Версию менять только через npm update / пересборку lockfile; самостоятельный апгрейд может нарушить peer-зависимости родителя.
string-length;4.0.2;4.0.2;https://www.npmjs.com/package/string-length;npm install string-length@4.0.2;@jest/reporters, jest-watcher;Транзитивная зависимость. Версию менять только через npm update / пересборку lockfile; самостоятельный апгрейд может нарушить peer-зависимости родителя.
string-width;8.2.2;8.2.2;https://www.npmjs.com/package/string-width;npm install string-width@8.2.2;@isaacs/cliui, cli-truncate, cliui, log-update, ora, wrap-ansi, wrap-ansi-cjs, yargs;Транзитивная зависимость. Версию менять только через npm update / пересборку lockfile; самостоятельный апгрейд может нарушить peer-зависимости родителя.
string-width-cjs;4.2.3;4.2.3;https://www.npmjs.com/package/string-width-cjs;npm install string-width-cjs@4.2.3;@isaacs/cliui;Транзитивная зависимость. Версию менять только через npm update / пересборку lockfile; самостоятельный апгрейд может нарушить peer-зависимости родителя.
strip-ansi;7.2.0;7.2.0;https://www.npmjs.com/package/strip-ansi;npm install strip-ansi@7.2.0;@isaacs/cliui, cliui, log-update, string-length, string-width, string-width-cjs, wrap-ansi, wrap-ansi-cjs;Транзитивная зависимость. Версию менять только через npm update / пересборку lockfile; самостоятельный апгрейд может нарушить peer-зависимости родителя.
strip-ansi-cjs;6.0.1;6.0.1;https://www.npmjs.com/package/strip-ansi-cjs;npm install strip-ansi-cjs@6.0.1;@isaacs/cliui;Транзитивная зависимость. Версию менять только через npm update / пересборку lockfile; самостоятельный апгрейд может нарушить peer-зависимости родителя.
strip-bom;4.0.0;4.0.0;https://www.npmjs.com/package/strip-bom;npm install strip-bom@4.0.0;jest-runtime;Транзитивная зависимость. Версию менять только через npm update / пересборку lockfile; самостоятельный апгрейд может нарушить peer-зависимости родителя.
strip-final-newline;2.0.0;2.0.0;https://www.npmjs.com/package/strip-final-newline;npm install strip-final-newline@2.0.0;execa;Транзитивная зависимость. Версию менять только через npm update / пересборку lockfile; самостоятельный апгрейд может нарушить peer-зависимости родителя.
strip-json-comments;3.1.1;3.1.1;https://www.npmjs.com/package/strip-json-comments;npm install strip-json-comments@3.1.1;@angular-eslint/schematics, jest-config;Транзитивная зависимость. Версию менять только через npm update / пересборку lockfile; самостоятельный апгрейд может нарушить peer-зависимости родителя.
supports-color;7.2.0;7.2.0;https://www.npmjs.com/package/supports-color;npm install supports-color@7.2.0;chalk, istanbul-lib-report, jest-worker;Транзитивная зависимость. Версию менять только через npm update / пересборку lockfile; самостоятельный апгрейд может нарушить peer-зависимости родителя.
symbol-tree;3.2.4;3.2.4;https://www.npmjs.com/package/symbol-tree;npm install symbol-tree@3.2.4;jsdom;Транзитивная зависимость. Версию менять только через npm update / пересборку lockfile; самостоятельный апгрейд может нарушить peer-зависимости родителя.
synckit;0.11.13;0.11.13;https://www.npmjs.com/package/synckit;npm install synckit@0.11.13;jest-snapshot;Транзитивная зависимость. Версию менять только через npm update / пересборку lockfile; самостоятельный апгрейд может нарушить peer-зависимости родителя.
tapable;2.3.0;2.3.0;https://www.npmjs.com/package/tapable;npm install tapable@2.3.0;@module-federation/enhanced, enhanced-resolve, mini-css-extract-plugin, webpack;Транзитивная зависимость. Версию менять только через npm update / пересборку lockfile; самостоятельный апгрейд может нарушить peer-зависимости родителя.
terser;5.49.0;5.49.0;https://www.npmjs.com/package/terser;npm install terser@5.49.0;@angular-devkit/build-angular, minimizer-webpack-plugin;Транзитивная зависимость. Версию менять только через npm update / пересборку lockfile; самостоятельный апгрейд может нарушить peer-зависимости родителя.
test-exclude;7.0.2;7.0.2;https://www.npmjs.com/package/test-exclude;npm install test-exclude@7.0.2;babel-plugin-istanbul;Транзитивная зависимость. Версию менять только через npm update / пересборку lockfile; самостоятельный апгрейд может нарушить peer-зависимости родителя.
thingies;2.6.1;2.6.1;https://www.npmjs.com/package/thingies;npm install thingies@2.6.1;@jsonjoy.com/fs-core, @jsonjoy.com/fs-fsa, @jsonjoy.com/fs-node, @jsonjoy.com/json-pack, memfs;Транзитивная зависимость. Версию менять только через npm update / пересборку lockfile; самостоятельный апгрейд может нарушить peer-зависимости родителя.
thunky;1.1.0;1.1.0;https://www.npmjs.com/package/thunky;npm install thunky@1.1.0;multicast-dns;Транзитивная зависимость. Версию менять только через npm update / пересборку lockfile; самостоятельный апгрейд может нарушить peer-зависимости родителя.
tinyglobby;0.2.17;0.2.17;https://www.npmjs.com/package/tinyglobby;npm install tinyglobby@0.2.17;@angular-devkit/build-angular, @angular/build, @angular/localize, @typescript-eslint/typescript-estree, copy-webpack-plugin, vite;Транзитивная зависимость. Версию менять только через npm update / пересборку lockfile; самостоятельный апгрейд может нарушить peer-зависимости родителя.
tldts;7.4.12;7.4.12;https://www.npmjs.com/package/tldts;npm install tldts@7.4.12;tough-cookie;Транзитивная зависимость. Версию менять только через npm update / пересборку lockfile; самостоятельный апгрейд может нарушить peer-зависимости родителя.
tldts-core;7.4.12;7.4.12;https://www.npmjs.com/package/tldts-core;npm install tldts-core@7.4.12;tldts;Транзитивная зависимость. Версию менять только через npm update / пересборку lockfile; самостоятельный апгрейд может нарушить peer-зависимости родителя.
to-regex-range;5.0.1;5.0.1;https://www.npmjs.com/package/to-regex-range;npm install to-regex-range@5.0.1;fill-range;Транзитивная зависимость. Версию менять только через npm update / пересборку lockfile; самостоятельный апгрейд может нарушить peer-зависимости родителя.
toidentifier;1.0.1;1.0.1;https://www.npmjs.com/package/toidentifier;npm install toidentifier@1.0.1;http-errors;Транзитивная зависимость. Версию менять только через npm update / пересборку lockfile; самостоятельный апгрейд может нарушить peer-зависимости родителя.
tough-cookie;6.0.2;6.0.2;https://www.npmjs.com/package/tough-cookie;npm install tough-cookie@6.0.2;jsdom;Транзитивная зависимость. Версию менять только через npm update / пересборку lockfile; самостоятельный апгрейд может нарушить peer-зависимости родителя.
tr46;6.0.0;6.0.0;https://www.npmjs.com/package/tr46;npm install tr46@6.0.0;whatwg-url;Транзитивная зависимость. Версию менять только через npm update / пересборку lockfile; самостоятельный апгрейд может нарушить peer-зависимости родителя.
tree-dump;1.1.0;1.1.0;https://www.npmjs.com/package/tree-dump;npm install tree-dump@1.1.0;@jsonjoy.com/fs-print, @jsonjoy.com/json-pack, memfs;Транзитивная зависимость. Версию менять только через npm update / пересборку lockfile; самостоятельный апгрейд может нарушить peer-зависимости родителя.
ts-api-utils;2.5.0;2.5.0;https://www.npmjs.com/package/ts-api-utils;npm install ts-api-utils@2.5.0;@angular-eslint/eslint-plugin, @typescript-eslint/eslint-plugin, @typescript-eslint/type-utils, @typescript-eslint/typescript-estree;Транзитивная зависимость. Версию менять только через npm update / пересборку lockfile; самостоятельный апгрейд может нарушить peer-зависимости родителя.
ts-jest;29.4.12;29.4.12;https://www.npmjs.com/package/ts-jest;npm install ts-jest@29.4.12;jest-preset-angular;Транзитивная зависимость. Версию менять только через npm update / пересборку lockfile; самостоятельный апгрейд может нарушить peer-зависимости родителя.
tsyringe;4.10.0;4.10.0;https://www.npmjs.com/package/tsyringe;npm install tsyringe@4.10.0;@peculiar/x509;Транзитивная зависимость. Версию менять только через npm update / пересборку lockfile; самостоятельный апгрейд может нарушить peer-зависимости родителя.
type-check;0.4.0;0.4.0;https://www.npmjs.com/package/type-check;npm install type-check@0.4.0;levn, optionator;Транзитивная зависимость. Версию менять только через npm update / пересборку lockfile; самостоятельный апгрейд может нарушить peer-зависимости родителя.
type-detect;4.0.8;4.0.8;https://www.npmjs.com/package/type-detect;npm install type-detect@4.0.8;@sinonjs/commons;Транзитивная зависимость. Версию менять только через npm update / пересборку lockfile; самостоятельный апгрейд может нарушить peer-зависимости родителя.
type-fest;0.21.3;0.21.3;https://www.npmjs.com/package/type-fest;npm install type-fest@0.21.3;ansi-escapes, ts-jest;Транзитивная зависимость. Версию менять только через npm update / пересборку lockfile; самостоятельный апгрейд может нарушить peer-зависимости родителя.
type-is;2.1.0;2.1.0;https://www.npmjs.com/package/type-is;npm install type-is@2.1.0;body-parser, express;Транзитивная зависимость. Версию менять только через npm update / пересборку lockfile; самостоятельный апгрейд может нарушить peer-зависимости родителя.
typed-assert;1.0.9;1.0.9;https://www.npmjs.com/package/typed-assert;npm install typed-assert@1.0.9;webpack-subresource-integrity;Транзитивная зависимость. Версию менять только через npm update / пересборку lockfile; самостоятельный апгрейд может нарушить peer-зависимости родителя.
uglify-js;3.19.3;3.19.3;https://www.npmjs.com/package/uglify-js;npm install uglify-js@3.19.3;transitive (не определено по lockfile);Транзитивная зависимость. Версию менять только через npm update / пересборку lockfile; самостоятельный апгрейд может нарушить peer-зависимости родителя.
undici;7.29.0;7.29.0;https://www.npmjs.com/package/undici;npm install undici@7.29.0;@module-federation/dts-plugin, jsdom;Транзитивная зависимость. Версию менять только через npm update / пересборку lockfile; самостоятельный апгрейд может нарушить peer-зависимости родителя.
undici-types;6.21.0;6.21.0;https://www.npmjs.com/package/undici-types;npm install undici-types@6.21.0;@types/jsdom, @types/node;Транзитивная зависимость. Версию менять только через npm update / пересборку lockfile; самостоятельный апгрейд может нарушить peer-зависимости родителя.
unicode-canonical-property-names-ecmascript;2.0.1;2.0.1;https://www.npmjs.com/package/unicode-canonical-property-names-ecmascript;npm install unicode-canonical-property-names-ecmascript@2.0.1;unicode-match-property-ecmascript;Транзитивная зависимость. Версию менять только через npm update / пересборку lockfile; самостоятельный апгрейд может нарушить peer-зависимости родителя.
unicode-match-property-ecmascript;2.0.0;2.0.0;https://www.npmjs.com/package/unicode-match-property-ecmascript;npm install unicode-match-property-ecmascript@2.0.0;regexpu-core;Транзитивная зависимость. Версию менять только через npm update / пересборку lockfile; самостоятельный апгрейд может нарушить peer-зависимости родителя.
unicode-match-property-value-ecmascript;2.2.1;2.2.1;https://www.npmjs.com/package/unicode-match-property-value-ecmascript;npm install unicode-match-property-value-ecmascript@2.2.1;regexpu-core;Транзитивная зависимость. Версию менять только через npm update / пересборку lockfile; самостоятельный апгрейд может нарушить peer-зависимости родителя.
unicode-property-aliases-ecmascript;2.2.0;2.2.0;https://www.npmjs.com/package/unicode-property-aliases-ecmascript;npm install unicode-property-aliases-ecmascript@2.2.0;unicode-match-property-ecmascript;Транзитивная зависимость. Версию менять только через npm update / пересборку lockfile; самостоятельный апгрейд может нарушить peer-зависимости родителя.
unpipe;1.0.0;1.0.0;https://www.npmjs.com/package/unpipe;npm install unpipe@1.0.0;body-parser, finalhandler, raw-body;Транзитивная зависимость. Версию менять только через npm update / пересборку lockfile; самостоятельный апгрейд может нарушить peer-зависимости родителя.
unrs-resolver;1.12.2;1.12.2;https://www.npmjs.com/package/unrs-resolver;npm install unrs-resolver@1.12.2;jest-resolve;Транзитивная зависимость. Версию менять только через npm update / пересборку lockfile; самостоятельный апгрейд может нарушить peer-зависимости родителя.
update-browserslist-db;1.3.3;1.3.3;https://www.npmjs.com/package/update-browserslist-db;npm install update-browserslist-db@1.3.3;browserslist;Транзитивная зависимость. Версию менять только через npm update / пересборку lockfile; самостоятельный апгрейд может нарушить peer-зависимости родителя.
uri-js;4.4.1;4.4.1;https://www.npmjs.com/package/uri-js;npm install uri-js@4.4.1;ajv;Транзитивная зависимость. Версию менять только через npm update / пересборку lockfile; самостоятельный апгрейд может нарушить peer-зависимости родителя.
util-deprecate;1.0.2;1.0.2;https://www.npmjs.com/package/util-deprecate;npm install util-deprecate@1.0.2;postcss-selector-parser, readable-stream;Транзитивная зависимость. Версию менять только через npm update / пересборку lockfile; самостоятельный апгрейд может нарушить peer-зависимости родителя.
utils-merge;1.0.1;1.0.1;https://www.npmjs.com/package/utils-merge;npm install utils-merge@1.0.1;express;Транзитивная зависимость. Версию менять только через npm update / пересборку lockfile; самостоятельный апгрейд может нарушить peer-зависимости родителя.
uuid;8.3.2;8.3.2;https://www.npmjs.com/package/uuid;npm install uuid@8.3.2;sockjs;Транзитивная зависимость. Версию менять только через npm update / пересборку lockfile; самостоятельный апгрейд может нарушить peer-зависимости родителя.
v8-to-istanbul;9.3.0;9.3.0;https://www.npmjs.com/package/v8-to-istanbul;npm install v8-to-istanbul@9.3.0;@jest/reporters;Транзитивная зависимость. Версию менять только через npm update / пересборку lockfile; самостоятельный апгрейд может нарушить peer-зависимости родителя.
validate-npm-package-name;8.0.0;8.0.0;https://www.npmjs.com/package/validate-npm-package-name;npm install validate-npm-package-name@8.0.0;npm-package-arg;Транзитивная зависимость. Версию менять только через npm update / пересборку lockfile; самостоятельный апгрейд может нарушить peer-зависимости родителя.
vary;1.1.2;1.1.2;https://www.npmjs.com/package/vary;npm install vary@1.1.2;compression, cors, express;Транзитивная зависимость. Версию менять только через npm update / пересборку lockfile; самостоятельный апгрейд может нарушить peer-зависимости родителя.
verkit;0.3.2;0.3.2;https://www.npmjs.com/package/verkit;npm install verkit@0.3.2;@babel/helper-compilation-targets, @babel/helper-create-class-features-plugin, @babel/helper-create-regexp-features-plugin;Транзитивная зависимость. Версию менять только через npm update / пересборку lockfile; самостоятельный апгрейд может нарушить peer-зависимости родителя.
vite;8.1.5;8.1.5;https://www.npmjs.com/package/vite;npm install vite@8.1.5;@angular/build;Транзитивная зависимость. Версию менять только через npm update / пересборку lockfile; самостоятельный апгрейд может нарушить peer-зависимости родителя.
w3c-xmlserializer;5.0.0;5.0.0;https://www.npmjs.com/package/w3c-xmlserializer;npm install w3c-xmlserializer@5.0.0;jsdom;Транзитивная зависимость. Версию менять только через npm update / пересборку lockfile; самостоятельный апгрейд может нарушить peer-зависимости родителя.
watchpack;2.5.2;2.5.2;https://www.npmjs.com/package/watchpack;npm install watchpack@2.5.2;@angular-architects/native-federation, @angular/build, webpack;Транзитивная зависимость. Версию менять только через npm update / пересборку lockfile; самостоятельный апгрейд может нарушить peer-зависимости родителя.
wbuf;1.7.3;1.7.3;https://www.npmjs.com/package/wbuf;npm install wbuf@1.7.3;hpack.js, spdy-transport;Транзитивная зависимость. Версию менять только через npm update / пересборку lockfile; самостоятельный апгрейд может нарушить peer-зависимости родителя.
weak-lru-cache;1.2.2;1.2.2;https://www.npmjs.com/package/weak-lru-cache;npm install weak-lru-cache@1.2.2;lmdb;Транзитивная зависимость. Версию менять только через npm update / пересборку lockfile; самостоятельный апгрейд может нарушить peer-зависимости родителя.
web-streams-polyfill;3.3.3;3.3.3;https://www.npmjs.com/package/web-streams-polyfill;npm install web-streams-polyfill@3.3.3;fetch-blob;Транзитивная зависимость. Версию менять только через npm update / пересборку lockfile; самостоятельный апгрейд может нарушить peer-зависимости родителя.
webidl-conversions;8.0.1;8.0.1;https://www.npmjs.com/package/webidl-conversions;npm install webidl-conversions@8.0.1;jsdom, whatwg-url;Транзитивная зависимость. Версию менять только через npm update / пересборку lockfile; самостоятельный апгрейд может нарушить peer-зависимости родителя.
webpack;5.109.2;5.109.2;https://www.npmjs.com/package/webpack;npm install webpack@5.109.2;@angular-devkit/build-angular;Транзитивная зависимость. Версию менять только через npm update / пересборку lockfile; самостоятельный апгрейд может нарушить peer-зависимости родителя.
webpack-dev-middleware;8.0.3;8.0.3;https://www.npmjs.com/package/webpack-dev-middleware;npm install webpack-dev-middleware@8.0.3;@angular-devkit/build-angular, webpack-dev-server;Транзитивная зависимость. Версию менять только через npm update / пересборку lockfile; самостоятельный апгрейд может нарушить peer-зависимости родителя.
webpack-dev-server;5.2.6;5.2.6;https://www.npmjs.com/package/webpack-dev-server;npm install webpack-dev-server@5.2.6;@angular-devkit/build-angular;Транзитивная зависимость. Версию менять только через npm update / пересборку lockfile; самостоятельный апгрейд может нарушить peer-зависимости родителя.
webpack-merge;6.0.1;6.0.1;https://www.npmjs.com/package/webpack-merge;npm install webpack-merge@6.0.1;@angular-devkit/build-angular;Транзитивная зависимость. Версию менять только через npm update / пересборку lockfile; самостоятельный апгрейд может нарушить peer-зависимости родителя.
webpack-sources;3.5.1;3.5.1;https://www.npmjs.com/package/webpack-sources;npm install webpack-sources@3.5.1;license-webpack-plugin, webpack;Транзитивная зависимость. Версию менять только через npm update / пересборку lockfile; самостоятельный апгрейд может нарушить peer-зависимости родителя.
webpack-subresource-integrity;5.1.0;5.1.0;https://www.npmjs.com/package/webpack-subresource-integrity;npm install webpack-subresource-integrity@5.1.0;@angular-devkit/build-angular;Транзитивная зависимость. Версию менять только через npm update / пересборку lockfile; самостоятельный апгрейд может нарушить peer-зависимости родителя.
websocket-driver;0.7.5;0.7.5;https://www.npmjs.com/package/websocket-driver;npm install websocket-driver@0.7.5;faye-websocket, sockjs;Транзитивная зависимость. Версию менять только через npm update / пересборку lockfile; самостоятельный апгрейд может нарушить peer-зависимости родителя.
websocket-extensions;0.1.4;0.1.4;https://www.npmjs.com/package/websocket-extensions;npm install websocket-extensions@0.1.4;websocket-driver;Транзитивная зависимость. Версию менять только через npm update / пересборку lockfile; самостоятельный апгрейд может нарушить peer-зависимости родителя.
whatwg-encoding;3.1.1;3.1.1;https://www.npmjs.com/package/whatwg-encoding;npm install whatwg-encoding@3.1.1;html-encoding-sniffer, jsdom;Транзитивная зависимость. Версию менять только через npm update / пересборку lockfile; самостоятельный апгрейд может нарушить peer-зависимости родителя.
whatwg-mimetype;5.0.0;5.0.0;https://www.npmjs.com/package/whatwg-mimetype;npm install whatwg-mimetype@5.0.0;data-urls, jsdom;Транзитивная зависимость. Версию менять только через npm update / пересборку lockfile; самостоятельный апгрейд может нарушить peer-зависимости родителя.
whatwg-url;17.1.1;17.1.1;https://www.npmjs.com/package/whatwg-url;npm install whatwg-url@17.1.1;data-urls, jsdom;Транзитивная зависимость. Версию менять только через npm update / пересборку lockfile; самостоятельный апгрейд может нарушить peer-зависимости родителя.
which;2.0.2;2.0.2;https://www.npmjs.com/package/which;npm install which@2.0.2;cross-spawn;Транзитивная зависимость. Версию менять только через npm update / пересборку lockfile; самостоятельный апгрейд может нарушить peer-зависимости родителя.
wildcard;2.0.1;2.0.1;https://www.npmjs.com/package/wildcard;npm install wildcard@2.0.1;webpack-merge;Транзитивная зависимость. Версию менять только через npm update / пересборку lockfile; самостоятельный апгрейд может нарушить peer-зависимости родителя.
word-wrap;1.2.5;1.2.5;https://www.npmjs.com/package/word-wrap;npm install word-wrap@1.2.5;@angular-architects/module-federation, optionator;Транзитивная зависимость. Версию менять только через npm update / пересборку lockfile; самостоятельный апгрейд может нарушить peer-зависимости родителя.
wordwrap;1.0.0;1.0.0;https://www.npmjs.com/package/wordwrap;npm install wordwrap@1.0.0;handlebars;Транзитивная зависимость. Версию менять только через npm update / пересборку lockfile; самостоятельный апгрейд может нарушить peer-зависимости родителя.
wrap-ansi;10.0.1;10.0.1;https://www.npmjs.com/package/wrap-ansi;npm install wrap-ansi@10.0.1;@isaacs/cliui, cliui, listr2, log-update;Транзитивная зависимость. Версию менять только через npm update / пересборку lockfile; самостоятельный апгрейд может нарушить peer-зависимости родителя.
wrap-ansi-cjs;7.0.0;7.0.0;https://www.npmjs.com/package/wrap-ansi-cjs;npm install wrap-ansi-cjs@7.0.0;@isaacs/cliui;Транзитивная зависимость. Версию менять только через npm update / пересборку lockfile; самостоятельный апгрейд может нарушить peer-зависимости родителя.
wrappy;1.0.2;1.0.2;https://www.npmjs.com/package/wrappy;npm install wrappy@1.0.2;once;Транзитивная зависимость. Версию менять только через npm update / пересборку lockfile; самостоятельный апгрейд может нарушить peer-зависимости родителя.
write-file-atomic;5.0.1;5.0.1;https://www.npmjs.com/package/write-file-atomic;npm install write-file-atomic@5.0.1;@jest/transform;Транзитивная зависимость. Версию менять только через npm update / пересборку lockfile; самостоятельный апгрейд может нарушить peer-зависимости родителя.
ws;8.21.0;8.21.0;https://www.npmjs.com/package/ws;npm install ws@8.21.0;@module-federation/dts-plugin, jsdom, webpack-dev-server;Транзитивная зависимость. Версию менять только через npm update / пересборку lockfile; самостоятельный апгрейд может нарушить peer-зависимости родителя.
wsl-utils;0.3.1;0.3.1;https://www.npmjs.com/package/wsl-utils;npm install wsl-utils@0.3.1;open;Транзитивная зависимость. Версию менять только через npm update / пересборку lockfile; самостоятельный апгрейд может нарушить peer-зависимости родителя.
xml-name-validator;5.0.0;5.0.0;https://www.npmjs.com/package/xml-name-validator;npm install xml-name-validator@5.0.0;jsdom, w3c-xmlserializer;Транзитивная зависимость. Версию менять только через npm update / пересборку lockfile; самостоятельный апгрейд может нарушить peer-зависимости родителя.
xmlchars;2.2.0;2.2.0;https://www.npmjs.com/package/xmlchars;npm install xmlchars@2.2.0;saxes;Транзитивная зависимость. Версию менять только через npm update / пересборку lockfile; самостоятельный апгрейд может нарушить peer-зависимости родителя.
y18n;5.0.8;5.0.8;https://www.npmjs.com/package/y18n;npm install y18n@5.0.8;yargs;Транзитивная зависимость. Версию менять только через npm update / пересборку lockfile; самостоятельный апгрейд может нарушить peer-зависимости родителя.
yallist;3.1.1;3.1.1;https://www.npmjs.com/package/yallist;npm install yallist@3.1.1;lru-cache;Транзитивная зависимость. Версию менять только через npm update / пересборку lockfile; самостоятельный апгрейд может нарушить peer-зависимости родителя.
yargs;18.1.0;18.1.0;https://www.npmjs.com/package/yargs;npm install yargs@18.1.0;@angular/cli, @angular/compiler-cli, @angular/localize, jest-cli;Транзитивная зависимость. Версию менять только через npm update / пересборку lockfile; самостоятельный апгрейд может нарушить peer-зависимости родителя.
yargs-parser;22.0.0;22.0.0;https://www.npmjs.com/package/yargs-parser;npm install yargs-parser@22.0.0;ts-jest, yargs;Транзитивная зависимость. Версию менять только через npm update / пересборку lockfile; самостоятельный апгрейд может нарушить peer-зависимости родителя.
yocto-queue;0.1.0;0.1.0;https://www.npmjs.com/package/yocto-queue;npm install yocto-queue@0.1.0;p-limit;Транзитивная зависимость. Версию менять только через npm update / пересборку lockfile; самостоятельный апгрейд может нарушить peer-зависимости родителя.
yoctocolors;2.2.0;2.2.0;https://www.npmjs.com/package/yoctocolors;npm install yoctocolors@2.2.0;log-symbols;Транзитивная зависимость. Версию менять только через npm update / пересборку lockfile; самостоятельный апгрейд может нарушить peer-зависимости родителя.
zod;4.4.3;4.4.3;https://www.npmjs.com/package/zod;npm install zod@4.4.3;@angular/cli, @angular/forms, @modelcontextprotocol/sdk;Транзитивная зависимость. Версию менять только через npm update / пересборку lockfile; самостоятельный апгрейд может нарушить peer-зависимости родителя.
zod-to-json-schema;3.25.2;3.25.2;https://www.npmjs.com/package/zod-to-json-schema;npm install zod-to-json-schema@3.25.2;@modelcontextprotocol/sdk;Транзитивная зависимость. Версию менять только через npm update / пересборку lockfile; самостоятельный апгрейд может нарушить peer-зависимости родителя.